configuration,problem,model,data_file,status,time,peakDepth,nodes,variables,intVars,boolVariables,objective,propagations,initTime,method,baseMem,restarts,nSolutions,flatBoolVars,randomSeed,evaluatedHalfReifiedConstraints,flatIntConstraints,solver_objective,backjumps,solveTime,flatIntVars,nogoods,flatTime,peakMem,flatBoolConstraints,failures,run,trailMem,eliminatedImplications,paths,propagators,optTime,evaluatedReifiedConstraints
Chuffed Prop,jobshop,jobshop/jobshop_gini.mzn,jobshop/dzn/ta77_7a_alloc1.dzn:jobshop/generated_bounds/MaxEffGini/ta77_7a_alloc1_MaxEffGini.dzn,SATISFIED,1200.6917970366776,,,,,,-43567,,,minimize,,,125,6100,,4100,18215,,,,8095,,1.87737,,8000,,MaxEff,,2100,0,,,4000
Chuffed BB,jobshop,jobshop/jobshop_gini.mzn,jobshop/dzn/ta39_3a_alloc1.dzn:jobshop/generated_bounds/MaxEffGini/ta39_3a_alloc1_MaxEffGini.dzn,SATISFIED,1200.4973618984222,458,1844484,181823,1830,179991,-8323,470118711,0.083,minimize,0.0,24,24,1380,-258965482,930,4124,-8323,1065271,1199.487,1829,768056,0.513259,0.0,1800,768056,MaxEff,0.94,480,0,2293,131.698,900
Chuffed BBval,jobshop,jobshop/jobshop_gini.mzn,jobshop/dzn/ta44_3a_alloc1.dzn:jobshop/generated_bounds/MaxEffGini/ta44_3a_alloc1_MaxEffGini.dzn,SATISFIED,1200.563017508015,611,2406413,241796,2433,239361,-10580,468977890,0.109,minimize,0.0,19,19,1830,1052575121,1230,5481,-10580,1688892,1199.337,2431,705604,0.665094,0.0,2400,705604,MaxEff,0.94,630,0,3052,20.42,1200
Chuffed Prop,jobshop,jobshop/jobshop_gini.mzn,jobshop/dzn/ta60_5a_alloc1.dzn:jobshop/generated_bounds/MaxEffGini/ta60_5a_alloc1_MaxEffGini.dzn,SATISFIED,1200.423274628818,,,,,,-15916,,,minimize,,,80,2300,,1550,6868,,,,3053,,0.770061,,3000,,MaxEff,,800,0,,,1500
Chuffed BB,jobshop,jobshop/jobshop_gini.mzn,jobshop/dzn/ta69_5a_alloc1.dzn:jobshop/generated_bounds/MaxEffGini/ta69_5a_alloc1_MaxEffGini.dzn,SATISFIED,1200.787754021585,1017,2867765,418946,4051,414893,-21599,249127674,0.19,minimize,0.0,47,47,3050,-2068487972,2050,9120,-21599,2192780,1198.983,4050,626652,1.01452,0.0,4000,626652,MaxEff,1.41,1050,0,5070,568.804,2000
Chuffed Prop,jobshop,jobshop/jobshop_gini.mzn,jobshop/dzn/ta75_5a_alloc1.dzn:jobshop/generated_bounds/MaxEffGini/ta75_5a_alloc1_MaxEffGini.dzn,SATISFIED,1200.6896576937288,,,,,,-44353,,,minimize,,,130,6100,,4100,18203,,,,8083,,1.88306,,8000,,MaxEff,,2100,0,,,4000
Chuffed BB,jobshop,jobshop/jobshop_gini.mzn,jobshop/dzn/ta45_3a_alloc1.dzn:jobshop/generated_bounds/MaxEffGini/ta45_3a_alloc1_MaxEffGini.dzn,SATISFIED,1200.5795410107821,610,2893732,259749,2429,257318,-10854,497386704,0.119,minimize,0.0,23,23,1830,-1344047004,1230,5478,-10854,2210267,1199.391,2428,669659,0.607686,0.0,2400,669659,MaxEff,0.94,630,0,3046,640.596,1200
Chuffed BBval,jobshop,jobshop/jobshop_gini.mzn,jobshop/dzn/ta56_5a_alloc1.dzn:jobshop/generated_bounds/MaxEffGini/ta56_5a_alloc1_MaxEffGini.dzn,SATISFIED,1200.5871653147042,764,3165847,278029,3050,274977,-15896,265676063,0.138,minimize,0.0,51,51,2300,-604358615,1550,6863,-15896,2286591,1199.228,3048,839853,0.771275,0.0,3000,839853,MaxEff,0.94,800,0,3811,4.904,1500
Chuffed BBval,jobshop,jobshop/jobshop_gini.mzn,jobshop/dzn/ta71_9a_alloc1.dzn:jobshop/generated_bounds/MaxEffGini/ta71_9a_alloc1_MaxEffGini.dzn,SATISFIED,1201.4610388502479,2018,3002331,1581673,8095,1573576,-44233,188628385,0.378,minimize,0.0,191,191,6100,888096063,4100,18213,-44233,2236398,1198.108,8093,379436,1.89023,0.0,8000,379436,MaxEff,3.16,2100,0,10106,1116.22,4000
Chuffed Prop,jobshop,jobshop/jobshop_gini.mzn,jobshop/dzn/ta80_7a_alloc1.dzn:jobshop/generated_bounds/MaxEffGini/ta80_7a_alloc1_MaxEffGini.dzn,SATISFIED,1200.6710601076484,,,,,,-42044,,,minimize,,,141,6100,,4100,18210,,,,8090,,1.93406,,8000,,MaxEff,,2100,0,,,4000
Chuffed Prop,jobshop,jobshop/jobshop_gini.mzn,jobshop/dzn/ta80_8a_alloc1.dzn:jobshop/generated_bounds/MaxEffGini/ta80_8a_alloc1_MaxEffGini.dzn,SATISFIED,1200.6724907010794,,,,,,-42044,,,minimize,,,148,6100,,4100,18211,,,,8091,,1.86823,,8000,,MaxEff,,2100,0,,,4000
Chuffed Prop,jobshop,jobshop/jobshop_gini.mzn,jobshop/dzn/ta77_10a_alloc1.dzn:jobshop/generated_bounds/MaxEffGini/ta77_10a_alloc1_MaxEffGini.dzn,SATISFIED,1200.6426760088652,,,,,,-24168,,,minimize,,,81,6100,,4100,18218,,,,8098,,1.92738,,8000,,MaxEff,,2100,0,,,4000
Chuffed BBval,jobshop,jobshop/jobshop_gini.mzn,jobshop/dzn/ta79_6a_alloc1.dzn:jobshop/generated_bounds/MaxEffGini/ta79_6a_alloc1_MaxEffGini.dzn,SATISFIED,1201.0886204056442,2016,11825100,415345,8088,407255,-16787,878841000,0.383,minimize,0.0,56,56,6100,-2112228077,4100,18206,-16787,11225516,1198.122,8086,485282,1.87845,0.0,8000,485282,MaxEff,0.94,2100,0,10092,835.781,4000
Chuffed Prop,jobshop,jobshop/jobshop_gini.mzn,jobshop/dzn/ta45_3a_alloc1.dzn:jobshop/generated_bounds/MaxEffGini/ta45_3a_alloc1_MaxEffGini.dzn,SATISFIED,1200.4165330193937,,,,,,-10854,,,minimize,,,23,1830,,1230,5478,,,,2428,,0.647337,,2400,,MaxEff,,630,0,,,1200
Chuffed BBval,jobshop,jobshop/jobshop_gini.mzn,jobshop/dzn/ta64_5a_alloc1.dzn:jobshop/generated_bounds/MaxEffGini/ta64_5a_alloc1_MaxEffGini.dzn,SATISFIED,1200.7882468346506,1016,2973036,332093,4041,328050,-17385,358828684,0.185,minimize,0.0,75,75,3050,1097541544,2050,9109,-17385,2168453,1198.997,4039,727902,1.00345,0.0,4000,727902,MaxEff,0.94,1050,0,5048,10.87,2000
Chuffed BBval,jobshop,jobshop/jobshop_gini.mzn,jobshop/dzn/ta53_5a_alloc1.dzn:jobshop/generated_bounds/MaxEffGini/ta53_5a_alloc1_MaxEffGini.dzn,SATISFIED,1200.6098940074444,765,3178774,239700,3052,236646,-15127,260196362,0.138,minimize,0.0,42,42,2300,1924013067,1550,6865,-15127,2177258,1199.222,3050,968937,0.779887,0.0,3000,968937,MaxEff,0.94,800,0,3815,10.613,1500
Chuffed Prop,jobshop,jobshop/jobshop_gini.mzn,jobshop/dzn/ta54_3a_alloc1.dzn:jobshop/generated_bounds/MaxEffGini/ta54_3a_alloc1_MaxEffGini.dzn,SATISFIED,1200.4502085279673,,,,,,-15857,,,minimize,,,48,2300,,1550,6865,,,,3050,,0.76708,,3000,,MaxEff,,800,0,,,1500
Chuffed BB,jobshop,jobshop/jobshop_gini.mzn,jobshop/dzn/ta54_3a_alloc1.dzn:jobshop/generated_bounds/MaxEffGini/ta54_3a_alloc1_MaxEffGini.dzn,SATISFIED,1200.7165488954633,763,2616187,317381,3051,314328,-15857,296829476,0.14,minimize,0.0,48,48,2300,933319647,1550,6865,-15857,1961390,1199.238,3050,617785,0.761368,0.0,3000,617785,MaxEff,0.94,800,0,3815,7.429,1500
Chuffed Prop,jobshop,jobshop/jobshop_gini.mzn,jobshop/dzn/ta37_3a_alloc1.dzn:jobshop/generated_bounds/MaxEffGini/ta37_3a_alloc1_MaxEffGini.dzn,SATISFIED,1200.399868844077,,,,,,-8284,,,minimize,,,25,1380,,930,4128,,,,1833,,0.51092,,1800,,MaxEff,,480,0,,,900
Chuffed BB,jobshop,jobshop/jobshop_gini.mzn,jobshop/dzn/ta78_6a_alloc1.dzn:jobshop/generated_bounds/MaxEffGini/ta78_6a_alloc1_MaxEffGini.dzn,SATISFIED,1201.430297177285,2021,2044017,1532582,8088,1524492,-43882,228310824,0.381,minimize,0.0,228,228,6100,-1749096366,4100,18207,-43882,1283800,1198.108,8087,298640,1.8924,0.0,8000,298640,MaxEff,3.16,2100,0,10094,241.951,4000
Chuffed BBval,jobshop,jobshop/jobshop_gini.mzn,jobshop/dzn/ta67_3a_alloc1.dzn:jobshop/generated_bounds/MaxEffGini/ta67_3a_alloc1_MaxEffGini.dzn,SATISFIED,1200.7921135444194,1010,1600622,363452,4048,359402,-18895,326152427,0.184,minimize,0.0,52,52,3050,-1886529798,2050,9116,-18895,1064859,1198.966,4046,482608,1.031979,0.0,4000,482608,MaxEff,0.94,1050,0,5062,28.671,2000
Chuffed BBval,jobshop,jobshop/jobshop_gini.mzn,jobshop/dzn/ta48_3a_alloc1.dzn:jobshop/generated_bounds/MaxEffGini/ta48_3a_alloc1_MaxEffGini.dzn,SATISFIED,1200.6347302608192,605,3550519,256006,2433,253571,-10459,480904823,0.112,minimize,0.0,29,29,1830,65543590,1230,5481,-10459,2950045,1199.352,2431,583458,0.646284,0.0,2400,583458,MaxEff,0.94,630,0,3052,1105.774,1200
Chuffed Prop,jobshop,jobshop/jobshop_gini.mzn,jobshop/dzn/ta55_4a_alloc1.dzn:jobshop/generated_bounds/MaxEffGini/ta55_4a_alloc1_MaxEffGini.dzn,SATISFIED,1200.4886549357325,,,,,,-12972,,,minimize,,,43,2300,,1550,6863,,,,3048,,0.769792,,3000,,MaxEff,,800,0,,,1500
Chuffed BB,jobshop,jobshop/jobshop_gini.mzn,jobshop/dzn/ta64_4a_alloc1.dzn:jobshop/generated_bounds/MaxEffGini/ta64_4a_alloc1_MaxEffGini.dzn,SATISFIED,1200.8254131730646,1017,2604232,348366,4039,344325,-18502,279973161,0.186,minimize,0.0,50,50,3050,-174568820,2050,9108,-18502,1892544,1198.928,4038,660302,1.07015,0.0,4000,660302,MaxEff,1.41,1050,0,5046,222.218,2000
Chuffed BBval,jobshop,jobshop/jobshop_gini.mzn,jobshop/dzn/ta51_3a_alloc1.dzn:jobshop/generated_bounds/MaxEffGini/ta51_3a_alloc1_MaxEffGini.dzn,SATISFIED,1200.549216940999,763,4389293,231140,3052,228086,-14889,312469091,0.138,minimize,0.0,56,56,2300,874719690,1550,6865,-14889,3191087,1199.236,3050,1155055,0.761648,0.0,3000,1155055,MaxEff,0.63,800,0,3815,3.386,1500
Chuffed Prop,jobshop,jobshop/jobshop_gini.mzn,jobshop/dzn/ta50_2a_alloc1.dzn:jobshop/generated_bounds/MaxEffGini/ta50_2a_alloc1_MaxEffGini.dzn,SATISFIED,1200.3632801491767,,,,,,-10191,,,minimize,,,32,1830,,1230,5482,,,,2432,,0.678117,,2400,,MaxEff,,630,0,,,1200
Chuffed Prop,jobshop,jobshop/jobshop_gini.mzn,jobshop/dzn/ta46_3a_alloc1.dzn:jobshop/generated_bounds/MaxEffGini/ta46_3a_alloc1_MaxEffGini.dzn,SATISFIED,1200.412315407768,,,,,,-10385,,,minimize,,,23,1830,,1230,5482,,,,2432,,0.648148,,2400,,MaxEff,,630,0,,,1200
Chuffed Prop,jobshop,jobshop/jobshop_gini.mzn,jobshop/dzn/ta58_5a_alloc1.dzn:jobshop/generated_bounds/MaxEffGini/ta58_5a_alloc1_MaxEffGini.dzn,SATISFIED,1200.42455018498,,,,,,-16354,,,minimize,,,55,2300,,1550,6870,,,,3055,,0.775079,,3000,,MaxEff,,800,0,,,1500
Chuffed Prop,jobshop,jobshop/jobshop_gini.mzn,jobshop/dzn/ta79_8a_alloc1.dzn:jobshop/generated_bounds/MaxEffGini/ta79_8a_alloc1_MaxEffGini.dzn,SATISFIED,1200.6651501953602,,,,,,-44118,,,minimize,,,154,6100,,4100,18208,,,,8088,,1.88485,,8000,,MaxEff,,2100,0,,,4000
Chuffed BB,jobshop,jobshop/jobshop_gini.mzn,jobshop/dzn/ta53_4a_alloc1.dzn:jobshop/generated_bounds/MaxEffGini/ta53_4a_alloc1_MaxEffGini.dzn,SATISFIED,1200.6478169132024,766,3636714,242057,3050,239005,-15121,259364671,0.141,minimize,0.0,48,48,2300,-1723545154,1550,6864,-15121,2559612,1199.229,3049,1039934,0.769519,0.0,3000,1039934,MaxEff,0.94,800,0,3813,5.333,1500
Chuffed Prop,jobshop,jobshop/jobshop_gini.mzn,jobshop/dzn/ta73_7a_alloc1.dzn:jobshop/generated_bounds/MaxEffGini/ta73_7a_alloc1_MaxEffGini.dzn,SATISFIED,1200.7850992642343,,,,,,-45238,,,minimize,,,117,6100,,4100,18211,,,,8091,,2.01325,,8000,,MaxEff,,2100,0,,,4000
Chuffed BBval,jobshop,jobshop/jobshop_gini.mzn,jobshop/dzn/ta78_10a_alloc1.dzn:jobshop/generated_bounds/MaxEffGini/ta78_10a_alloc1_MaxEffGini.dzn,SATISFIED,1201.3766148127615,2020,1670473,1390885,8093,1382790,-43882,183383934,0.388,minimize,0.0,132,132,6100,-1851701144,4100,18211,-43882,1103112,1198.08,8091,299362,1.92131,0.0,8000,299362,MaxEff,3.16,2100,0,10102,82.973,4000
Chuffed BB,jobshop,jobshop/jobshop_gini.mzn,jobshop/dzn/ta68_4a_alloc1.dzn:jobshop/generated_bounds/MaxEffGini/ta68_4a_alloc1_MaxEffGini.dzn,SATISFIED,1200.7315037045628,1014,1519657,345685,4046,341637,-18487,388276028,0.185,minimize,0.0,43,43,3050,1486205815,2050,9115,-18487,964037,1199.0,4045,511428,0.999193,0.0,4000,511428,MaxEff,0.94,1050,0,5060,41.274,2000
Chuffed Prop,jobshop,jobshop/jobshop_gini.mzn,jobshop/dzn/ta49_3a_alloc1.dzn:jobshop/generated_bounds/MaxEffGini/ta49_3a_alloc1_MaxEffGini.dzn,SATISFIED,1200.4183261282742,,,,,,-9670,,,minimize,,,28,1830,,1230,5480,,,,2430,,0.644272,,2400,,MaxEff,,630,0,,,1200
Chuffed BB,jobshop,jobshop/jobshop_gini.mzn,jobshop/dzn/ta65_4a_alloc1.dzn:jobshop/generated_bounds/MaxEffGini/ta65_4a_alloc1_MaxEffGini.dzn,SATISFIED,1200.8111935723573,1014,2035741,347666,4047,343617,-18669,364148605,0.187,minimize,0.0,46,46,3050,170049754,2050,9116,-18669,1285268,1198.995,4046,703188,1.00552,0.0,4000,703188,MaxEff,1.41,1050,0,5062,255.564,2000
Chuffed Prop,jobshop,jobshop/jobshop_gini.mzn,jobshop/dzn/ta70_4a_alloc1.dzn:jobshop/generated_bounds/MaxEffGini/ta70_4a_alloc1_MaxEffGini.dzn,SATISFIED,1200.5341689884663,,,,,,-20191,,,minimize,,,58,3050,,2050,9114,,,,4044,,1.07665,,4000,,MaxEff,,1050,0,,,2000
Chuffed BBval,jobshop,jobshop/jobshop_gini.mzn,jobshop/dzn/ta72_8a_alloc1.dzn:jobshop/generated_bounds/MaxEffGini/ta72_8a_alloc1_MaxEffGini.dzn,SATISFIED,1201.4102082904428,2018,4331463,1604487,8091,1596394,-44181,366058480,0.375,minimize,0.0,208,208,6100,-286726916,4100,18209,-44181,3568022,1198.118,8089,342752,1.88187,0.0,8000,342752,MaxEff,3.16,2100,0,10098,741.172,4000
Chuffed Prop,jobshop,jobshop/jobshop_gini.mzn,jobshop/dzn/ta69_5a_alloc1.dzn:jobshop/generated_bounds/MaxEffGini/ta69_5a_alloc1_MaxEffGini.dzn,SATISFIED,1200.4906898718327,,,,,,-21599,,,minimize,,,47,3050,,2050,9120,,,,4050,,1.01159,,4000,,MaxEff,,1050,0,,,2000
Chuffed BBval,jobshop,jobshop/jobshop_gini.mzn,jobshop/dzn/ta75_6a_alloc1.dzn:jobshop/generated_bounds/MaxEffGini/ta75_6a_alloc1_MaxEffGini.dzn,SATISFIED,1201.3292062487453,2019,2894065,1436542,8086,1428454,-44353,288686655,0.372,minimize,0.0,175,175,6100,678733264,4100,18204,-44353,2143802,1198.118,8084,396310,1.8825,0.0,8000,396310,MaxEff,3.16,2100,0,10088,180.941,4000
Chuffed BBval,jobshop,jobshop/jobshop_gini.mzn,jobshop/dzn/ta74_8a_alloc1.dzn:jobshop/generated_bounds/MaxEffGini/ta74_8a_alloc1_MaxEffGini.dzn,SATISFIED,1201.4295636489987,2019,1959988,1611638,8089,1603547,-47213,200750729,0.383,minimize,0.0,123,123,6100,-1647225132,4100,18207,-47213,1454177,1198.107,8087,256283,1.89033,0.0,8000,256283,MaxEff,3.16,2100,0,10094,614.144,4000
Chuffed BBval,jobshop,jobshop/jobshop_gini.mzn,jobshop/dzn/ta76_5a_alloc1.dzn:jobshop/generated_bounds/MaxEffGini/ta76_5a_alloc1_MaxEffGini.dzn,SATISFIED,1201.4356430917978,2020,2303781,1377479,8086,1369391,-43048,187425931,0.382,minimize,0.0,151,151,6100,154942993,4100,18204,-43048,1641931,1198.105,8084,355913,1.89485,0.0,8000,355913,MaxEff,3.16,2100,0,10088,1052.27,4000
Chuffed Prop,jobshop,jobshop/jobshop_gini.mzn,jobshop/dzn/ta72_10a_alloc1.dzn:jobshop/generated_bounds/MaxEffGini/ta72_10a_alloc1_MaxEffGini.dzn,SATISFIED,1200.6504464428872,,,,,,-29030,,,minimize,,,96,6100,,4100,18211,,,,8091,,1.89186,,8000,,MaxEff,,2100,0,,,4000
Chuffed BB,jobshop,jobshop/jobshop_gini.mzn,jobshop/dzn/ta71_5a_alloc1.dzn:jobshop/generated_bounds/MaxEffGini/ta71_5a_alloc1_MaxEffGini.dzn,SATISFIED,1201.6057479679585,2019,3050288,1645848,8090,1637756,-43450,207034842,0.396,minimize,0.0,274,274,6100,-653660111,4100,18209,-43450,2123507,1197.991,8089,373038,2.00454,0.0,8000,373038,MaxEff,3.16,2100,0,10098,937.499,4000
Chuffed Prop,jobshop,jobshop/jobshop_gini.mzn,jobshop/dzn/ta72_5a_alloc1.dzn:jobshop/generated_bounds/MaxEffGini/ta72_5a_alloc1_MaxEffGini.dzn,SATISFIED,1200.640915023163,,,,,,-44181,,,minimize,,,159,6100,,4100,18206,,,,8086,,1.94322,,8000,,MaxEff,,2100,0,,,4000
Chuffed BB,jobshop,jobshop/jobshop_gini.mzn,jobshop/dzn/ta52_4a_alloc1.dzn:jobshop/generated_bounds/MaxEffGini/ta52_4a_alloc1_MaxEffGini.dzn,SATISFIED,1200.7056002430618,763,5720663,249438,3049,246387,-15141,227485482,0.14,minimize,0.0,43,43,2300,781875633,1550,6863,-15141,4704194,1199.186,3048,983097,0.811449,0.0,3000,983097,MaxEff,0.94,800,0,3811,4.845,1500
Chuffed BBval,jobshop,jobshop/jobshop_gini.mzn,jobshop/dzn/ta54_5a_alloc1.dzn:jobshop/generated_bounds/MaxEffGini/ta54_5a_alloc1_MaxEffGini.dzn,SATISFIED,1200.6373825091869,761,3309314,363952,3054,360896,-16041,259541713,0.136,minimize,0.0,65,65,2300,1846603194,1550,6867,-16041,2513668,1199.222,3052,745816,0.778671,0.0,3000,745816,MaxEff,0.94,800,0,3819,55.217,1500
Chuffed Prop,jobshop,jobshop/jobshop_gini.mzn,jobshop/dzn/ta49_2a_alloc1.dzn:jobshop/generated_bounds/MaxEffGini/ta49_2a_alloc1_MaxEffGini.dzn,SATISFIED,1200.41871060431,,,,,,-10426,,,minimize,,,24,1830,,1230,5479,,,,2429,,0.647172,,2400,,MaxEff,,630,0,,,1200
Chuffed BB,jobshop,jobshop/jobshop_gini.mzn,jobshop/dzn/ta77_7a_alloc1.dzn:jobshop/generated_bounds/MaxEffGini/ta77_7a_alloc1_MaxEffGini.dzn,SATISFIED,1201.4563602972776,2020,2204251,1398749,8096,1390651,-43567,241354461,0.385,minimize,0.0,122,122,6100,-989842981,4100,18215,-43567,1694371,1198.128,8095,262225,1.88565,0.0,8000,262225,MaxEff,3.16,2100,0,10110,943.261,4000
Chuffed BB,jobshop,jobshop/jobshop_gini.mzn,jobshop/dzn/ta38_2a_alloc1.dzn:jobshop/generated_bounds/MaxEffGini/ta38_2a_alloc1_MaxEffGini.dzn,SATISFIED,1200.4993140194565,460,2908983,173589,1832,171755,-7647,498570502,0.083,minimize,0.0,24,24,1380,498899480,930,4126,-7647,1941389,1199.488,1831,956517,0.510765,0.0,1800,956517,MaxEff,0.63,480,0,2297,1189.196,900
Chuffed BB,jobshop,jobshop/jobshop_gini.mzn,jobshop/dzn/ta64_3a_alloc1.dzn:jobshop/generated_bounds/MaxEffGini/ta64_3a_alloc1_MaxEffGini.dzn,SATISFIED,1200.7682660389692,1017,2556836,351417,4038,347377,-18502,283675285,0.185,minimize,0.0,53,53,3050,921354508,2050,9107,-18502,1866197,1198.996,4037,636277,1.0051,0.0,4000,636277,MaxEff,1.41,1050,0,5044,208.251,2000
Chuffed BB,jobshop,jobshop/jobshop_gini.mzn,jobshop/dzn/ta77_5a_alloc1.dzn:jobshop/generated_bounds/MaxEffGini/ta77_5a_alloc1_MaxEffGini.dzn,SATISFIED,1201.3454671222717,2020,1715024,1395192,8094,1387096,-43497,215830163,0.384,minimize,0.0,157,157,6100,-1475242169,4100,18213,-43497,1120679,1198.133,8093,276248,1.8664,0.0,8000,276248,MaxEff,3.16,2100,0,10106,237.929,4000
Chuffed BB,jobshop,jobshop/jobshop_gini.mzn,jobshop/dzn/ta80_8a_alloc1.dzn:jobshop/generated_bounds/MaxEffGini/ta80_8a_alloc1_MaxEffGini.dzn,SATISFIED,1201.3434148151428,2018,1848069,1438312,8092,1430218,-42044,194565117,0.373,minimize,0.0,148,148,6100,586737620,4100,18211,-42044,1275623,1198.113,8091,272727,1.88594,0.0,8000,272727,MaxEff,3.16,2100,0,10102,244.39,4000
Chuffed Prop,jobshop,jobshop/jobshop_gini.mzn,jobshop/dzn/ta52_3a_alloc1.dzn:jobshop/generated_bounds/MaxEffGini/ta52_3a_alloc1_MaxEffGini.dzn,SATISFIED,1200.440128242597,,,,,,-15141,,,minimize,,,39,2300,,1550,6862,,,,3047,,0.839115,,3000,,MaxEff,,800,0,,,1500
Chuffed Prop,jobshop,jobshop/jobshop_gini.mzn,jobshop/dzn/ta37_2a_alloc1.dzn:jobshop/generated_bounds/MaxEffGini/ta37_2a_alloc1_MaxEffGini.dzn,SATISFIED,1200.3995771650225,,,,,,-8284,,,minimize,,,26,1380,,930,4127,,,,1832,,0.530795,,1800,,MaxEff,,480,0,,,900
Chuffed BB,jobshop,jobshop/jobshop_gini.mzn,jobshop/dzn/ta67_4a_alloc1.dzn:jobshop/generated_bounds/MaxEffGini/ta67_4a_alloc1_MaxEffGini.dzn,SATISFIED,1200.7390415854752,1011,1612994,349766,4048,345716,-18895,301230187,0.182,minimize,0.0,40,40,3050,-2049018342,2050,9117,-18895,1073669,1199.003,4047,498197,0.997036,0.0,4000,498197,MaxEff,0.94,1050,0,5064,37.86,2000
Chuffed BBval,jobshop,jobshop/jobshop_gini.mzn,jobshop/dzn/ta60_5a_alloc1.dzn:jobshop/generated_bounds/MaxEffGini/ta60_5a_alloc1_MaxEffGini.dzn,SATISFIED,1200.6221637558192,765,2325741,336674,3055,333617,-15916,296563540,0.139,minimize,0.0,80,80,2300,-495552716,1550,6868,-15916,1631622,1199.24,3053,632733,0.759911,0.0,3000,632733,MaxEff,0.94,800,0,3821,323.355,1500
Chuffed BBval,jobshop,jobshop/jobshop_gini.mzn,jobshop/dzn/ta42_3a_alloc1.dzn:jobshop/generated_bounds/MaxEffGini/ta42_3a_alloc1_MaxEffGini.dzn,SATISFIED,1200.5600635446608,608,3175862,270958,2434,268522,-10712,554736673,0.111,minimize,0.0,19,19,1830,-777014535,1230,5482,-10712,2690118,1199.325,2432,474378,0.67352,0.0,2400,474378,MaxEff,0.94,630,0,3054,656.313,1200
Chuffed Prop,jobshop,jobshop/jobshop_gini.mzn,jobshop/dzn/ta71_6a_alloc1.dzn:jobshop/generated_bounds/MaxEffGini/ta71_6a_alloc1_MaxEffGini.dzn,SATISFIED,1200.7122762110084,,,,,,-42146,,,minimize,,,192,6100,,4100,18210,,,,8090,,1.93778,,8000,,MaxEff,,2100,0,,,4000
Chuffed Prop,jobshop,jobshop/jobshop_gini.mzn,jobshop/dzn/ta77_6a_alloc1.dzn:jobshop/generated_bounds/MaxEffGini/ta77_6a_alloc1_MaxEffGini.dzn,SATISFIED,1200.651559162885,,,,,,-43567,,,minimize,,,107,6100,,4100,18214,,,,8094,,1.96424,,8000,,MaxEff,,2100,0,,,4000
Chuffed BBval,jobshop,jobshop/jobshop_gini.mzn,jobshop/dzn/ta71_10a_alloc1.dzn:jobshop/generated_bounds/MaxEffGini/ta71_10a_alloc1_MaxEffGini.dzn,SATISFIED,1201.3906819541007,2018,2890840,1523738,8096,1515640,-44233,178224635,0.38,minimize,0.0,149,149,6100,-1581941086,4100,18214,-44233,2183842,1198.137,8094,405050,1.86734,0.0,8000,405050,MaxEff,3.16,2100,0,10108,977.098,4000
Chuffed BB,jobshop,jobshop/jobshop_gini.mzn,jobshop/dzn/ta60_5a_alloc1.dzn:jobshop/generated_bounds/MaxEffGini/ta60_5a_alloc1_MaxEffGini.dzn,SATISFIED,1200.6371548622847,766,2393184,326979,3054,323923,-15916,281723869,0.142,minimize,0.0,80,80,2300,-1998073067,1550,6868,-15916,1669606,1199.22,3053,662165,0.779659,0.0,3000,662165,MaxEff,0.94,800,0,3821,244.13,1500
Chuffed BBval,jobshop,jobshop/jobshop_gini.mzn,jobshop/dzn/ta50_2a_alloc1.dzn:jobshop/generated_bounds/MaxEffGini/ta50_2a_alloc1_MaxEffGini.dzn,SATISFIED,1200.5540098454803,602,3418908,285576,2434,283140,-9588,675158494,0.111,minimize,0.0,30,30,1830,-1014894829,1230,5482,-9588,3097113,1199.354,2432,305621,0.648559,0.0,2400,305621,MaxEff,0.63,630,0,3054,1058.753999,1200
Chuffed BBval,jobshop,jobshop/jobshop_gini.mzn,jobshop/dzn/ta72_6a_alloc1.dzn:jobshop/generated_bounds/MaxEffGini/ta72_6a_alloc1_MaxEffGini.dzn,SATISFIED,1201.435012999922,2018,2089860,1548935,8089,1540844,-44181,202939582,0.369,minimize,0.0,155,155,6100,-1835047791,4100,18207,-44181,1465255,1198.124,8087,310824,1.87496,0.0,8000,310824,MaxEff,3.16,2100,0,10094,449.224,4000
Chuffed BBval,jobshop,jobshop/jobshop_gini.mzn,jobshop/dzn/ta55_4a_alloc1.dzn:jobshop/generated_bounds/MaxEffGini/ta55_4a_alloc1_MaxEffGini.dzn,SATISFIED,1200.5949977859855,762,7553284,197784,3050,194732,-12972,225279796,0.139,minimize,0.0,43,43,2300,-1094817044,1550,6863,-12972,5779008,1199.218,3048,1740956,0.779746,0.0,3000,1740956,MaxEff,0.63,800,0,3811,2.392,1500
Chuffed BBval,jobshop,jobshop/jobshop_gini.mzn,jobshop/dzn/ta49_2a_alloc1.dzn:jobshop/generated_bounds/MaxEffGini/ta49_2a_alloc1_MaxEffGini.dzn,SATISFIED,1200.5481979623437,609,2836774,235084,2431,232651,-10426,500952600,0.108,minimize,0.0,24,24,1830,545704004,1230,5479,-10426,2141944,1199.351,2429,680016,0.647407,0.0,2400,680016,MaxEff,0.94,630,0,3048,453.236,1200
Chuffed Prop,jobshop,jobshop/jobshop_gini.mzn,jobshop/dzn/ta72_6a_alloc1.dzn:jobshop/generated_bounds/MaxEffGini/ta72_6a_alloc1_MaxEffGini.dzn,SATISFIED,1200.69874022156,,,,,,-44181,,,minimize,,,155,6100,,4100,18207,,,,8087,,1.94304,,8000,,MaxEff,,2100,0,,,4000
Chuffed BB,jobshop,jobshop/jobshop_gini.mzn,jobshop/dzn/ta31_3a_alloc1.dzn:jobshop/generated_bounds/MaxEffGini/ta31_3a_alloc1_MaxEffGini.dzn,SATISFIED,1200.5177328586578,459,3418105,190436,1830,188604,-8013,465633473,0.083,minimize,0.0,21,21,1380,-325728429,930,4124,-8013,2393700,1199.479,1829,1014516,0.52029,0.0,1800,1014516,MaxEff,0.63,480,0,2293,1128.709,900
Chuffed Prop,jobshop,jobshop/jobshop_gini.mzn,jobshop/dzn/ta74_8a_alloc1.dzn:jobshop/generated_bounds/MaxEffGini/ta74_8a_alloc1_MaxEffGini.dzn,SATISFIED,1200.6710308287293,,,,,,-47213,,,minimize,,,122,6100,,4100,18207,,,,8087,,2.041729,,8000,,MaxEff,,2100,0,,,4000
Chuffed Prop,jobshop,jobshop/jobshop_gini.mzn,jobshop/dzn/ta75_9a_alloc1.dzn:jobshop/generated_bounds/MaxEffGini/ta75_9a_alloc1_MaxEffGini.dzn,SATISFIED,1200.640573559329,,,,,,-44353,,,minimize,,,217,6100,,4100,18207,,,,8087,,1.97077,,8000,,MaxEff,,2100,0,,,4000
Chuffed BBval,jobshop,jobshop/jobshop_gini.mzn,jobshop/dzn/ta80_9a_alloc1.dzn:jobshop/generated_bounds/MaxEffGini/ta80_9a_alloc1_MaxEffGini.dzn,SATISFIED,1201.1126620974392,2014,8225752,509859,8094,501763,-20521,827568635,0.377,minimize,0.0,71,71,6100,2103180395,4100,18212,-20521,7712031,1198.105,8092,369385,1.89673,0.0,8000,369385,MaxEff,1.41,2100,0,10104,769.872,4000
Chuffed Prop,jobshop,jobshop/jobshop_gini.mzn,jobshop/dzn/ta71_10a_alloc1.dzn:jobshop/generated_bounds/MaxEffGini/ta71_10a_alloc1_MaxEffGini.dzn,SATISFIED,1200.680461416021,,,,,,-43450,,,minimize,,,147,6100,,4100,18214,,,,8094,,1.93335,,8000,,MaxEff,,2100,0,,,4000
Chuffed BBval,jobshop,jobshop/jobshop_gini.mzn,jobshop/dzn/ta77_6a_alloc1.dzn:jobshop/generated_bounds/MaxEffGini/ta77_6a_alloc1_MaxEffGini.dzn,SATISFIED,1201.3569724764675,2019,1862200,1307050,8096,1298952,-43567,192662222,0.387,minimize,0.0,107,107,6100,697151331,4100,18214,-43567,1359794,1198.054,8094,285090,1.94608,0.0,8000,285090,MaxEff,3.16,2100,0,10108,780.318,4000
Chuffed BBval,jobshop,jobshop/jobshop_gini.mzn,jobshop/dzn/ta74_10a_alloc1.dzn:jobshop/generated_bounds/MaxEffGini/ta74_10a_alloc1_MaxEffGini.dzn,SATISFIED,1201.0999371837825,2014,11274292,423855,8091,415762,-19056,876440790,0.382,minimize,0.0,39,39,6100,1471323767,4100,18209,-19056,10694338,1198.115,8089,499877,1.88438,0.0,8000,499877,MaxEff,0.94,2100,0,10098,923.84,4000
Chuffed Prop,jobshop,jobshop/jobshop_gini.mzn,jobshop/dzn/ta80_9a_alloc1.dzn:jobshop/generated_bounds/MaxEffGini/ta80_9a_alloc1_MaxEffGini.dzn,SATISFIED,1200.760275611654,,,,,,-42044,,,minimize,,,247,6100,,4100,18212,,,,8092,,1.89471,,8000,,MaxEff,,2100,0,,,4000
Chuffed BB,jobshop,jobshop/jobshop_gini.mzn,jobshop/dzn/ta72_7a_alloc1.dzn:jobshop/generated_bounds/MaxEffGini/ta72_7a_alloc1_MaxEffGini.dzn,SATISFIED,1201.452639181167,2019,2596268,1626549,8089,1618458,-44181,242727676,0.378,minimize,0.0,253,253,6100,1267177429,4100,18208,-44181,1815536,1198.114,8088,269377,1.88427,0.0,8000,269377,MaxEff,3.16,2100,0,10096,784.319,4000
Chuffed BB,jobshop,jobshop/jobshop_gini.mzn,jobshop/dzn/ta80_6a_alloc1.dzn:jobshop/generated_bounds/MaxEffGini/ta80_6a_alloc1_MaxEffGini.dzn,SATISFIED,1201.4177468754351,2018,2027960,1507889,8090,1499797,-42044,204532934,0.377,minimize,0.0,200,200,6100,441857304,4100,18209,-42044,1359199,1198.12,8089,264330,1.87822,0.0,8000,264330,MaxEff,3.16,2100,0,10098,281.421,4000
Chuffed BB,jobshop,jobshop/jobshop_gini.mzn,jobshop/dzn/ta80_7a_alloc1.dzn:jobshop/generated_bounds/MaxEffGini/ta80_7a_alloc1_MaxEffGini.dzn,SATISFIED,1201.5667192544788,2018,1884822,1431506,8091,1423413,-42044,191145295,0.385,minimize,0.0,144,144,6100,1433059597,4100,18210,-42044,1327670,1198.049,8090,265541,1.94792,0.0,8000,265541,MaxEff,3.16,2100,0,10100,252.435,4000
Chuffed BB,jobshop,jobshop/jobshop_gini.mzn,jobshop/dzn/ta47_2a_alloc1.dzn:jobshop/generated_bounds/MaxEffGini/ta47_2a_alloc1_MaxEffGini.dzn,OPTIMAL_SOLUTION,220.2934228517115,602,780381,250018,2431,247585,-9720,116123334,0.112,minimize,0.0,40,40,1830,-375433451,1230,5480,-9720,665557,219.09,2430,96675,0.6478,0.0,2400,96675,MaxEff,0.63,630,0,3050,186.487,1200
Chuffed BBval,jobshop,jobshop/jobshop_gini.mzn,jobshop/dzn/ta76_10a_alloc1.dzn:jobshop/generated_bounds/MaxEffGini/ta76_10a_alloc1_MaxEffGini.dzn,SATISFIED,1201.4089206308126,2020,2444063,1458508,8091,1450415,-43048,213959351,0.382,minimize,0.0,163,163,6100,-986430144,4100,18209,-43048,1781208,1198.088,8089,332540,1.91104,0.0,8000,332540,MaxEff,3.16,2100,0,10098,975.48,4000
Chuffed BBval,jobshop,jobshop/jobshop_gini.mzn,jobshop/dzn/ta40_3a_alloc1.dzn:jobshop/generated_bounds/MaxEffGini/ta40_3a_alloc1_MaxEffGini.dzn,SATISFIED,1200.5114587005228,457,4191836,178566,1831,176733,-7911,428264356,0.082,minimize,0.0,18,18,1380,-2136153733,930,4124,-7911,3073255,1199.468,1829,1110093,0.530037,0.0,1800,1110093,MaxEff,0.63,480,0,2293,933.312,900
Chuffed BB,jobshop,jobshop/jobshop_gini.mzn,jobshop/dzn/ta44_3a_alloc1.dzn:jobshop/generated_bounds/MaxEffGini/ta44_3a_alloc1_MaxEffGini.dzn,SATISFIED,1200.6456098333,612,2392414,241791,2432,239357,-10580,465358798,0.111,minimize,0.0,19,19,1830,-1084535374,1230,5481,-10580,1679285,1199.373,2431,701198,0.626345,0.0,2400,701198,MaxEff,0.94,630,0,3052,20.524,1200
Chuffed BB,jobshop,jobshop/jobshop_gini.mzn,jobshop/dzn/ta60_4a_alloc1.dzn:jobshop/generated_bounds/MaxEffGini/ta60_4a_alloc1_MaxEffGini.dzn,SATISFIED,1200.6640575192869,765,5307819,285047,3053,281992,-15124,250940111,0.139,minimize,0.0,56,56,2300,-1544219540,1550,6867,-15124,4335279,1199.225,3052,929321,0.77236,0.0,3000,929321,MaxEff,0.94,800,0,3819,12.025,1500
Chuffed BB,jobshop,jobshop/jobshop_gini.mzn,jobshop/dzn/ta65_5a_alloc1.dzn:jobshop/generated_bounds/MaxEffGini/ta65_5a_alloc1_MaxEffGini.dzn,SATISFIED,1200.7571024689823,1014,2315345,348152,4048,344102,-18669,338217951,0.189,minimize,0.0,54,54,3050,-1291603284,2050,9117,-18669,1445653,1198.946,4047,814314,1.05636,0.0,4000,814314,MaxEff,1.41,1050,0,5064,651.52,2000
Chuffed Prop,jobshop,jobshop/jobshop_gini.mzn,jobshop/dzn/ta72_8a_alloc1.dzn:jobshop/generated_bounds/MaxEffGini/ta72_8a_alloc1_MaxEffGini.dzn,SATISFIED,1200.7058363258839,,,,,,-44181,,,minimize,,,195,6100,,4100,18209,,,,8089,,2.01145,,8000,,MaxEff,,2100,0,,,4000
Chuffed Prop,jobshop,jobshop/jobshop_gini.mzn,jobshop/dzn/ta38_2a_alloc1.dzn:jobshop/generated_bounds/MaxEffGini/ta38_2a_alloc1_MaxEffGini.dzn,SATISFIED,1200.4706779699773,,,,,,-7647,,,minimize,,,24,1380,,930,4126,,,,1831,,0.505758,,1800,,MaxEff,,480,0,,,900
Chuffed BB,jobshop,jobshop/jobshop_gini.mzn,jobshop/dzn/ta78_9a_alloc1.dzn:jobshop/generated_bounds/MaxEffGini/ta78_9a_alloc1_MaxEffGini.dzn,SATISFIED,1201.3703316207975,2021,1323952,1414744,8091,1406651,-43823,238378357,0.377,minimize,0.0,141,141,6100,-1350713467,4100,18210,-43823,766073,1198.099,8090,271646,1.90572,0.0,8000,271646,MaxEff,3.16,2100,0,10100,155.535,4000
Chuffed BBval,jobshop,jobshop/jobshop_gini.mzn,jobshop/dzn/ta33_3a_alloc1.dzn:jobshop/generated_bounds/MaxEffGini/ta33_3a_alloc1_MaxEffGini.dzn,SATISFIED,1200.5220080912113,460,3842396,208895,1834,207059,-8842,477768920,0.082,minimize,0.0,34,34,1380,-1523293747,930,4127,-8842,2802411,1199.482,1832,1024196,0.519108,0.0,1800,1024196,MaxEff,0.63,480,0,2299,425.533,900
Chuffed BBval,jobshop,jobshop/jobshop_gini.mzn,jobshop/dzn/ta45_3a_alloc1.dzn:jobshop/generated_bounds/MaxEffGini/ta45_3a_alloc1_MaxEffGini.dzn,SATISFIED,1200.6204607486725,609,2892905,260128,2430,257696,-10854,473121308,0.111,minimize,0.0,23,23,1830,46558828,1230,5478,-10854,2225337,1199.349,2428,653771,0.654809,0.0,2400,653771,MaxEff,0.94,630,0,3046,745.112,1200
Chuffed Prop,jobshop,jobshop/jobshop_gini.mzn,jobshop/dzn/ta72_9a_alloc1.dzn:jobshop/generated_bounds/MaxEffGini/ta72_9a_alloc1_MaxEffGini.dzn,SATISFIED,1200.6793889589608,,,,,,-44173,,,minimize,,,143,6100,,4100,18210,,,,8090,,1.88086,,8000,,MaxEff,,2100,0,,,4000
Chuffed Prop,jobshop,jobshop/jobshop_gini.mzn,jobshop/dzn/ta77_5a_alloc1.dzn:jobshop/generated_bounds/MaxEffGini/ta77_5a_alloc1_MaxEffGini.dzn,SATISFIED,1200.701802227646,,,,,,-43497,,,minimize,,,157,6100,,4100,18213,,,,8093,,1.88508,,8000,,MaxEff,,2100,0,,,4000
Chuffed BBval,jobshop,jobshop/jobshop_gini.mzn,jobshop/dzn/ta66_4a_alloc1.dzn:jobshop/generated_bounds/MaxEffGini/ta66_4a_alloc1_MaxEffGini.dzn,SATISFIED,1200.7227152753621,1014,2437216,332880,4048,328830,-19664,301837767,0.187,minimize,0.0,36,36,3050,1407038665,2050,9116,-19664,1650170,1199.012,4046,749913,0.986629,0.0,4000,749913,MaxEff,1.41,1050,0,5062,112.798,2000
Chuffed BBval,jobshop,jobshop/jobshop_gini.mzn,jobshop/dzn/ta74_9a_alloc1.dzn:jobshop/generated_bounds/MaxEffGini/ta74_9a_alloc1_MaxEffGini.dzn,SATISFIED,1201.4839866552502,2019,2201432,1671835,8090,1663743,-47213,212167828,0.387,minimize,0.0,162,162,6100,-114224425,4100,18208,-47213,1613636,1198.011,8088,259674,1.9894,0.0,8000,259674,MaxEff,3.16,2100,0,10096,469.348,4000
Chuffed BB,jobshop,jobshop/jobshop_gini.mzn,jobshop/dzn/ta61_4a_alloc1.dzn:jobshop/generated_bounds/MaxEffGini/ta61_4a_alloc1_MaxEffGini.dzn,SATISFIED,1200.752189496532,1014,2393886,375923,4046,371875,-19606,306792774,0.191,minimize,0.0,53,53,3050,944258787,2050,9115,-19606,1708395,1198.982,4045,631063,1.02013,0.0,4000,631063,MaxEff,0.94,1050,0,5060,186.148,2000
Chuffed BBval,jobshop,jobshop/jobshop_gini.mzn,jobshop/dzn/ta39_3a_alloc1.dzn:jobshop/generated_bounds/MaxEffGini/ta39_3a_alloc1_MaxEffGini.dzn,SATISFIED,1200.48761475645,457,1859673,180509,1831,178676,-8323,485252823,0.081,minimize,0.0,24,24,1380,537522473,930,4124,-8323,1050552,1199.484,1829,797998,0.514628,0.0,1800,797998,MaxEff,0.94,480,0,2293,128.822,900
Chuffed BB,jobshop,jobshop/jobshop_gini.mzn,jobshop/dzn/ta76_9a_alloc1.dzn:jobshop/generated_bounds/MaxEffGini/ta76_9a_alloc1_MaxEffGini.dzn,SATISFIED,1201.354196857661,2021,4447911,1313869,8089,1305778,-40238,244140101,0.384,minimize,0.0,239,239,6100,41830138,4100,18208,-40238,3514303,1198.099,8088,449869,1.89797,0.0,8000,449869,MaxEff,3.16,2100,0,10096,494.42,4000
Chuffed Prop,jobshop,jobshop/jobshop_gini.mzn,jobshop/dzn/ta41_2a_alloc1.dzn:jobshop/generated_bounds/MaxEffGini/ta41_2a_alloc1_MaxEffGini.dzn,SATISFIED,1200.4190260395408,,,,,,-11231,,,minimize,,,34,1830,,1230,5481,,,,2431,,0.650776,,2400,,MaxEff,,630,0,,,1200
Chuffed Prop,jobshop,jobshop/jobshop_gini.mzn,jobshop/dzn/ta59_3a_alloc1.dzn:jobshop/generated_bounds/MaxEffGini/ta59_3a_alloc1_MaxEffGini.dzn,SATISFIED,1200.732107296586,,,,,,-14640,,,minimize,,,49,2300,,1550,6863,,,,3048,,0.768117,,3000,,MaxEff,,800,0,,,1500
Chuffed BB,jobshop,jobshop/jobshop_gini.mzn,jobshop/dzn/ta72_10a_alloc1.dzn:jobshop/generated_bounds/MaxEffGini/ta72_10a_alloc1_MaxEffGini.dzn,SATISFIED,1201.315107634291,2019,2654953,1316956,8092,1308862,-40642,499505830,0.378,minimize,0.0,124,124,6100,235499378,4100,18211,-40642,2278258,1198.111,8091,124878,1.89136,0.0,8000,124878,MaxEff,3.16,2100,0,10102,1108.656,4000
Chuffed BB,jobshop,jobshop/jobshop_gini.mzn,jobshop/dzn/ta55_3a_alloc1.dzn:jobshop/generated_bounds/MaxEffGini/ta55_3a_alloc1_MaxEffGini.dzn,SATISFIED,1200.5949825719,763,8023814,196311,3048,193261,-12972,246651300,0.14,minimize,0.0,44,44,2300,-1327337858,1550,6862,-12972,6097212,1199.237,3047,1892471,0.761697,0.0,3000,1892471,MaxEff,0.63,800,0,3809,4.001,1500
Chuffed BBval,jobshop,jobshop/jobshop_gini.mzn,jobshop/dzn/ta80_5a_alloc1.dzn:jobshop/generated_bounds/MaxEffGini/ta80_5a_alloc1_MaxEffGini.dzn,SATISFIED,1201.3944545537233,2017,1848439,1423501,8090,1415409,-42044,193517612,0.373,minimize,0.0,148,148,6100,-1007156338,4100,18208,-42044,1264429,1198.111,8088,284442,1.89464,0.0,8000,284442,MaxEff,3.16,2100,0,10096,216.143,4000
Chuffed Prop,jobshop,jobshop/jobshop_gini.mzn,jobshop/dzn/ta60_3a_alloc1.dzn:jobshop/generated_bounds/MaxEffGini/ta60_3a_alloc1_MaxEffGini.dzn,SATISFIED,1200.4574508350343,,,,,,-14992,,,minimize,,,44,2300,,1550,6866,,,,3051,,0.773078,,3000,,MaxEff,,800,0,,,1500
Chuffed Prop,jobshop,jobshop/jobshop_gini.mzn,jobshop/dzn/ta79_9a_alloc1.dzn:jobshop/generated_bounds/MaxEffGini/ta79_9a_alloc1_MaxEffGini.dzn,SATISFIED,1200.667156971991,,,,,,-44118,,,minimize,,,134,6100,,4100,18209,,,,8089,,1.87988,,8000,,MaxEff,,2100,0,,,4000
Chuffed Prop,jobshop,jobshop/jobshop_gini.mzn,jobshop/dzn/ta72_7a_alloc1.dzn:jobshop/generated_bounds/MaxEffGini/ta72_7a_alloc1_MaxEffGini.dzn,SATISFIED,1200.6957904230803,,,,,,-44181,,,minimize,,,254,6100,,4100,18208,,,,8088,,1.88405,,8000,,MaxEff,,2100,0,,,4000
Chuffed BBval,jobshop,jobshop/jobshop_gini.mzn,jobshop/dzn/ta71_8a_alloc1.dzn:jobshop/generated_bounds/MaxEffGini/ta71_8a_alloc1_MaxEffGini.dzn,SATISFIED,1201.406535461545,2018,2882102,1542495,8094,1534399,-44233,176211708,0.378,minimize,0.0,160,160,6100,-1692131934,4100,18212,-44233,2141061,1198.175,8092,416991,1.82475,0.0,8000,416991,MaxEff,3.16,2100,0,10104,944.942,4000
Chuffed BB,jobshop,jobshop/jobshop_gini.mzn,jobshop/dzn/ta53_5a_alloc1.dzn:jobshop/generated_bounds/MaxEffGini/ta53_5a_alloc1_MaxEffGini.dzn,SATISFIED,1200.625309765339,766,3221852,239757,3051,236704,-15127,262071306,0.139,minimize,0.0,42,42,2300,-1357003765,1550,6865,-15127,2154556,1199.239,3050,1034679,0.762231,0.0,3000,1034679,MaxEff,0.94,800,0,3815,12.036,1500
Chuffed BB,jobshop,jobshop/jobshop_gini.mzn,jobshop/dzn/ta71_10a_alloc1.dzn:jobshop/generated_bounds/MaxEffGini/ta71_10a_alloc1_MaxEffGini.dzn,SATISFIED,1201.4394812788814,2019,2695825,1482884,8095,1474787,-43450,168811767,0.389,minimize,0.0,147,147,6100,1168567521,4100,18214,-43450,2019325,1198.061,8094,378419,1.94041,0.0,8000,378419,MaxEff,3.16,2100,0,10108,1075.82,4000
Chuffed Prop,jobshop,jobshop/jobshop_gini.mzn,jobshop/dzn/ta78_10a_alloc1.dzn:jobshop/generated_bounds/MaxEffGini/ta78_10a_alloc1_MaxEffGini.dzn,SATISFIED,1200.7437471561134,,,,,,-43882,,,minimize,,,136,6100,,4100,18211,,,,8091,,1.8948,,8000,,MaxEff,,2100,0,,,4000
Chuffed BB,jobshop,jobshop/jobshop_gini.mzn,jobshop/dzn/ta49_2a_alloc1.dzn:jobshop/generated_bounds/MaxEffGini/ta49_2a_alloc1_MaxEffGini.dzn,SATISFIED,1200.575944500044,610,2834935,235027,2430,232595,-10426,500454384,0.111,minimize,0.0,24,24,1830,602644475,1230,5479,-10426,2140734,1199.349,2429,679360,0.649313,0.0,2400,679360,MaxEff,0.94,630,0,3048,452.626,1200
Chuffed BB,jobshop,jobshop/jobshop_gini.mzn,jobshop/dzn/ta52_5a_alloc1.dzn:jobshop/generated_bounds/MaxEffGini/ta52_5a_alloc1_MaxEffGini.dzn,SATISFIED,1200.6156583465636,763,6044781,248625,3050,245573,-14935,228989835,0.14,minimize,0.0,36,36,2300,1224540925,1550,6864,-14935,4997847,1199.226,3049,1018894,0.772282,0.0,3000,1018894,MaxEff,0.94,800,0,3813,4.346,1500
Chuffed BBval,jobshop,jobshop/jobshop_gini.mzn,jobshop/dzn/ta32_2a_alloc1.dzn:jobshop/generated_bounds/MaxEffGini/ta32_2a_alloc1_MaxEffGini.dzn,SATISFIED,1200.5075973123312,459,3200918,231036,1833,229201,-8878,449489643,0.084,minimize,0.0,31,31,1380,891262690,930,4126,-8878,2416750,1199.486,1831,769876,0.515752,0.0,1800,769876,MaxEff,0.63,480,0,2297,851.824,900
Chuffed BBval,jobshop,jobshop/jobshop_gini.mzn,jobshop/dzn/ta78_8a_alloc1.dzn:jobshop/generated_bounds/MaxEffGini/ta78_8a_alloc1_MaxEffGini.dzn,SATISFIED,1200.9970641229302,2017,10152072,400001,8091,391908,-19870,946503425,0.377,minimize,0.0,40,40,6100,395801056,4100,18209,-19870,9619638,1198.173,8089,450313,1.82587,0.0,8000,450313,MaxEff,0.94,2100,0,10098,181.188,4000
Chuffed BBval,jobshop,jobshop/jobshop_gini.mzn,jobshop/dzn/ta74_6a_alloc1.dzn:jobshop/generated_bounds/MaxEffGini/ta74_6a_alloc1_MaxEffGini.dzn,SATISFIED,1201.0370792653412,2010,22884542,317575,8087,309486,-11556,919495563,0.379,minimize,0.0,24,24,6100,857525099,4100,18205,-11556,22018431,1198.138,8085,816146,1.85925,0.0,8000,816146,MaxEff,0.63,2100,0,10090,1140.232,4000
Chuffed Prop,jobshop,jobshop/jobshop_gini.mzn,jobshop/dzn/ta69_3a_alloc1.dzn:jobshop/generated_bounds/MaxEffGini/ta69_3a_alloc1_MaxEffGini.dzn,SATISFIED,1200.504738047719,,,,,,-21599,,,minimize,,,56,3050,,2050,9118,,,,4048,,1.00223,,4000,,MaxEff,,1050,0,,,2000
Chuffed BBval,jobshop,jobshop/jobshop_gini.mzn,jobshop/dzn/ta61_3a_alloc1.dzn:jobshop/generated_bounds/MaxEffGini/ta61_3a_alloc1_MaxEffGini.dzn,SATISFIED,1200.702463986352,1015,2373885,358256,4046,354208,-19457,386604736,0.184,minimize,0.0,64,64,3050,-391153736,2050,9114,-19457,1680852,1199.02,4044,627565,0.979312,0.0,4000,627565,MaxEff,0.94,1050,0,5058,7.547,2000
Chuffed Prop,jobshop,jobshop/jobshop_gini.mzn,jobshop/dzn/ta62_4a_alloc1.dzn:jobshop/generated_bounds/MaxEffGini/ta62_4a_alloc1_MaxEffGini.dzn,SATISFIED,1200.5045407861471,,,,,,-20028,,,minimize,,,40,3050,,2050,9119,,,,4049,,1.02294,,4000,,MaxEff,,1050,0,,,2000
Chuffed BB,jobshop,jobshop/jobshop_gini.mzn,jobshop/dzn/ta80_5a_alloc1.dzn:jobshop/generated_bounds/MaxEffGini/ta80_5a_alloc1_MaxEffGini.dzn,SATISFIED,1201.3600093591958,2018,1861816,1423761,8089,1415670,-42044,191967481,0.374,minimize,0.0,148,148,6100,1566951969,4100,18208,-42044,1278064,1198.113,8088,284037,1.88765,0.0,8000,284037,MaxEff,3.16,2100,0,10096,228.467,4000
Chuffed BB,jobshop,jobshop/jobshop_gini.mzn,jobshop/dzn/ta75_7a_alloc1.dzn:jobshop/generated_bounds/MaxEffGini/ta75_7a_alloc1_MaxEffGini.dzn,SATISFIED,1201.3601341694593,2020,1767094,1388374,8086,1380286,-44353,194411008,0.385,minimize,0.0,138,138,6100,-1739429600,4100,18205,-44353,1128276,1198.014,8085,359124,1.98705,0.0,8000,359124,MaxEff,3.16,2100,0,10090,90.004,4000
Chuffed BB,jobshop,jobshop/jobshop_gini.mzn,jobshop/dzn/ta53_3a_alloc1.dzn:jobshop/generated_bounds/MaxEffGini/ta53_3a_alloc1_MaxEffGini.dzn,SATISFIED,1200.6689597796649,766,3211884,242979,3049,239928,-15127,259478807,0.141,minimize,0.0,51,51,2300,-324064819,1550,6863,-15127,2156399,1199.189,3048,1016022,0.807029,0.0,3000,1016022,MaxEff,0.94,800,0,3811,12.479,1500
Chuffed BB,jobshop,jobshop/jobshop_gini.mzn,jobshop/dzn/ta40_3a_alloc1.dzn:jobshop/generated_bounds/MaxEffGini/ta40_3a_alloc1_MaxEffGini.dzn,SATISFIED,1200.5446189064533,458,4255268,178760,1830,176928,-7911,439194012,0.082,minimize,0.0,18,18,1380,1452675541,930,4124,-7911,3128693,1199.478,1829,1118055,0.520533,0.0,1800,1118055,MaxEff,0.63,480,0,2293,726.993,900
Chuffed Prop,jobshop,jobshop/jobshop_gini.mzn,jobshop/dzn/ta56_4a_alloc1.dzn:jobshop/generated_bounds/MaxEffGini/ta56_4a_alloc1_MaxEffGini.dzn,SATISFIED,1200.667468836531,,,,,,-15950,,,minimize,,,49,2300,,1550,6862,,,,3047,,0.772538,,3000,,MaxEff,,800,0,,,1500
Chuffed BBval,jobshop,jobshop/jobshop_gini.mzn,jobshop/dzn/ta77_10a_alloc1.dzn:jobshop/generated_bounds/MaxEffGini/ta77_10a_alloc1_MaxEffGini.dzn,SATISFIED,1201.0219829045236,2017,7174911,500507,8100,492405,-23813,819067650,0.388,minimize,0.0,56,56,6100,-318700444,4100,18218,-23813,6747637,1198.082,8098,312919,1.91996,0.0,8000,312919,MaxEff,1.41,2100,0,10116,954.608,4000
Chuffed Prop,jobshop,jobshop/jobshop_gini.mzn,jobshop/dzn/ta76_7a_alloc1.dzn:jobshop/generated_bounds/MaxEffGini/ta76_7a_alloc1_MaxEffGini.dzn,SATISFIED,1200.573722878471,,,,,,-44031,,,minimize,,,164,6100,,4100,18206,,,,8086,,1.88712,,8000,,MaxEff,,2100,0,,,4000
Chuffed Prop,jobshop,jobshop/jobshop_gini.mzn,jobshop/dzn/ta34_3a_alloc1.dzn:jobshop/generated_bounds/MaxEffGini/ta34_3a_alloc1_MaxEffGini.dzn,SATISFIED,1200.473152646795,,,,,,-10261,,,minimize,,,24,1380,,930,4128,,,,1833,,0.510333,,1800,,MaxEff,,480,0,,,900
Chuffed BBval,jobshop,jobshop/jobshop_gini.mzn,jobshop/dzn/ta34_3a_alloc1.dzn:jobshop/generated_bounds/MaxEffGini/ta34_3a_alloc1_MaxEffGini.dzn,SATISFIED,1200.5130251515657,461,2512600,203850,1835,202013,-10261,432606452,0.085,minimize,0.0,24,24,1380,-343653678,930,4128,-10261,1618368,1199.485,1833,882962,0.513179,0.0,1800,882962,MaxEff,0.63,480,0,2301,234.571,900
Chuffed BBval,jobshop,jobshop/jobshop_gini.mzn,jobshop/dzn/ta41_3a_alloc1.dzn:jobshop/generated_bounds/MaxEffGini/ta41_3a_alloc1_MaxEffGini.dzn,SATISFIED,1200.5957027599216,607,3398264,291148,2434,288712,-11012,485024274,0.114,minimize,0.0,32,32,1830,-458611546,1230,5482,-11012,2944262,1199.351,2432,435449,0.65408,0.0,2400,435449,MaxEff,0.94,630,0,3054,1110.504,1200
Chuffed BBval,jobshop,jobshop/jobshop_gini.mzn,jobshop/dzn/ta34_2a_alloc1.dzn:jobshop/generated_bounds/MaxEffGini/ta34_2a_alloc1_MaxEffGini.dzn,SATISFIED,1200.5088151320815,461,1831988,197013,1834,195177,-10261,422681761,0.085,minimize,0.0,28,28,1380,-2080568200,930,4127,-10261,984415,1199.477,1832,834528,0.521313,0.0,1800,834528,MaxEff,0.94,480,0,2299,269.835,900
Chuffed BBval,jobshop,jobshop/jobshop_gini.mzn,jobshop/dzn/ta49_3a_alloc1.dzn:jobshop/generated_bounds/MaxEffGini/ta49_3a_alloc1_MaxEffGini.dzn,SATISFIED,1200.560623375699,610,2779597,219387,2432,216953,-9670,482332498,0.111,minimize,0.0,28,28,1830,767482534,1230,5480,-9670,2080928,1199.339,2430,681530,0.659977,0.0,2400,681530,MaxEff,0.94,630,0,3050,235.511,1200
Chuffed Prop,jobshop,jobshop/jobshop_gini.mzn,jobshop/dzn/ta73_6a_alloc1.dzn:jobshop/generated_bounds/MaxEffGini/ta73_6a_alloc1_MaxEffGini.dzn,SATISFIED,1200.6646354049444,,,,,,-45238,,,minimize,,,174,6100,,4100,18210,,,,8090,,1.88759,,8000,,MaxEff,,2100,0,,,4000
Chuffed BB,jobshop,jobshop/jobshop_gini.mzn,jobshop/dzn/ta71_8a_alloc1.dzn:jobshop/generated_bounds/MaxEffGini/ta71_8a_alloc1_MaxEffGini.dzn,SATISFIED,1201.4602707717568,2019,2836600,1542459,8093,1534364,-44233,170265287,0.387,minimize,0.0,160,160,6100,1524952093,4100,18212,-44233,2112274,1198.083,8092,400113,1.91972,0.0,8000,400113,MaxEff,3.16,2100,0,10104,990.261,4000
Chuffed Prop,jobshop,jobshop/jobshop_gini.mzn,jobshop/dzn/ta70_5a_alloc1.dzn:jobshop/generated_bounds/MaxEffGini/ta70_5a_alloc1_MaxEffGini.dzn,SATISFIED,1200.5110618434846,,,,,,-19299,,,minimize,,,48,3050,,2050,9115,,,,4045,,1.00964,,4000,,MaxEff,,1050,0,,,2000
Chuffed BB,jobshop,jobshop/jobshop_gini.mzn,jobshop/dzn/ta52_3a_alloc1.dzn:jobshop/generated_bounds/MaxEffGini/ta52_3a_alloc1_MaxEffGini.dzn,SATISFIED,1200.647205810994,763,5352219,249651,3048,246601,-15141,224909857,0.143,minimize,0.0,39,39,2300,202600379,1550,6862,-15141,4383666,1199.188,3047,938211,0.810475,0.0,3000,938211,MaxEff,0.94,800,0,3809,3.782,1500
Chuffed BB,jobshop,jobshop/jobshop_gini.mzn,jobshop/dzn/ta76_7a_alloc1.dzn:jobshop/generated_bounds/MaxEffGini/ta76_7a_alloc1_MaxEffGini.dzn,SATISFIED,1201.381817901507,2021,2561094,1375399,8087,1367310,-43048,175274012,0.385,minimize,0.0,152,152,6100,916666514,4100,18206,-43048,1856662,1198.135,8086,396166,1.86954,0.0,8000,396166,MaxEff,3.16,2100,0,10092,987.288,4000
Chuffed Prop,jobshop,jobshop/jobshop_gini.mzn,jobshop/dzn/ta66_4a_alloc1.dzn:jobshop/generated_bounds/MaxEffGini/ta66_4a_alloc1_MaxEffGini.dzn,SATISFIED,1200.4990625362843,,,,,,-19664,,,minimize,,,36,3050,,2050,9116,,,,4046,,1.00696,,4000,,MaxEff,,1050,0,,,2000
Chuffed BBval,jobshop,jobshop/jobshop_gini.mzn,jobshop/dzn/ta62_3a_alloc1.dzn:jobshop/generated_bounds/MaxEffGini/ta62_3a_alloc1_MaxEffGini.dzn,SATISFIED,1200.7661557439715,1012,2385268,387583,4050,383531,-20028,363183344,0.19,minimize,0.0,39,39,3050,740292088,2050,9118,-20028,1578361,1198.97,4048,766790,1.02845,0.0,4000,766790,MaxEff,1.41,1050,0,5066,416.291,2000
Chuffed BBval,jobshop,jobshop/jobshop_gini.mzn,jobshop/dzn/ta79_7a_alloc1.dzn:jobshop/generated_bounds/MaxEffGini/ta79_7a_alloc1_MaxEffGini.dzn,SATISFIED,1201.3116001244634,2021,1605324,1404025,8089,1395934,-44118,211607734,0.388,minimize,0.0,125,125,6100,1780248532,4100,18207,-44118,1069851,1198.034,8087,281703,1.96353,0.0,8000,281703,MaxEff,3.16,2100,0,10094,217.846,4000
Chuffed BB,jobshop,jobshop/jobshop_gini.mzn,jobshop/dzn/ta72_8a_alloc1.dzn:jobshop/generated_bounds/MaxEffGini/ta72_8a_alloc1_MaxEffGini.dzn,SATISFIED,1201.450370810926,2019,2233139,1592952,8090,1584860,-44181,207258777,0.382,minimize,0.0,208,208,6100,-392991232,4100,18209,-44181,1513393,1198.004,8089,298848,2.001389,0.0,8000,298848,MaxEff,3.16,2100,0,10098,609.846,4000
Chuffed Prop,jobshop,jobshop/jobshop_gini.mzn,jobshop/dzn/ta77_9a_alloc1.dzn:jobshop/generated_bounds/MaxEffGini/ta77_9a_alloc1_MaxEffGini.dzn,SATISFIED,1200.6989526972175,,,,,,-43567,,,minimize,,,94,6100,,4100,18217,,,,8097,,2.024859,,8000,,MaxEff,,2100,0,,,4000
Chuffed BBval,jobshop,jobshop/jobshop_gini.mzn,jobshop/dzn/ta36_2a_alloc1.dzn:jobshop/generated_bounds/MaxEffGini/ta36_2a_alloc1_MaxEffGini.dzn,SATISFIED,1200.504626058042,460,3584735,186643,1834,184807,-8472,396993018,0.082,minimize,0.0,30,30,1380,2016675614,930,4127,-8472,2601373,1199.466,1832,969393,0.531441,0.0,1800,969393,MaxEff,0.63,480,0,2299,1076.769,900
Chuffed BB,jobshop,jobshop/jobshop_gini.mzn,jobshop/dzn/ta50_2a_alloc1.dzn:jobshop/generated_bounds/MaxEffGini/ta50_2a_alloc1_MaxEffGini.dzn,SATISFIED,1200.6470142435282,602,3170927,284707,2433,282272,-9588,617032441,0.113,minimize,0.0,30,30,1830,1085947811,1230,5482,-9588,2869395,1199.321,2432,285294,0.681351,0.0,2400,285294,MaxEff,0.63,630,0,3054,912.394,1200
Chuffed BB,jobshop,jobshop/jobshop_gini.mzn,jobshop/dzn/ta50_3a_alloc1.dzn:jobshop/generated_bounds/MaxEffGini/ta50_3a_alloc1_MaxEffGini.dzn,SATISFIED,1200.5884153433144,602,3410423,286087,2434,283651,-9465,553911145,0.113,minimize,0.0,38,38,1830,855342777,1230,5483,-9465,3060168,1199.392,2433,330285,0.605918,0.0,2400,330285,MaxEff,0.63,630,0,3056,780.05,1200
Chuffed BB,jobshop,jobshop/jobshop_gini.mzn,jobshop/dzn/ta79_8a_alloc1.dzn:jobshop/generated_bounds/MaxEffGini/ta79_8a_alloc1_MaxEffGini.dzn,SATISFIED,1201.3426335938275,2022,1751615,1436533,8089,1428442,-44118,222074560,0.388,minimize,0.0,162,162,6100,-806287406,4100,18208,-44118,1142922,1198.121,8088,280259,1.87964,0.0,8000,280259,MaxEff,3.16,2100,0,10096,265.543999,4000
Chuffed BB,jobshop,jobshop/jobshop_gini.mzn,jobshop/dzn/ta51_5a_alloc1.dzn:jobshop/generated_bounds/MaxEffGini/ta51_5a_alloc1_MaxEffGini.dzn,SATISFIED,1200.6702296677977,764,3748719,218384,3053,215329,-14795,284341514,0.143,minimize,0.0,50,50,2300,301876944,1550,6867,-14795,2493090,1199.174,3052,1216949,0.827003,0.0,3000,1216949,MaxEff,0.94,800,0,3819,5.234,1500
Chuffed BB,jobshop,jobshop/jobshop_gini.mzn,jobshop/dzn/ta39_2a_alloc1.dzn:jobshop/generated_bounds/MaxEffGini/ta39_2a_alloc1_MaxEffGini.dzn,SATISFIED,1200.5100863873959,458,1845809,180519,1829,178688,-8323,480893457,0.081,minimize,0.0,23,23,1380,-777956194,930,4123,-8323,1065386,1199.492,1828,769693,0.509713,0.0,1800,769693,MaxEff,0.94,480,0,2291,128.211,900
Chuffed BB,jobshop,jobshop/jobshop_gini.mzn,jobshop/dzn/ta75_5a_alloc1.dzn:jobshop/generated_bounds/MaxEffGini/ta75_5a_alloc1_MaxEffGini.dzn,SATISFIED,1201.3706124350429,2020,1659320,1388621,8084,1380535,-44353,205374569,0.386,minimize,0.0,130,130,6100,-1513760176,4100,18203,-44353,1033960,1198.097,8083,361676,1.90196,0.0,8000,361676,MaxEff,3.16,2100,0,10086,83.594,4000
Chuffed Prop,jobshop,jobshop/jobshop_gini.mzn,jobshop/dzn/ta61_3a_alloc1.dzn:jobshop/generated_bounds/MaxEffGini/ta61_3a_alloc1_MaxEffGini.dzn,SATISFIED,1200.501910014078,,,,,,-19457,,,minimize,,,64,3050,,2050,9114,,,,4044,,0.998509,,4000,,MaxEff,,1050,0,,,2000
Chuffed BBval,jobshop,jobshop/jobshop_gini.mzn,jobshop/dzn/ta80_8a_alloc1.dzn:jobshop/generated_bounds/MaxEffGini/ta80_8a_alloc1_MaxEffGini.dzn,SATISFIED,1201.3440882544965,2017,1926933,1438229,8093,1430134,-42044,194714331,0.368,minimize,0.0,148,148,6100,-60013690,4100,18211,-42044,1341391,1198.127,8091,285956,1.87034,0.0,8000,285956,MaxEff,3.16,2100,0,10102,214.677,4000
Chuffed BBval,jobshop,jobshop/jobshop_gini.mzn,jobshop/dzn/ta69_5a_alloc1.dzn:jobshop/generated_bounds/MaxEffGini/ta69_5a_alloc1_MaxEffGini.dzn,SATISFIED,1200.7490750961006,1016,2868842,418861,4052,414807,-21599,249219558,0.184,minimize,0.0,47,47,3050,-1802660481,2050,9120,-21599,2193746,1199.012,4050,626824,0.98905,0.0,4000,626824,MaxEff,1.41,1050,0,5070,569.336,2000
Chuffed Prop,jobshop,jobshop/jobshop_gini.mzn,jobshop/dzn/ta64_3a_alloc1.dzn:jobshop/generated_bounds/MaxEffGini/ta64_3a_alloc1_MaxEffGini.dzn,SATISFIED,1200.5027015898377,,,,,,-18502,,,minimize,,,53,3050,,2050,9107,,,,4037,,1.00696,,4000,,MaxEff,,1050,0,,,2000
Chuffed Prop,jobshop,jobshop/jobshop_gini.mzn,jobshop/dzn/ta53_3a_alloc1.dzn:jobshop/generated_bounds/MaxEffGini/ta53_3a_alloc1_MaxEffGini.dzn,SATISFIED,1200.4972045086324,,,,,,-15127,,,minimize,,,51,2300,,1550,6863,,,,3048,,0.818616,,3000,,MaxEff,,800,0,,,1500
Chuffed BB,jobshop,jobshop/jobshop_gini.mzn,jobshop/dzn/ta41_3a_alloc1.dzn:jobshop/generated_bounds/MaxEffGini/ta41_3a_alloc1_MaxEffGini.dzn,SATISFIED,1200.624681385234,608,3254809,288370,2433,285935,-10969,481151178,0.113,minimize,0.0,31,31,1830,375879858,1230,5482,-10969,2769626,1199.391,2432,466922,0.608323,0.0,2400,466922,MaxEff,0.63,630,0,3054,692.731,1200
Chuffed Prop,jobshop,jobshop/jobshop_gini.mzn,jobshop/dzn/ta51_5a_alloc1.dzn:jobshop/generated_bounds/MaxEffGini/ta51_5a_alloc1_MaxEffGini.dzn,SATISFIED,1200.520660892129,,,,,,-14795,,,minimize,,,50,2300,,1550,6867,,,,3052,,0.818239,,3000,,MaxEff,,800,0,,,1500
Chuffed BBval,jobshop,jobshop/jobshop_gini.mzn,jobshop/dzn/ta80_6a_alloc1.dzn:jobshop/generated_bounds/MaxEffGini/ta80_6a_alloc1_MaxEffGini.dzn,SATISFIED,1201.4855542685837,2017,5186576,1523047,8091,1514954,-42044,548235647,0.389,minimize,0.0,200,200,6100,579192396,4100,18209,-42044,4474636,1198.035,8089,307693,1.96719,0.0,8000,307693,MaxEff,3.16,2100,0,10098,813.621,4000
Chuffed BBval,jobshop,jobshop/jobshop_gini.mzn,jobshop/dzn/ta76_8a_alloc1.dzn:jobshop/generated_bounds/MaxEffGini/ta76_8a_alloc1_MaxEffGini.dzn,SATISFIED,1201.4407058041543,2020,3436088,1439072,8089,1430981,-42120,285771591,0.376,minimize,0.0,234,234,6100,-235388061,4100,18207,-42120,2596902,1198.137,8087,365951,1.86629,0.0,8000,365951,MaxEff,3.16,2100,0,10094,635.545,4000
Chuffed BB,jobshop,jobshop/jobshop_gini.mzn,jobshop/dzn/ta80_10a_alloc1.dzn:jobshop/generated_bounds/MaxEffGini/ta80_10a_alloc1_MaxEffGini.dzn,SATISFIED,1201.4559036325663,2018,1787326,1435644,8094,1427548,-42044,193888958,0.384,minimize,0.0,140,140,6100,-1616387628,4100,18213,-42044,1227385,1197.979,8093,276272,2.022609,0.0,8000,276272,MaxEff,3.16,2100,0,10106,251.147,4000
Chuffed BB,jobshop,jobshop/jobshop_gini.mzn,jobshop/dzn/ta74_6a_alloc1.dzn:jobshop/generated_bounds/MaxEffGini/ta74_6a_alloc1_MaxEffGini.dzn,SATISFIED,1201.4519484750926,2020,2398289,1776260,8086,1768172,-47213,206897411,0.376,minimize,0.0,304,304,6100,-410755839,4100,18205,-47213,1538432,1198.162,8085,245673,1.83832,0.0,8000,245673,MaxEff,3.16,2100,0,10090,632.633,4000
Chuffed Prop,jobshop,jobshop/jobshop_gini.mzn,jobshop/dzn/ta79_7a_alloc1.dzn:jobshop/generated_bounds/MaxEffGini/ta79_7a_alloc1_MaxEffGini.dzn,SATISFIED,1200.6604354642332,,,,,,-44118,,,minimize,,,125,6100,,4100,18207,,,,8087,,2.00627,,8000,,MaxEff,,2100,0,,,4000
Chuffed Prop,jobshop,jobshop/jobshop_gini.mzn,jobshop/dzn/ta44_3a_alloc1.dzn:jobshop/generated_bounds/MaxEffGini/ta44_3a_alloc1_MaxEffGini.dzn,SATISFIED,1200.399550139904,,,,,,-10580,,,minimize,,,19,1830,,1230,5481,,,,2431,,0.657436,,2400,,MaxEff,,630,0,,,1200
Chuffed BBval,jobshop,jobshop/jobshop_gini.mzn,jobshop/dzn/ta78_7a_alloc1.dzn:jobshop/generated_bounds/MaxEffGini/ta78_7a_alloc1_MaxEffGini.dzn,SATISFIED,1201.3769670650363,2020,2660673,1447839,8090,1439747,-43882,273732645,0.387,minimize,0.0,148,148,6100,570212458,4100,18208,-43882,2018391,1198.06,8088,342065,1.94353,0.0,8000,342065,MaxEff,3.16,2100,0,10096,197.207,4000
Chuffed BB,jobshop,jobshop/jobshop_gini.mzn,jobshop/dzn/ta72_6a_alloc1.dzn:jobshop/generated_bounds/MaxEffGini/ta72_6a_alloc1_MaxEffGini.dzn,SATISFIED,1201.476986836642,2019,1814093,1536021,8088,1527931,-44181,188950932,0.38,minimize,0.0,155,155,6100,1019773815,4100,18207,-44181,1221051,1198.046,8087,279118,1.95321,0.0,8000,279118,MaxEff,3.16,2100,0,10094,452.208,4000
Chuffed BBval,jobshop,jobshop/jobshop_gini.mzn,jobshop/dzn/ta52_3a_alloc1.dzn:jobshop/generated_bounds/MaxEffGini/ta52_3a_alloc1_MaxEffGini.dzn,SATISFIED,1200.6871773339808,762,5322075,248998,3049,245947,-15141,211815705,0.137,minimize,0.0,39,39,2300,-1357459674,1550,6862,-15141,4393672,1199.215,3047,898100,0.782509,0.0,3000,898100,MaxEff,0.94,800,0,3809,2.373,1500
Chuffed BB,jobshop,jobshop/jobshop_gini.mzn,jobshop/dzn/ta32_3a_alloc1.dzn:jobshop/generated_bounds/MaxEffGini/ta32_3a_alloc1_MaxEffGini.dzn,SATISFIED,1200.5381963457912,460,3287901,231298,1833,229463,-8878,451132391,0.085,minimize,0.0,33,33,1380,250430624,930,4127,-8878,2488420,1199.483,1832,784275,0.515789,0.0,1800,784275,MaxEff,0.63,480,0,2299,914.252,900
Chuffed BB,jobshop,jobshop/jobshop_gini.mzn,jobshop/dzn/ta56_3a_alloc1.dzn:jobshop/generated_bounds/MaxEffGini/ta56_3a_alloc1_MaxEffGini.dzn,SATISFIED,1200.7107293531299,765,3052591,277265,3047,274216,-15896,257234670,0.14,minimize,0.0,51,51,2300,287638532,1550,6861,-15896,2208596,1199.224,3046,804595,0.774713,0.0,3000,804595,MaxEff,0.94,800,0,3807,7.134,1500
Chuffed BB,jobshop,jobshop/jobshop_gini.mzn,jobshop/dzn/ta76_8a_alloc1.dzn:jobshop/generated_bounds/MaxEffGini/ta76_8a_alloc1_MaxEffGini.dzn,SATISFIED,1201.4242934435606,2021,2525131,1468458,8088,1460368,-43048,197416035,0.384,minimize,0.0,237,237,6100,-1465467533,4100,18207,-43048,1708961,1198.007,8087,336689,2.00087,0.0,8000,336689,MaxEff,3.16,2100,0,10094,1091.067,4000
Chuffed BBval,jobshop,jobshop/jobshop_gini.mzn,jobshop/dzn/ta60_4a_alloc1.dzn:jobshop/generated_bounds/MaxEffGini/ta60_4a_alloc1_MaxEffGini.dzn,SATISFIED,1200.614163549617,764,5435823,289219,3054,286163,-15124,243068480,0.135,minimize,0.0,56,56,2300,64846571,1550,6867,-15124,4443009,1199.291,3052,949673,0.753193,0.0,3000,949673,MaxEff,0.94,800,0,3819,10.759,1500
Chuffed BBval,jobshop,jobshop/jobshop_gini.mzn,jobshop/dzn/ta73_9a_alloc1.dzn:jobshop/generated_bounds/MaxEffGini/ta73_9a_alloc1_MaxEffGini.dzn,SATISFIED,1201.1014973614365,2016,8474537,464928,8095,456831,-22610,897812244,0.378,minimize,0.0,43,43,6100,1129184599,4100,18213,-22610,8006977,1198.131,8093,379447,1.87069,0.0,8000,379447,MaxEff,1.41,2100,0,10106,549.244,4000
Chuffed Prop,jobshop,jobshop/jobshop_gini.mzn,jobshop/dzn/ta71_7a_alloc1.dzn:jobshop/generated_bounds/MaxEffGini/ta71_7a_alloc1_MaxEffGini.dzn,SATISFIED,1200.7436059564352,,,,,,-44233,,,minimize,,,161,6100,,4100,18211,,,,8091,,1.8509,,8000,,MaxEff,,2100,0,,,4000
Chuffed BBval,jobshop,jobshop/jobshop_gini.mzn,jobshop/dzn/ta50_3a_alloc1.dzn:jobshop/generated_bounds/MaxEffGini/ta50_3a_alloc1_MaxEffGini.dzn,SATISFIED,1200.5735596492887,602,3610741,288122,2435,285685,-9465,617529712,0.114,minimize,0.0,38,38,1830,1113218102,1230,5483,-9465,3255515,1199.344,2433,335312,0.653493,0.0,2400,335312,MaxEff,0.63,630,0,3056,935.543,1200
Chuffed BBval,jobshop,jobshop/jobshop_gini.mzn,jobshop/dzn/ta41_2a_alloc1.dzn:jobshop/generated_bounds/MaxEffGini/ta41_2a_alloc1_MaxEffGini.dzn,SATISFIED,1200.5719065312296,608,3514416,272870,2433,270435,-11231,508967551,0.113,minimize,0.0,34,34,1830,-184677869,1230,5481,-11231,2996701,1199.351,2431,497882,0.648208,0.0,2400,497882,MaxEff,0.94,630,0,3052,938.156,1200
Chuffed BBval,jobshop,jobshop/jobshop_gini.mzn,jobshop/dzn/ta54_4a_alloc1.dzn:jobshop/generated_bounds/MaxEffGini/ta54_4a_alloc1_MaxEffGini.dzn,SATISFIED,1200.622715972364,762,2509912,332007,3053,328952,-15857,305836473,0.138,minimize,0.0,60,60,2300,1575227332,1550,6866,-15857,1797644,1199.23,3051,666249,0.771731,0.0,3000,666249,MaxEff,0.94,800,0,3817,10.062,1500
Chuffed BB,jobshop,jobshop/jobshop_gini.mzn,jobshop/dzn/ta48_3a_alloc1.dzn:jobshop/generated_bounds/MaxEffGini/ta48_3a_alloc1_MaxEffGini.dzn,SATISFIED,1200.5590792372823,606,3562559,251591,2432,249157,-10292,484927026,0.111,minimize,0.0,25,25,1830,-163453505,1230,5481,-10292,2899293,1199.398,2431,648435,0.605547,0.0,2400,648435,MaxEff,0.94,630,0,3052,1165.58,1200
Chuffed BB,jobshop,jobshop/jobshop_gini.mzn,jobshop/dzn/ta71_6a_alloc1.dzn:jobshop/generated_bounds/MaxEffGini/ta71_6a_alloc1_MaxEffGini.dzn,SATISFIED,1201.4091895632446,2019,2928261,1559495,8091,1551402,-42146,188704368,0.384,minimize,0.0,189,189,6100,1276147946,4100,18210,-42146,2091397,1198.069,8090,454204,1.93008,0.0,8000,454204,MaxEff,3.16,2100,0,10100,311.833,4000
Chuffed BB,jobshop,jobshop/jobshop_gini.mzn,jobshop/dzn/ta75_8a_alloc1.dzn:jobshop/generated_bounds/MaxEffGini/ta75_8a_alloc1_MaxEffGini.dzn,SATISFIED,1201.6131289936602,2020,1856204,1783906,8087,1775817,-42812,249749573,0.384,minimize,0.0,190,190,6100,908995972,4100,18206,-42812,1242144,1198.013,8086,229456,1.98747,0.0,8000,229456,MaxEff,3.16,2100,0,10092,1126.854,4000
Chuffed BB,jobshop,jobshop/jobshop_gini.mzn,jobshop/dzn/ta33_3a_alloc1.dzn:jobshop/generated_bounds/MaxEffGini/ta33_3a_alloc1_MaxEffGini.dzn,SATISFIED,1200.5232498832047,461,2933152,197823,1833,195988,-8842,463290619,0.085,minimize,0.0,34,34,1380,522251162,930,4127,-8842,1911857,1199.488,1832,1005476,0.510812,0.0,1800,1005476,MaxEff,0.63,480,0,2299,468.407,900
Chuffed BB,jobshop,jobshop/jobshop_gini.mzn,jobshop/dzn/ta75_9a_alloc1.dzn:jobshop/generated_bounds/MaxEffGini/ta75_9a_alloc1_MaxEffGini.dzn,SATISFIED,1201.1470378730446,2016,3309085,619372,8088,611282,-21755,392280540,0.378,minimize,0.0,85,85,6100,2105988637,4100,18207,-21755,2997044,1198.031,8087,139612,1.97256,0.0,8000,139612,MaxEff,1.41,2100,0,10094,1124.457,4000
Chuffed BBval,jobshop,jobshop/jobshop_gini.mzn,jobshop/dzn/ta64_3a_alloc1.dzn:jobshop/generated_bounds/MaxEffGini/ta64_3a_alloc1_MaxEffGini.dzn,SATISFIED,1200.746628843248,1016,2614873,350837,4039,346796,-18502,278218244,0.184,minimize,0.0,53,53,3050,1049644056,2050,9107,-18502,1892404,1198.984,4037,668158,1.01367,0.0,4000,668158,MaxEff,0.94,1050,0,5044,214.021,2000
Chuffed Prop,jobshop,jobshop/jobshop_gini.mzn,jobshop/dzn/ta54_5a_alloc1.dzn:jobshop/generated_bounds/MaxEffGini/ta54_5a_alloc1_MaxEffGini.dzn,SATISFIED,1200.4500716216862,,,,,,-16041,,,minimize,,,66,2300,,1550,6867,,,,3052,,0.817544,,3000,,MaxEff,,800,0,,,1500
Chuffed Prop,jobshop,jobshop/jobshop_gini.mzn,jobshop/dzn/ta48_3a_alloc1.dzn:jobshop/generated_bounds/MaxEffGini/ta48_3a_alloc1_MaxEffGini.dzn,SATISFIED,1200.362048363313,,,,,,-10459,,,minimize,,,29,1830,,1230,5481,,,,2431,,0.643166,,2400,,MaxEff,,630,0,,,1200
Chuffed BB,jobshop,jobshop/jobshop_gini.mzn,jobshop/dzn/ta76_5a_alloc1.dzn:jobshop/generated_bounds/MaxEffGini/ta76_5a_alloc1_MaxEffGini.dzn,SATISFIED,1201.4435800071806,2021,2383642,1377800,8085,1369713,-43048,193201338,0.385,minimize,0.0,151,151,6100,1774615442,4100,18204,-43048,1707059,1198.098,8084,370486,1.90288,0.0,8000,370486,MaxEff,3.16,2100,0,10088,1004.255,4000
Chuffed BBval,jobshop,jobshop/jobshop_gini.mzn,jobshop/dzn/ta74_7a_alloc1.dzn:jobshop/generated_bounds/MaxEffGini/ta74_7a_alloc1_MaxEffGini.dzn,SATISFIED,1201.444500938058,2019,4785992,1672797,8088,1664707,-47213,442160956,0.385,minimize,0.0,168,168,6100,209619850,4100,18206,-47213,4111233,1198.117,8086,334692,1.88188,0.0,8000,334692,MaxEff,3.16,2100,0,10092,917.243,4000
Chuffed BB,jobshop,jobshop/jobshop_gini.mzn,jobshop/dzn/ta78_7a_alloc1.dzn:jobshop/generated_bounds/MaxEffGini/ta78_7a_alloc1_MaxEffGini.dzn,SATISFIED,1201.4089279323816,2021,1741688,1431894,8089,1423803,-43882,205064613,0.385,minimize,0.0,148,148,6100,572390731,4100,18208,-43882,1136193,1198.121,8088,305121,1.87826,0.0,8000,305121,MaxEff,3.16,2100,0,10096,138.736,4000
Chuffed BB,jobshop,jobshop/jobshop_gini.mzn,jobshop/dzn/ta54_5a_alloc1.dzn:jobshop/generated_bounds/MaxEffGini/ta54_5a_alloc1_MaxEffGini.dzn,SATISFIED,1200.647966582328,762,3072838,349853,3053,346798,-16041,237562519,0.141,minimize,0.0,65,65,2300,-1254772166,1550,6867,-16041,2309915,1199.178,3052,713040,0.820887,0.0,3000,713040,MaxEff,0.94,800,0,3819,40.082,1500
Chuffed BB,jobshop,jobshop/jobshop_gini.mzn,jobshop/dzn/ta42_3a_alloc1.dzn:jobshop/generated_bounds/MaxEffGini/ta42_3a_alloc1_MaxEffGini.dzn,SATISFIED,1200.6229678466916,609,3143419,270436,2433,268001,-10712,540356502,0.112,minimize,0.0,19,19,1830,-2041596666,1230,5482,-10712,2675545,1199.389,2432,456525,0.614164,0.0,2400,456525,MaxEff,0.94,630,0,3054,597.265,1200
Chuffed BB,jobshop,jobshop/jobshop_gini.mzn,jobshop/dzn/ta69_4a_alloc1.dzn:jobshop/generated_bounds/MaxEffGini/ta69_4a_alloc1_MaxEffGini.dzn,SATISFIED,1200.7971681486815,1017,2707344,416525,4050,412473,-21599,253889058,0.189,minimize,0.0,49,49,3050,-723072194,2050,9119,-21599,2028923,1198.947,4049,628076,1.05424,0.0,4000,628076,MaxEff,1.41,1050,0,5068,645.844,2000
Chuffed Prop,jobshop,jobshop/jobshop_gini.mzn,jobshop/dzn/ta74_9a_alloc1.dzn:jobshop/generated_bounds/MaxEffGini/ta74_9a_alloc1_MaxEffGini.dzn,SATISFIED,1200.6827818062156,,,,,,-47213,,,minimize,,,155,6100,,4100,18208,,,,8088,,1.89117,,8000,,MaxEff,,2100,0,,,4000
Chuffed BBval,jobshop,jobshop/jobshop_gini.mzn,jobshop/dzn/ta52_5a_alloc1.dzn:jobshop/generated_bounds/MaxEffGini/ta52_5a_alloc1_MaxEffGini.dzn,SATISFIED,1200.644372722134,762,5545473,248490,3051,245437,-14935,227307990,0.139,minimize,0.0,36,36,2300,389350575,1550,6864,-14935,4527473,1199.225,3049,990014,0.775239,0.0,3000,990014,MaxEff,0.94,800,0,3813,3.113,1500
Chuffed BBval,jobshop,jobshop/jobshop_gini.mzn,jobshop/dzn/ta32_3a_alloc1.dzn:jobshop/generated_bounds/MaxEffGini/ta32_3a_alloc1_MaxEffGini.dzn,SATISFIED,1200.5657213646919,459,3419855,236536,1834,234700,-8878,462594917,0.084,minimize,0.0,33,33,1380,-998888175,930,4127,-8878,2614161,1199.483,1832,790522,0.514588,0.0,1800,790522,MaxEff,0.63,480,0,2299,1157.821,900
Chuffed BB,jobshop,jobshop/jobshop_gini.mzn,jobshop/dzn/ta78_10a_alloc1.dzn:jobshop/generated_bounds/MaxEffGini/ta78_10a_alloc1_MaxEffGini.dzn,SATISFIED,1201.3595074750483,2021,1632839,1389291,8092,1381197,-43882,186179992,0.378,minimize,0.0,132,132,6100,1224716136,4100,18211,-43882,1059748,1198.124,8091,304989,1.87803,0.0,8000,304989,MaxEff,3.16,2100,0,10102,114.197,4000
Chuffed Prop,jobshop,jobshop/jobshop_gini.mzn,jobshop/dzn/ta43_3a_alloc1.dzn:jobshop/generated_bounds/MaxEffGini/ta43_3a_alloc1_MaxEffGini.dzn,SATISFIED,1200.3135614898056,,,,,,-9638,,,minimize,,,25,1830,,1230,5476,,,,2426,,0.6461,,2400,,MaxEff,,630,0,,,1200
Chuffed Prop,jobshop,jobshop/jobshop_gini.mzn,jobshop/dzn/ta63_5a_alloc1.dzn:jobshop/generated_bounds/MaxEffGini/ta63_5a_alloc1_MaxEffGini.dzn,SATISFIED,1200.5422011762857,,,,,,-18001,,,minimize,,,55,3050,,2050,9121,,,,4051,,1.005139,,4000,,MaxEff,,1050,0,,,2000
Chuffed BB,jobshop,jobshop/jobshop_gini.mzn,jobshop/dzn/ta56_5a_alloc1.dzn:jobshop/generated_bounds/MaxEffGini/ta56_5a_alloc1_MaxEffGini.dzn,SATISFIED,1200.6065245084465,765,3410198,278286,3049,275235,-15896,267493855,0.142,minimize,0.0,51,51,2300,-1716236074,1550,6863,-15896,2548610,1199.226,3048,822169,0.772221,0.0,3000,822169,MaxEff,0.94,800,0,3811,6.879,1500
Chuffed Prop,jobshop,jobshop/jobshop_gini.mzn,jobshop/dzn/ta74_10a_alloc1.dzn:jobshop/generated_bounds/MaxEffGini/ta74_10a_alloc1_MaxEffGini.dzn,SATISFIED,1200.6917901039124,,,,,,-47213,,,minimize,,,151,6100,,4100,18209,,,,8089,,1.98244,,8000,,MaxEff,,2100,0,,,4000
Chuffed BBval,jobshop,jobshop/jobshop_gini.mzn,jobshop/dzn/ta64_4a_alloc1.dzn:jobshop/generated_bounds/MaxEffGini/ta64_4a_alloc1_MaxEffGini.dzn,SATISFIED,1200.7066889964044,1016,2565833,346978,4040,342936,-18502,299915055,0.185,minimize,0.0,50,50,3050,75834125,2050,9108,-18502,1843328,1198.944,4038,671152,1.05424,0.0,4000,671152,MaxEff,1.41,1050,0,5046,226.462,2000
Chuffed BB,jobshop,jobshop/jobshop_gini.mzn,jobshop/dzn/ta66_3a_alloc1.dzn:jobshop/generated_bounds/MaxEffGini/ta66_3a_alloc1_MaxEffGini.dzn,SATISFIED,1200.7355483528227,1015,2599040,330677,4046,326629,-19664,304219862,0.186,minimize,0.0,38,38,3050,-760843058,2050,9115,-19664,1802518,1198.993,4045,757308,1.006529,0.0,4000,757308,MaxEff,1.41,1050,0,5060,100.456,2000
Chuffed BB,jobshop,jobshop/jobshop_gini.mzn,jobshop/dzn/ta74_5a_alloc1.dzn:jobshop/generated_bounds/MaxEffGini/ta74_5a_alloc1_MaxEffGini.dzn,SATISFIED,1201.4647924955934,2020,1979829,1573458,8085,1565371,-47213,189319670,0.38,minimize,0.0,121,121,6100,-1792236433,4100,18204,-47213,1471037,1198.115,8084,263210,1.89041,0.0,8000,263210,MaxEff,3.16,2100,0,10088,578.291,4000
Chuffed BB,jobshop,jobshop/jobshop_gini.mzn,jobshop/dzn/ta77_8a_alloc1.dzn:jobshop/generated_bounds/MaxEffGini/ta77_8a_alloc1_MaxEffGini.dzn,SATISFIED,1201.3568319678307,2020,1799589,1297622,8097,1289523,-43567,192673009,0.391,minimize,0.0,100,100,6100,-844727834,4100,18216,-43567,1334182,1198.021,8096,262074,1.9796,0.0,8000,262074,MaxEff,3.16,2100,0,10112,707.132,4000
Chuffed BB,jobshop,jobshop/jobshop_gini.mzn,jobshop/dzn/ta59_3a_alloc1.dzn:jobshop/generated_bounds/MaxEffGini/ta59_3a_alloc1_MaxEffGini.dzn,SATISFIED,1200.6119683478028,761,5813571,217554,3049,214503,-14640,291829835,0.139,minimize,0.0,49,49,2300,342979811,1550,6863,-14640,4327530,1199.237,3048,1448228,0.767079,0.0,3000,1448228,MaxEff,0.94,800,0,3811,5.105,1500
Chuffed Prop,jobshop,jobshop/jobshop_gini.mzn,jobshop/dzn/ta80_6a_alloc1.dzn:jobshop/generated_bounds/MaxEffGini/ta80_6a_alloc1_MaxEffGini.dzn,SATISFIED,1200.660160701722,,,,,,-42044,,,minimize,,,200,6100,,4100,18209,,,,8089,,1.87909,,8000,,MaxEff,,2100,0,,,4000
Chuffed BB,jobshop,jobshop/jobshop_gini.mzn,jobshop/dzn/ta73_7a_alloc1.dzn:jobshop/generated_bounds/MaxEffGini/ta73_7a_alloc1_MaxEffGini.dzn,SATISFIED,1201.4134713038802,2020,1497348,1271958,8092,1263864,-45238,179010140,0.39,minimize,0.0,117,117,6100,-321643134,4100,18211,-45238,992697,1198.019,8091,267080,1.97889,0.0,8000,267080,MaxEff,3.16,2100,0,10102,1189.176,4000
Chuffed BBval,jobshop,jobshop/jobshop_gini.mzn,jobshop/dzn/ta75_10a_alloc1.dzn:jobshop/generated_bounds/MaxEffGini/ta75_10a_alloc1_MaxEffGini.dzn,SATISFIED,1201.342981075868,2019,1630291,1388910,8090,1380818,-44353,193160093,0.379,minimize,0.0,127,127,6100,1665732614,4100,18208,-44353,1011143,1198.059,8088,361595,1.9404,0.0,8000,361595,MaxEff,3.16,2100,0,10096,60.621,4000
Chuffed BBval,jobshop,jobshop/jobshop_gini.mzn,jobshop/dzn/ta77_9a_alloc1.dzn:jobshop/generated_bounds/MaxEffGini/ta77_9a_alloc1_MaxEffGini.dzn,SATISFIED,1201.320638075471,2019,1826201,1283620,8099,1275519,-43567,188263975,0.384,minimize,0.0,94,94,6100,31947483,4100,18217,-43567,1361788,1198.097,8097,273263,1.90329,0.0,8000,273263,MaxEff,3.16,2100,0,10114,818.731,4000
Chuffed BB,jobshop,jobshop/jobshop_gini.mzn,jobshop/dzn/ta46_3a_alloc1.dzn:jobshop/generated_bounds/MaxEffGini/ta46_3a_alloc1_MaxEffGini.dzn,SATISFIED,1200.5314296595752,609,2998671,237252,2433,234817,-10385,500031596,0.114,minimize,0.0,23,23,1830,-1132169354,1230,5482,-10385,2332613,1199.388,2432,652032,0.613159,0.0,2400,652032,MaxEff,0.94,630,0,3054,17.11,1200
Chuffed BB,jobshop,jobshop/jobshop_gini.mzn,jobshop/dzn/ta68_3a_alloc1.dzn:jobshop/generated_bounds/MaxEffGini/ta68_3a_alloc1_MaxEffGini.dzn,SATISFIED,1200.83680238761,1014,2059846,367864,4045,363817,-19510,344213371,0.191,minimize,0.0,50,50,3050,-1165029449,2050,9114,-19510,1488898,1198.922,4044,519792,1.08048,0.0,4000,519792,MaxEff,1.41,1050,0,5058,843.973,2000
Chuffed Prop,jobshop,jobshop/jobshop_gini.mzn,jobshop/dzn/ta56_3a_alloc1.dzn:jobshop/generated_bounds/MaxEffGini/ta56_3a_alloc1_MaxEffGini.dzn,SATISFIED,1200.464098336175,,,,,,-15896,,,minimize,,,51,2300,,1550,6861,,,,3046,,0.768658,,3000,,MaxEff,,800,0,,,1500
Chuffed BB,jobshop,jobshop/jobshop_gini.mzn,jobshop/dzn/ta35_3a_alloc1.dzn:jobshop/generated_bounds/MaxEffGini/ta35_3a_alloc1_MaxEffGini.dzn,SATISFIED,1200.6188292689621,460,3716777,201925,1831,200092,-8281,430032269,0.083,minimize,0.0,37,37,1380,-823877801,930,4125,-8281,2653531,1199.484,1830,1046096,0.514721,0.0,1800,1046096,MaxEff,0.94,480,0,2295,727.358,900
Chuffed BB,jobshop,jobshop/jobshop_gini.mzn,jobshop/dzn/ta73_8a_alloc1.dzn:jobshop/generated_bounds/MaxEffGini/ta73_8a_alloc1_MaxEffGini.dzn,SATISFIED,1201.5499269850552,2020,2069494,1678181,8093,1670086,-44315,276830223,0.392,minimize,0.0,271,271,6100,-1786552492,4100,18212,-44315,1293419,1198.013,8092,228151,1.98704,0.0,8000,228151,MaxEff,3.16,2100,0,10104,514.183,4000
Chuffed BB,jobshop,jobshop/jobshop_gini.mzn,jobshop/dzn/ta37_2a_alloc1.dzn:jobshop/generated_bounds/MaxEffGini/ta37_2a_alloc1_MaxEffGini.dzn,SATISFIED,1200.5219327602535,462,3770040,166932,1833,165097,-8284,423697493,0.086,minimize,0.0,26,26,1380,1404997995,930,4127,-8284,2672264,1199.478,1832,1085529,0.519918,0.0,1800,1085529,MaxEff,0.63,480,0,2299,231.121,900
Chuffed BBval,jobshop,jobshop/jobshop_gini.mzn,jobshop/dzn/ta70_3a_alloc1.dzn:jobshop/generated_bounds/MaxEffGini/ta70_3a_alloc1_MaxEffGini.dzn,SATISFIED,1200.7307024598122,1013,2867185,359620,4045,355573,-19299,294806524,0.184,minimize,0.0,60,60,3050,516844696,2050,9113,-19299,2279704,1198.997,4043,526151,1.005339,0.0,4000,526151,MaxEff,0.94,1050,0,5056,13.316,2000
Chuffed BBval,jobshop,jobshop/jobshop_gini.mzn,jobshop/dzn/ta56_3a_alloc1.dzn:jobshop/generated_bounds/MaxEffGini/ta56_3a_alloc1_MaxEffGini.dzn,SATISFIED,1200.5988506637514,764,3256445,279472,3048,276422,-15896,252458273,0.142,minimize,0.0,51,51,2300,1603698015,1550,6861,-15896,2431500,1199.23,3046,785593,0.768708,0.0,3000,785593,MaxEff,0.94,800,0,3807,5.816,1500
Chuffed Prop,jobshop,jobshop/jobshop_gini.mzn,jobshop/dzn/ta45_2a_alloc1.dzn:jobshop/generated_bounds/MaxEffGini/ta45_2a_alloc1_MaxEffGini.dzn,SATISFIED,1200.4148613363504,,,,,,-10893,,,minimize,,,26,1830,,1230,5477,,,,2427,,0.642276,,2400,,MaxEff,,630,0,,,1200
Chuffed BBval,jobshop,jobshop/jobshop_gini.mzn,jobshop/dzn/ta38_3a_alloc1.dzn:jobshop/generated_bounds/MaxEffGini/ta38_3a_alloc1_MaxEffGini.dzn,SATISFIED,1200.4876616559923,458,3055344,164979,1834,163143,-7131,490785689,0.081,minimize,0.0,19,19,1380,755379976,930,4127,-7131,2023547,1199.486,1832,1022945,0.512332,0.0,1800,1022945,MaxEff,0.63,480,0,2299,67.033,900
Chuffed BBval,jobshop,jobshop/jobshop_gini.mzn,jobshop/dzn/ta63_5a_alloc1.dzn:jobshop/generated_bounds/MaxEffGini/ta63_5a_alloc1_MaxEffGini.dzn,SATISFIED,1200.738277638331,1015,2162184,334206,4053,330151,-18001,342094712,0.187,minimize,0.0,55,55,3050,-812349551,2050,9121,-18001,1464035,1198.985,4051,641766,1.014459,0.0,4000,641766,MaxEff,0.94,1050,0,5072,28.297,2000
Chuffed BB,jobshop,jobshop/jobshop_gini.mzn,jobshop/dzn/ta75_6a_alloc1.dzn:jobshop/generated_bounds/MaxEffGini/ta75_6a_alloc1_MaxEffGini.dzn,SATISFIED,1201.4506101999432,2020,1828366,1423976,8085,1415889,-44353,205369842,0.386,minimize,0.0,175,175,6100,-1728798,4100,18204,-44353,1120594,1198.013,8084,353644,1.98641,0.0,8000,353644,MaxEff,3.16,2100,0,10088,113.014,4000
Chuffed Prop,jobshop,jobshop/jobshop_gini.mzn,jobshop/dzn/ta64_4a_alloc1.dzn:jobshop/generated_bounds/MaxEffGini/ta64_4a_alloc1_MaxEffGini.dzn,SATISFIED,1200.5840762909502,,,,,,-18502,,,minimize,,,50,3050,,2050,9108,,,,4038,,1.09196,,4000,,MaxEff,,1050,0,,,2000
Chuffed Prop,jobshop,jobshop/jobshop_gini.mzn,jobshop/dzn/ta34_2a_alloc1.dzn:jobshop/generated_bounds/MaxEffGini/ta34_2a_alloc1_MaxEffGini.dzn,SATISFIED,1200.4037863016129,,,,,,-10261,,,minimize,,,28,1380,,930,4127,,,,1832,,0.512646,,1800,,MaxEff,,480,0,,,900
Chuffed BB,jobshop,jobshop/jobshop_gini.mzn,jobshop/dzn/ta71_7a_alloc1.dzn:jobshop/generated_bounds/MaxEffGini/ta71_7a_alloc1_MaxEffGini.dzn,SATISFIED,1201.4242175724357,2019,2457310,1526383,8092,1518289,-43450,195658339,0.386,minimize,0.0,158,158,6100,-1145493471,4100,18211,-43450,1768711,1198.113,8091,368447,1.88992,0.0,8000,368447,MaxEff,3.16,2100,0,10102,835.448,4000
Chuffed BBval,jobshop,jobshop/jobshop_gini.mzn,jobshop/dzn/ta71_7a_alloc1.dzn:jobshop/generated_bounds/MaxEffGini/ta71_7a_alloc1_MaxEffGini.dzn,SATISFIED,1201.4483787044883,2018,2825092,1542860,8093,1534765,-43450,212248379,0.393,minimize,0.0,158,158,6100,-2065376941,4100,18211,-43450,2136744,1198.01,8091,368346,1.98882,0.0,8000,368346,MaxEff,3.16,2100,0,10102,834.893,4000
Chuffed BBval,jobshop,jobshop/jobshop_gini.mzn,jobshop/dzn/ta78_9a_alloc1.dzn:jobshop/generated_bounds/MaxEffGini/ta78_9a_alloc1_MaxEffGini.dzn,SATISFIED,1201.3350308984518,2020,1573436,1426939,8092,1418845,-43823,278728458,0.375,minimize,0.0,141,141,6100,41042245,4100,18210,-43823,1004136,1198.165,8090,283185,1.83354,0.0,8000,283185,MaxEff,3.16,2100,0,10100,164.629,4000
Chuffed Prop,jobshop,jobshop/jobshop_gini.mzn,jobshop/dzn/ta51_4a_alloc1.dzn:jobshop/generated_bounds/MaxEffGini/ta51_4a_alloc1_MaxEffGini.dzn,SATISFIED,1200.4246521722525,,,,,,-14795,,,minimize,,,47,2300,,1550,6866,,,,3051,,0.809544,,3000,,MaxEff,,800,0,,,1500
Chuffed BBval,jobshop,jobshop/jobshop_gini.mzn,jobshop/dzn/ta73_5a_alloc1.dzn:jobshop/generated_bounds/MaxEffGini/ta73_5a_alloc1_MaxEffGini.dzn,SATISFIED,1201.2847044467926,2019,9880536,1321432,8091,1313339,-44407,844864088,0.379,minimize,0.0,181,181,6100,1391157924,4100,18209,-44407,9053611,1198.12,8089,460711,1.8788,0.0,8000,460711,MaxEff,3.16,2100,0,10098,1168.929,4000
Chuffed Prop,jobshop,jobshop/jobshop_gini.mzn,jobshop/dzn/ta79_5a_alloc1.dzn:jobshop/generated_bounds/MaxEffGini/ta79_5a_alloc1_MaxEffGini.dzn,SATISFIED,1200.6509978603572,,,,,,-44118,,,minimize,,,121,6100,,4100,18205,,,,8085,,1.97234,,8000,,MaxEff,,2100,0,,,4000
Chuffed BB,jobshop,jobshop/jobshop_gini.mzn,jobshop/dzn/ta55_4a_alloc1.dzn:jobshop/generated_bounds/MaxEffGini/ta55_4a_alloc1_MaxEffGini.dzn,SATISFIED,1200.5918961688876,763,7880929,198441,3049,195390,-12972,239138329,0.14,minimize,0.0,43,43,2300,1372042737,1550,6863,-12972,6005953,1199.226,3048,1841616,0.771097,0.0,3000,1841616,MaxEff,0.63,800,0,3811,4.579,1500
Chuffed BBval,jobshop,jobshop/jobshop_gini.mzn,jobshop/dzn/ta58_3a_alloc1.dzn:jobshop/generated_bounds/MaxEffGini/ta58_3a_alloc1_MaxEffGini.dzn,SATISFIED,1200.6103223692626,763,3191580,299863,3055,296806,-16354,289031338,0.144,minimize,0.0,66,66,2300,-1955425046,1550,6868,-16354,2446554,1199.22,3053,694311,0.780146,0.0,3000,694311,MaxEff,0.94,800,0,3821,6.711,1500
Chuffed BBval,jobshop,jobshop/jobshop_gini.mzn,jobshop/dzn/ta79_5a_alloc1.dzn:jobshop/generated_bounds/MaxEffGini/ta79_5a_alloc1_MaxEffGini.dzn,SATISFIED,1201.4370748344809,2021,1598387,1384740,8087,1376651,-44118,209467367,0.385,minimize,0.0,121,121,6100,671071925,4100,18205,-44118,1069394,1198.109,8085,283305,1.89876,0.0,8000,283305,MaxEff,3.16,2100,0,10090,210.039,4000
Chuffed BBval,jobshop,jobshop/jobshop_gini.mzn,jobshop/dzn/ta68_3a_alloc1.dzn:jobshop/generated_bounds/MaxEffGini/ta68_3a_alloc1_MaxEffGini.dzn,SATISFIED,1200.7112376615405,1013,2026277,366944,4046,362896,-19510,350196062,0.183,minimize,0.0,50,50,3050,-1321803761,2050,9114,-19510,1461057,1199.017,4044,514123,0.980587,0.0,4000,514123,MaxEff,1.41,1050,0,5058,826.842,2000
Chuffed BB,jobshop,jobshop/jobshop_gini.mzn,jobshop/dzn/ta32_2a_alloc1.dzn:jobshop/generated_bounds/MaxEffGini/ta32_2a_alloc1_MaxEffGini.dzn,SATISFIED,1200.5259489156306,460,3154782,230997,1832,229163,-8878,441925782,0.085,minimize,0.0,31,31,1380,83182536,930,4126,-8878,2384486,1199.484,1831,755965,0.513802,0.0,1800,755965,MaxEff,0.63,480,0,2297,868.112,900
Chuffed BBval,jobshop,jobshop/jobshop_gini.mzn,jobshop/dzn/ta65_5a_alloc1.dzn:jobshop/generated_bounds/MaxEffGini/ta65_5a_alloc1_MaxEffGini.dzn,SATISFIED,1200.780351370573,1013,2131274,350918,4049,346867,-18669,318917826,0.184,minimize,0.0,54,54,3050,1984388199,2050,9117,-18669,1349398,1198.967,4047,726562,1.03718,0.0,4000,726562,MaxEff,1.41,1050,0,5064,623.456,2000
Chuffed BB,jobshop,jobshop/jobshop_gini.mzn,jobshop/dzn/ta74_9a_alloc1.dzn:jobshop/generated_bounds/MaxEffGini/ta74_9a_alloc1_MaxEffGini.dzn,SATISFIED,1201.5106379278004,2020,2020570,1661600,8089,1653509,-47213,195060249,0.388,minimize,0.0,162,162,6100,465035379,4100,18208,-47213,1434041,1198.135,8088,258211,1.87853,0.0,8000,258211,MaxEff,3.16,2100,0,10096,644.832,4000
Chuffed Prop,jobshop,jobshop/jobshop_gini.mzn,jobshop/dzn/ta32_2a_alloc1.dzn:jobshop/generated_bounds/MaxEffGini/ta32_2a_alloc1_MaxEffGini.dzn,SATISFIED,1200.3209866378456,,,,,,-8878,,,minimize,,,31,1380,,930,4126,,,,1831,,0.512989,,1800,,MaxEff,,480,0,,,900
Chuffed BBval,jobshop,jobshop/jobshop_gini.mzn,jobshop/dzn/ta59_4a_alloc1.dzn:jobshop/generated_bounds/MaxEffGini/ta59_4a_alloc1_MaxEffGini.dzn,SATISFIED,1200.621316185221,760,5069699,215032,3051,211979,-14640,295640507,0.139,minimize,0.0,44,44,2300,-1557400465,1550,6864,-14640,3627358,1199.225,3049,1408372,0.775321,0.0,3000,1408372,MaxEff,0.94,800,0,3813,3.342,1500
Chuffed BBval,jobshop,jobshop/jobshop_gini.mzn,jobshop/dzn/ta66_3a_alloc1.dzn:jobshop/generated_bounds/MaxEffGini/ta66_3a_alloc1_MaxEffGini.dzn,SATISFIED,1200.7760861571878,1014,2318235,331164,4047,327115,-19664,293837669,0.187,minimize,0.0,38,38,3050,-2111520280,2050,9115,-19664,1598534,1198.995,4045,680553,1.00475,0.0,4000,680553,MaxEff,0.94,1050,0,5060,104.286,2000
Chuffed BBval,jobshop,jobshop/jobshop_gini.mzn,jobshop/dzn/ta53_4a_alloc1.dzn:jobshop/generated_bounds/MaxEffGini/ta53_4a_alloc1_MaxEffGini.dzn,SATISFIED,1200.5909319911152,765,3615391,241799,3051,238746,-15121,271382818,0.137,minimize,0.0,48,48,2300,-814062524,1550,6864,-15121,2520320,1199.238,3049,1057955,0.760943,0.0,3000,1057955,MaxEff,0.94,800,0,3813,3.083,1500
Chuffed Prop,jobshop,jobshop/jobshop_gini.mzn,jobshop/dzn/ta71_9a_alloc1.dzn:jobshop/generated_bounds/MaxEffGini/ta71_9a_alloc1_MaxEffGini.dzn,SATISFIED,1200.671562757343,,,,,,-43450,,,minimize,,,184,6100,,4100,18213,,,,8093,,1.97002,,8000,,MaxEff,,2100,0,,,4000
Chuffed Prop,jobshop,jobshop/jobshop_gini.mzn,jobshop/dzn/ta71_8a_alloc1.dzn:jobshop/generated_bounds/MaxEffGini/ta71_8a_alloc1_MaxEffGini.dzn,SATISFIED,1200.6867844685912,,,,,,-44233,,,minimize,,,160,6100,,4100,18212,,,,8092,,1.93154,,8000,,MaxEff,,2100,0,,,4000
Chuffed BB,jobshop,jobshop/jobshop_gini.mzn,jobshop/dzn/ta72_5a_alloc1.dzn:jobshop/generated_bounds/MaxEffGini/ta72_5a_alloc1_MaxEffGini.dzn,SATISFIED,1201.4338875077665,2019,1921364,1522805,8087,1514716,-44181,180231392,0.379,minimize,0.0,159,159,6100,1059799142,4100,18206,-44181,1281709,1198.04,8086,317685,1.96007,0.0,8000,317685,MaxEff,3.16,2100,0,10092,444.987,4000
Chuffed Prop,jobshop,jobshop/jobshop_gini.mzn,jobshop/dzn/ta77_8a_alloc1.dzn:jobshop/generated_bounds/MaxEffGini/ta77_8a_alloc1_MaxEffGini.dzn,SATISFIED,1200.6389592215419,,,,,,-43567,,,minimize,,,99,6100,,4100,18216,,,,8096,,1.96157,,8000,,MaxEff,,2100,0,,,4000
Chuffed BBval,jobshop,jobshop/jobshop_gini.mzn,jobshop/dzn/ta80_10a_alloc1.dzn:jobshop/generated_bounds/MaxEffGini/ta80_10a_alloc1_MaxEffGini.dzn,SATISFIED,1201.3384848870337,2017,1827652,1434992,8095,1426895,-42044,198692479,0.374,minimize,0.0,140,140,6100,577018465,4100,18213,-42044,1259560,1198.07,8093,284550,1.92881,0.0,8000,284550,MaxEff,3.16,2100,0,10106,216.592,4000
Chuffed Prop,jobshop,jobshop/jobshop_gini.mzn,jobshop/dzn/ta70_3a_alloc1.dzn:jobshop/generated_bounds/MaxEffGini/ta70_3a_alloc1_MaxEffGini.dzn,SATISFIED,1200.5024188440293,,,,,,-19299,,,minimize,,,60,3050,,2050,9113,,,,4043,,1.00861,,4000,,MaxEff,,1050,0,,,2000
Chuffed Prop,jobshop,jobshop/jobshop_gini.mzn,jobshop/dzn/ta59_5a_alloc1.dzn:jobshop/generated_bounds/MaxEffGini/ta59_5a_alloc1_MaxEffGini.dzn,SATISFIED,1200.4780726972967,,,,,,-13729,,,minimize,,,40,2300,,1550,6865,,,,3050,,0.790708,,3000,,MaxEff,,800,0,,,1500
Chuffed BB,jobshop,jobshop/jobshop_gini.mzn,jobshop/dzn/ta77_9a_alloc1.dzn:jobshop/generated_bounds/MaxEffGini/ta77_9a_alloc1_MaxEffGini.dzn,SATISFIED,1201.3892412874848,2020,1852363,1283993,8098,1275893,-43567,192339858,0.392,minimize,0.0,94,94,6100,-306983219,4100,18217,-43567,1383205,1198.002,8097,277905,1.99802,0.0,8000,277905,MaxEff,3.16,2100,0,10114,809.92,4000
Chuffed BB,jobshop,jobshop/jobshop_gini.mzn,jobshop/dzn/ta76_10a_alloc1.dzn:jobshop/generated_bounds/MaxEffGini/ta76_10a_alloc1_MaxEffGini.dzn,SATISFIED,1201.6024165004492,2021,2254363,1450663,8090,1442571,-43048,196084838,0.385,minimize,0.0,163,163,6100,-1857888949,4100,18209,-43048,1594132,1198.04,8089,329740,1.95696,0.0,8000,329740,MaxEff,3.16,2100,0,10098,958.554,4000
Chuffed Prop,jobshop,jobshop/jobshop_gini.mzn,jobshop/dzn/ta39_3a_alloc1.dzn:jobshop/generated_bounds/MaxEffGini/ta39_3a_alloc1_MaxEffGini.dzn,SATISFIED,1200.3914447575808,,,,,,-8323,,,minimize,,,24,1380,,930,4124,,,,1829,,0.516644,,1800,,MaxEff,,480,0,,,900
Chuffed BB,jobshop,jobshop/jobshop_gini.mzn,jobshop/dzn/ta73_5a_alloc1.dzn:jobshop/generated_bounds/MaxEffGini/ta73_5a_alloc1_MaxEffGini.dzn,SATISFIED,1201.4184801131487,2020,1891426,1386167,8090,1378075,-45238,195765127,0.386,minimize,0.0,183,183,6100,-562947655,4100,18209,-45238,1250125,1198.127,8089,270957,1.87593,0.0,8000,270957,MaxEff,3.16,2100,0,10098,988.805,4000
Chuffed Prop,jobshop,jobshop/jobshop_gini.mzn,jobshop/dzn/ta78_5a_alloc1.dzn:jobshop/generated_bounds/MaxEffGini/ta78_5a_alloc1_MaxEffGini.dzn,SATISFIED,1200.686082104221,,,,,,-43882,,,minimize,,,147,6100,,4100,18206,,,,8086,,1.87138,,8000,,MaxEff,,2100,0,,,4000
Chuffed BBval,jobshop,jobshop/jobshop_gini.mzn,jobshop/dzn/ta38_2a_alloc1.dzn:jobshop/generated_bounds/MaxEffGini/ta38_2a_alloc1_MaxEffGini.dzn,SATISFIED,1200.4876149743795,459,2740555,164806,1833,162971,-7270,465806427,0.083,minimize,0.0,23,23,1380,-348942670,930,4126,-7270,1789297,1199.471,1831,940660,0.527162,0.0,1800,940660,MaxEff,0.63,480,0,2297,419.56,900
Chuffed Prop,jobshop,jobshop/jobshop_gini.mzn,jobshop/dzn/ta56_5a_alloc1.dzn:jobshop/generated_bounds/MaxEffGini/ta56_5a_alloc1_MaxEffGini.dzn,SATISFIED,1200.423555629328,,,,,,-15896,,,minimize,,,51,2300,,1550,6863,,,,3048,,0.774321,,3000,,MaxEff,,800,0,,,1500
Chuffed Prop,jobshop,jobshop/jobshop_gini.mzn,jobshop/dzn/ta67_3a_alloc1.dzn:jobshop/generated_bounds/MaxEffGini/ta67_3a_alloc1_MaxEffGini.dzn,SATISFIED,1200.5063956938684,,,,,,-18895,,,minimize,,,52,3050,,2050,9116,,,,4046,,1.03973,,4000,,MaxEff,,1050,0,,,2000
Chuffed BB,jobshop,jobshop/jobshop_gini.mzn,jobshop/dzn/ta64_5a_alloc1.dzn:jobshop/generated_bounds/MaxEffGini/ta64_5a_alloc1_MaxEffGini.dzn,SATISFIED,1200.728561796248,1017,3124022,326789,4040,322747,-17385,352329767,0.183,minimize,0.0,75,75,3050,955341126,2050,9109,-17385,2304045,1198.995,4039,743207,1.00415,0.0,4000,743207,MaxEff,0.94,1050,0,5048,11.988,2000
Chuffed BBval,jobshop,jobshop/jobshop_gini.mzn,jobshop/dzn/ta46_2a_alloc1.dzn:jobshop/generated_bounds/MaxEffGini/ta46_2a_alloc1_MaxEffGini.dzn,SATISFIED,1200.6327999159694,606,2841259,236039,2433,233604,-10385,488799335,0.111,minimize,0.0,18,18,1830,1354826759,1230,5481,-10385,2182640,1199.35,2431,647608,0.648841,0.0,2400,647608,MaxEff,0.94,630,0,3052,17.084,1200
Chuffed BBval,jobshop,jobshop/jobshop_gini.mzn,jobshop/dzn/ta39_2a_alloc1.dzn:jobshop/generated_bounds/MaxEffGini/ta39_2a_alloc1_MaxEffGini.dzn,SATISFIED,1200.464978640899,457,1741868,180479,1830,178647,-8323,456717582,0.08,minimize,0.0,23,23,1380,-1796794948,930,4123,-8323,997413,1199.471,1828,733743,0.529548,0.0,1800,733743,MaxEff,0.94,480,0,2291,131.138,900
Chuffed BBval,jobshop,jobshop/jobshop_gini.mzn,jobshop/dzn/ta79_9a_alloc1.dzn:jobshop/generated_bounds/MaxEffGini/ta79_9a_alloc1_MaxEffGini.dzn,SATISFIED,1201.3472070563585,2020,1817940,1390410,8091,1382317,-44118,333282434,0.382,minimize,0.0,133,133,6100,-82671639,4100,18209,-44118,1161831,1198.119,8089,386135,1.87989,0.0,8000,386135,MaxEff,3.16,2100,0,10098,163.124,4000
Chuffed BBval,jobshop,jobshop/jobshop_gini.mzn,jobshop/dzn/ta44_2a_alloc1.dzn:jobshop/generated_bounds/MaxEffGini/ta44_2a_alloc1_MaxEffGini.dzn,SATISFIED,1200.582650391385,612,2393370,263566,2432,261132,-11710,487238351,0.112,minimize,0.0,30,30,1830,-1403091733,1230,5480,-11710,1668649,1199.33,2430,706138,0.666987,0.0,2400,706138,MaxEff,0.94,630,0,3050,992.266,1200
Chuffed Prop,jobshop,jobshop/jobshop_gini.mzn,jobshop/dzn/ta33_3a_alloc1.dzn:jobshop/generated_bounds/MaxEffGini/ta33_3a_alloc1_MaxEffGini.dzn,SATISFIED,1200.4027201589197,,,,,,-8842,,,minimize,,,34,1380,,930,4127,,,,1832,,0.493746,,1800,,MaxEff,,480,0,,,900
Chuffed Prop,jobshop,jobshop/jobshop_gini.mzn,jobshop/dzn/ta42_3a_alloc1.dzn:jobshop/generated_bounds/MaxEffGini/ta42_3a_alloc1_MaxEffGini.dzn,SATISFIED,1200.3967595808208,,,,,,-10712,,,minimize,,,19,1830,,1230,5482,,,,2432,,0.648724,,2400,,MaxEff,,630,0,,,1200
Chuffed BB,jobshop,jobshop/jobshop_gini.mzn,jobshop/dzn/ta70_4a_alloc1.dzn:jobshop/generated_bounds/MaxEffGini/ta70_4a_alloc1_MaxEffGini.dzn,SATISFIED,1200.806143939495,1014,2108740,406245,4045,402198,-20191,313092683,0.192,minimize,0.0,58,58,3050,348464342,2050,9114,-20191,1548533,1198.915,4044,500872,1.08677,0.0,4000,500872,MaxEff,1.41,1050,0,5058,934.622,2000
Chuffed BB,jobshop,jobshop/jobshop_gini.mzn,jobshop/dzn/ta79_5a_alloc1.dzn:jobshop/generated_bounds/MaxEffGini/ta79_5a_alloc1_MaxEffGini.dzn,SATISFIED,1201.3537523150444,2022,1603484,1384291,8086,1376203,-44118,213593444,0.383,minimize,0.0,121,121,6100,739272741,4100,18205,-44118,1071810,1198.008,8085,285866,1.99542,0.0,8000,285866,MaxEff,3.16,2100,0,10090,215.716,4000
Chuffed BB,jobshop,jobshop/jobshop_gini.mzn,jobshop/dzn/ta62_4a_alloc1.dzn:jobshop/generated_bounds/MaxEffGini/ta62_4a_alloc1_MaxEffGini.dzn,SATISFIED,1200.8239337373525,1013,2308818,386720,4050,382668,-20028,390372080,0.189,minimize,0.0,40,40,3050,424613895,2050,9119,-20028,1528792,1198.988,4049,738841,1.01593,0.0,4000,738841,MaxEff,1.41,1050,0,5068,305.484,2000
Chuffed BBval,jobshop,jobshop/jobshop_gini.mzn,jobshop/dzn/ta71_6a_alloc1.dzn:jobshop/generated_bounds/MaxEffGini/ta71_6a_alloc1_MaxEffGini.dzn,SATISFIED,1201.3898739535362,2017,2233068,1310822,8092,1302728,-39068,512297894,0.388,minimize,0.0,172,172,6100,-1806880718,4100,18210,-39068,1807063,1198.11,8090,78461,1.89743,0.0,8000,78461,MaxEff,3.16,2100,0,10100,847.69,4000
Chuffed BBval,jobshop,jobshop/jobshop_gini.mzn,jobshop/dzn/ta63_3a_alloc1.dzn:jobshop/generated_bounds/MaxEffGini/ta63_3a_alloc1_MaxEffGini.dzn,SATISFIED,1200.7322267387062,1015,2264522,309299,4051,305246,-16978,285659221,0.186,minimize,0.0,38,38,3050,898373356,2050,9119,-16978,1663614,1198.981,4049,561657,1.01823,0.0,4000,561657,MaxEff,0.94,1050,0,5068,15.676,2000
Chuffed BB,jobshop,jobshop/jobshop_gini.mzn,jobshop/dzn/ta78_5a_alloc1.dzn:jobshop/generated_bounds/MaxEffGini/ta78_5a_alloc1_MaxEffGini.dzn,SATISFIED,1201.3568431530148,2021,1719189,1404902,8087,1396813,-43882,182030526,0.377,minimize,0.0,147,147,6100,-1255653423,4100,18206,-43882,1114051,1198.109,8086,306830,1.89664,0.0,8000,306830,MaxEff,3.16,2100,0,10092,91.585,4000
Chuffed Prop,jobshop,jobshop/jobshop_gini.mzn,jobshop/dzn/ta39_2a_alloc1.dzn:jobshop/generated_bounds/MaxEffGini/ta39_2a_alloc1_MaxEffGini.dzn,SATISFIED,1200.4057497233152,,,,,,-8323,,,minimize,,,23,1380,,930,4123,,,,1828,,0.511174,,1800,,MaxEff,,480,0,,,900
Chuffed BBval,jobshop,jobshop/jobshop_gini.mzn,jobshop/dzn/ta78_6a_alloc1.dzn:jobshop/generated_bounds/MaxEffGini/ta78_6a_alloc1_MaxEffGini.dzn,SATISFIED,1201.0303417053074,2015,9690162,429231,8089,421140,-17488,817817851,0.377,minimize,0.0,64,64,6100,1116929803,4100,18207,-17488,9123158,1198.117,8087,436575,1.88185,0.0,8000,436575,MaxEff,0.94,2100,0,10094,502.687,4000
Chuffed BB,jobshop,jobshop/jobshop_gini.mzn,jobshop/dzn/ta35_2a_alloc1.dzn:jobshop/generated_bounds/MaxEffGini/ta35_2a_alloc1_MaxEffGini.dzn,SATISFIED,1200.639570550993,460,3443177,207852,1830,206020,-8448,405835222,0.083,minimize,0.0,34,34,1380,-545338824,930,4124,-8448,2432471,1199.486,1829,994868,0.513852,0.0,1800,994868,MaxEff,0.94,480,0,2293,412.724,900
Chuffed BBval,jobshop,jobshop/jobshop_gini.mzn,jobshop/dzn/ta60_3a_alloc1.dzn:jobshop/generated_bounds/MaxEffGini/ta60_3a_alloc1_MaxEffGini.dzn,SATISFIED,1200.5863262787461,764,6835332,251616,3053,248561,-14992,219938532,0.137,minimize,0.0,44,44,2300,850427270,1550,6866,-14992,5577767,1199.239,3051,1223539,0.759313,0.0,3000,1223539,MaxEff,0.63,800,0,3817,7.926,1500
Chuffed BB,jobshop,jobshop/jobshop_gini.mzn,jobshop/dzn/ta73_6a_alloc1.dzn:jobshop/generated_bounds/MaxEffGini/ta73_6a_alloc1_MaxEffGini.dzn,SATISFIED,1201.3268788680434,2020,2346782,1360869,8091,1352776,-44407,260087025,0.379,minimize,0.0,171,171,6100,768539779,4100,18210,-44407,1742566,1198.097,8090,257848,1.90131,0.0,8000,257848,MaxEff,3.16,2100,0,10100,322.754,4000
Chuffed BB,jobshop,jobshop/jobshop_gini.mzn,jobshop/dzn/ta67_3a_alloc1.dzn:jobshop/generated_bounds/MaxEffGini/ta67_3a_alloc1_MaxEffGini.dzn,SATISFIED,1200.7523211296648,1011,1541269,359073,4047,355024,-18895,304784502,0.187,minimize,0.0,52,52,3050,-1422300606,2050,9116,-18895,1021278,1198.958,4046,466793,1.041809,0.0,4000,466793,MaxEff,0.94,1050,0,5062,33.96,2000
Chuffed Prop,jobshop,jobshop/jobshop_gini.mzn,jobshop/dzn/ta36_3a_alloc1.dzn:jobshop/generated_bounds/MaxEffGini/ta36_3a_alloc1_MaxEffGini.dzn,SATISFIED,1200.398833911866,,,,,,-8043,,,minimize,,,18,1380,,930,4128,,,,1833,,0.514727,,1800,,MaxEff,,480,0,,,900
Chuffed BB,jobshop,jobshop/jobshop_gini.mzn,jobshop/dzn/ta48_2a_alloc1.dzn:jobshop/generated_bounds/MaxEffGini/ta48_2a_alloc1_MaxEffGini.dzn,SATISFIED,1200.5744661837816,609,3346944,259668,2431,257235,-10595,482978041,0.111,minimize,0.0,41,41,1830,707557293,1230,5480,-10595,2755842,1199.346,2430,566812,0.654323,0.0,2400,566812,MaxEff,0.94,630,0,3050,860.482,1200
Chuffed BB,jobshop,jobshop/jobshop_gini.mzn,jobshop/dzn/ta74_7a_alloc1.dzn:jobshop/generated_bounds/MaxEffGini/ta74_7a_alloc1_MaxEffGini.dzn,SATISFIED,1201.431476291269,2020,2101095,1660498,8087,1652409,-47213,204687852,0.378,minimize,0.0,168,168,6100,-533006439,4100,18206,-47213,1505863,1198.11,8086,255010,1.89078,0.0,8000,255010,MaxEff,3.16,2100,0,10092,684.951,4000
Chuffed Prop,jobshop,jobshop/jobshop_gini.mzn,jobshop/dzn/ta41_3a_alloc1.dzn:jobshop/generated_bounds/MaxEffGini/ta41_3a_alloc1_MaxEffGini.dzn,SATISFIED,1200.4313609227538,,,,,,-11012,,,minimize,,,32,1830,,1230,5482,,,,2432,,0.661545,,2400,,MaxEff,,630,0,,,1200
Chuffed BB,jobshop,jobshop/jobshop_gini.mzn,jobshop/dzn/ta74_10a_alloc1.dzn:jobshop/generated_bounds/MaxEffGini/ta74_10a_alloc1_MaxEffGini.dzn,SATISFIED,1201.5146818552166,2020,2485960,1682132,8090,1674040,-47213,268109464,0.386,minimize,0.0,158,158,6100,551249321,4100,18209,-47213,1925348,1197.991,8089,240433,2.009659,0.0,8000,240433,MaxEff,3.16,2100,0,10098,925.107,4000
Chuffed BBval,jobshop,jobshop/jobshop_gini.mzn,jobshop/dzn/ta57_5a_alloc1.dzn:jobshop/generated_bounds/MaxEffGini/ta57_5a_alloc1_MaxEffGini.dzn,SATISFIED,1200.6334394011647,765,4526918,270989,3052,267935,-16384,247088536,0.141,minimize,0.0,81,81,2300,-74320348,1550,6865,-16384,3016496,1199.235,3050,1448130,0.766925,0.0,3000,1448130,MaxEff,0.94,800,0,3815,16.549,1500
Chuffed BB,jobshop,jobshop/jobshop_gini.mzn,jobshop/dzn/ta77_10a_alloc1.dzn:jobshop/generated_bounds/MaxEffGini/ta77_10a_alloc1_MaxEffGini.dzn,SATISFIED,1201.182755978778,2018,2986256,709752,8099,701651,-26626,423613219,0.387,minimize,0.0,89,89,6100,312741194,4100,18218,-26626,2683086,1198.094,8098,122258,1.91628,0.0,8000,122258,MaxEff,1.41,2100,0,10116,1100.1,4000
Chuffed Prop,jobshop,jobshop/jobshop_gini.mzn,jobshop/dzn/ta47_3a_alloc1.dzn:jobshop/generated_bounds/MaxEffGini/ta47_3a_alloc1_MaxEffGini.dzn,OPTIMAL_SOLUTION,158.79305313900113,601,654790,244788,2432,242354,-9646,88276900,0.113,minimize,0.0,31,31,1830,1772041913,1230,5481,-9646,554185,157.574,2431,87051,0.649982,0.0,2400,87051,MaxEff,0.63,630,0,3052,133.443,1200
Chuffed BBval,jobshop,jobshop/jobshop_gini.mzn,jobshop/dzn/ta74_5a_alloc1.dzn:jobshop/generated_bounds/MaxEffGini/ta74_5a_alloc1_MaxEffGini.dzn,SATISFIED,1201.430635932833,2019,1902905,1570352,8086,1562264,-47213,182679285,0.392,minimize,0.0,121,121,6100,243116713,4100,18204,-47213,1406144,1198.002,8084,251321,1.99729,0.0,8000,251321,MaxEff,3.16,2100,0,10088,602.369,4000
Chuffed BB,jobshop,jobshop/jobshop_gini.mzn,jobshop/dzn/ta36_2a_alloc1.dzn:jobshop/generated_bounds/MaxEffGini/ta36_2a_alloc1_MaxEffGini.dzn,SATISFIED,1200.5281804483384,461,3609478,186629,1833,184794,-8472,401250569,0.084,minimize,0.0,30,30,1380,1374598997,930,4127,-8472,2615480,1199.486,1832,980003,0.513424,0.0,1800,980003,MaxEff,0.63,480,0,2299,1063.652,900
Chuffed Prop,jobshop,jobshop/jobshop_gini.mzn,jobshop/dzn/ta57_4a_alloc1.dzn:jobshop/generated_bounds/MaxEffGini/ta57_4a_alloc1_MaxEffGini.dzn,SATISFIED,1200.4620666317642,,,,,,-16104,,,minimize,,,37,2300,,1550,6864,,,,3049,,0.819228,,3000,,MaxEff,,800,0,,,1500
Chuffed BB,jobshop,jobshop/jobshop_gini.mzn,jobshop/dzn/ta34_3a_alloc1.dzn:jobshop/generated_bounds/MaxEffGini/ta34_3a_alloc1_MaxEffGini.dzn,SATISFIED,1200.527223046869,462,2498555,203701,1834,201865,-10261,452783285,0.082,minimize,0.0,24,24,1380,-199361832,930,4128,-10261,1564970,1199.491,1833,922279,0.508034,0.0,1800,922279,MaxEff,0.94,480,0,2301,231.862,900
Chuffed Prop,jobshop,jobshop/jobshop_gini.mzn,jobshop/dzn/ta67_4a_alloc1.dzn:jobshop/generated_bounds/MaxEffGini/ta67_4a_alloc1_MaxEffGini.dzn,SATISFIED,1200.5531200282276,,,,,,-18895,,,minimize,,,40,3050,,2050,9117,,,,4047,,1.008359,,4000,,MaxEff,,1050,0,,,2000
Chuffed BBval,jobshop,jobshop/jobshop_gini.mzn,jobshop/dzn/ta76_6a_alloc1.dzn:jobshop/generated_bounds/MaxEffGini/ta76_6a_alloc1_MaxEffGini.dzn,SATISFIED,1201.3358632400632,2020,2294539,1370894,8087,1362805,-43048,183560385,0.377,minimize,0.0,141,141,6100,1265706510,4100,18205,-43048,1650268,1198.141,8085,358369,1.86239,0.0,8000,358369,MaxEff,3.16,2100,0,10090,1115.361,4000
Chuffed Prop,jobshop,jobshop/jobshop_gini.mzn,jobshop/dzn/ta31_2a_alloc1.dzn:jobshop/generated_bounds/MaxEffGini/ta31_2a_alloc1_MaxEffGini.dzn,SATISFIED,1200.460942113772,,,,,,-8086,,,minimize,,,23,1380,,930,4123,,,,1828,,0.509325,,1800,,MaxEff,,480,0,,,900
Chuffed BBval,jobshop,jobshop/jobshop_gini.mzn,jobshop/dzn/ta45_2a_alloc1.dzn:jobshop/generated_bounds/MaxEffGini/ta45_2a_alloc1_MaxEffGini.dzn,SATISFIED,1200.538950752467,607,2787216,261131,2429,258700,-10893,452557510,0.11,minimize,0.0,26,26,1830,-669215156,1230,5477,-10893,2145920,1199.348,2427,625633,0.656967,0.0,2400,625633,MaxEff,0.94,630,0,3044,393.348,1200
Chuffed BBval,jobshop,jobshop/jobshop_gini.mzn,jobshop/dzn/ta35_3a_alloc1.dzn:jobshop/generated_bounds/MaxEffGini/ta35_3a_alloc1_MaxEffGini.dzn,SATISFIED,1200.5205493532121,459,3711835,204245,1832,202411,-8281,434594795,0.083,minimize,0.0,37,37,1380,-667848486,930,4125,-8281,2658239,1199.482,1830,1036483,0.517893,0.0,1800,1036483,MaxEff,0.94,480,0,2295,560.553,900
Chuffed BB,jobshop,jobshop/jobshop_gini.mzn,jobshop/dzn/ta36_3a_alloc1.dzn:jobshop/generated_bounds/MaxEffGini/ta36_3a_alloc1_MaxEffGini.dzn,SATISFIED,1200.553235411644,460,3384797,186304,1834,184468,-8043,475609654,0.083,minimize,0.0,18,18,1380,-1868056735,930,4128,-8043,2467112,1199.484,1833,909151,0.514061,0.0,1800,909151,MaxEff,0.94,480,0,2301,239.149,900
Chuffed Prop,jobshop,jobshop/jobshop_gini.mzn,jobshop/dzn/ta73_5a_alloc1.dzn:jobshop/generated_bounds/MaxEffGini/ta73_5a_alloc1_MaxEffGini.dzn,SATISFIED,1200.6777200382203,,,,,,-45238,,,minimize,,,183,6100,,4100,18209,,,,8089,,1.87248,,8000,,MaxEff,,2100,0,,,4000
Chuffed BBval,jobshop,jobshop/jobshop_gini.mzn,jobshop/dzn/ta68_4a_alloc1.dzn:jobshop/generated_bounds/MaxEffGini/ta68_4a_alloc1_MaxEffGini.dzn,SATISFIED,1200.7020107619464,1013,1805964,348178,4047,344129,-18487,341212379,0.183,minimize,0.0,43,43,3050,106390943,2050,9115,-18487,1202150,1198.998,4045,559671,1.00204,0.0,4000,559671,MaxEff,0.94,1050,0,5060,50.72,2000
Chuffed Prop,jobshop,jobshop/jobshop_gini.mzn,jobshop/dzn/ta80_10a_alloc1.dzn:jobshop/generated_bounds/MaxEffGini/ta80_10a_alloc1_MaxEffGini.dzn,SATISFIED,1200.7428473718464,,,,,,-42044,,,minimize,,,140,6100,,4100,18213,,,,8093,,2.00157,,8000,,MaxEff,,2100,0,,,4000
Chuffed Prop,jobshop,jobshop/jobshop_gini.mzn,jobshop/dzn/ta54_4a_alloc1.dzn:jobshop/generated_bounds/MaxEffGini/ta54_4a_alloc1_MaxEffGini.dzn,SATISFIED,1200.4409123659134,,,,,,-15857,,,minimize,,,60,2300,,1550,6866,,,,3051,,0.77335,,3000,,MaxEff,,800,0,,,1500
Chuffed BB,jobshop,jobshop/jobshop_gini.mzn,jobshop/dzn/ta57_3a_alloc1.dzn:jobshop/generated_bounds/MaxEffGini/ta57_3a_alloc1_MaxEffGini.dzn,SATISFIED,1200.633698085323,766,5937417,246278,3049,243227,-16104,234669620,0.14,minimize,0.0,60,60,2300,1696381946,1550,6863,-16104,4459915,1199.205,3048,1431169,0.793,0.0,3000,1431169,MaxEff,0.94,800,0,3811,75.985,1500
Chuffed BBval,jobshop,jobshop/jobshop_gini.mzn,jobshop/dzn/ta76_7a_alloc1.dzn:jobshop/generated_bounds/MaxEffGini/ta76_7a_alloc1_MaxEffGini.dzn,SATISFIED,1201.334718376398,2020,2554769,1382840,8088,1374750,-43048,187488239,0.376,minimize,0.0,152,152,6100,101497644,4100,18206,-43048,1861516,1198.119,8086,385143,1.87973,0.0,8000,385143,MaxEff,3.16,2100,0,10092,758.639,4000
Chuffed Prop,jobshop,jobshop/jobshop_gini.mzn,jobshop/dzn/ta65_5a_alloc1.dzn:jobshop/generated_bounds/MaxEffGini/ta65_5a_alloc1_MaxEffGini.dzn,SATISFIED,1200.4706188440323,,,,,,-18669,,,minimize,,,55,3050,,2050,9117,,,,4047,,1.07757,,4000,,MaxEff,,1050,0,,,2000
Chuffed BB,jobshop,jobshop/jobshop_gini.mzn,jobshop/dzn/ta73_9a_alloc1.dzn:jobshop/generated_bounds/MaxEffGini/ta73_9a_alloc1_MaxEffGini.dzn,SATISFIED,1201.0996143892407,2018,3322895,630962,8094,622866,-25551,371106969,0.386,minimize,0.0,81,81,6100,-129673414,4100,18213,-25551,3022128,1198.068,8093,136189,1.93014,0.0,8000,136189,MaxEff,1.41,2100,0,10106,803.795,4000
Chuffed BBval,jobshop,jobshop/jobshop_gini.mzn,jobshop/dzn/ta63_4a_alloc1.dzn:jobshop/generated_bounds/MaxEffGini/ta63_4a_alloc1_MaxEffGini.dzn,SATISFIED,1200.7286942489445,1014,4034801,401175,4052,397121,-17966,355440431,0.185,minimize,0.0,85,85,3050,597702417,2050,9120,-17966,3260839,1198.986,4050,687263,1.01085,0.0,4000,687263,MaxEff,0.94,1050,0,5070,296.585,2000
Chuffed BBval,jobshop,jobshop/jobshop_gini.mzn,jobshop/dzn/ta65_4a_alloc1.dzn:jobshop/generated_bounds/MaxEffGini/ta65_4a_alloc1_MaxEffGini.dzn,SATISFIED,1200.7443374022841,1013,2084061,348029,4048,343979,-18669,340352599,0.183,minimize,0.0,46,46,3050,475031366,2050,9116,-18669,1324865,1198.987,4046,711959,1.0136,0.0,4000,711959,MaxEff,1.41,1050,0,5062,259.098,2000
Chuffed Prop,jobshop,jobshop/jobshop_gini.mzn,jobshop/dzn/ta66_5a_alloc1.dzn:jobshop/generated_bounds/MaxEffGini/ta66_5a_alloc1_MaxEffGini.dzn,SATISFIED,1200.494055153802,,,,,,-18823,,,minimize,,,48,3050,,2050,9117,,,,4047,,1.03044,,4000,,MaxEff,,1050,0,,,2000
Chuffed BB,jobshop,jobshop/jobshop_gini.mzn,jobshop/dzn/ta38_3a_alloc1.dzn:jobshop/generated_bounds/MaxEffGini/ta38_3a_alloc1_MaxEffGini.dzn,SATISFIED,1200.5440402403474,459,2930834,164792,1833,162957,-7131,492625196,0.085,minimize,0.0,19,19,1380,585639438,930,4127,-7131,1906874,1199.458,1832,1015093,0.540699,0.0,1800,1015093,MaxEff,0.63,480,0,2299,65.14,900
Chuffed Prop,jobshop,jobshop/jobshop_gini.mzn,jobshop/dzn/ta75_6a_alloc1.dzn:jobshop/generated_bounds/MaxEffGini/ta75_6a_alloc1_MaxEffGini.dzn,SATISFIED,1200.7888168357313,,,,,,-44353,,,minimize,,,170,6100,,4100,18204,,,,8084,,2.01274,,8000,,MaxEff,,2100,0,,,4000
Chuffed BBval,jobshop,jobshop/jobshop_gini.mzn,jobshop/dzn/ta57_3a_alloc1.dzn:jobshop/generated_bounds/MaxEffGini/ta57_3a_alloc1_MaxEffGini.dzn,SATISFIED,1200.5995521619916,765,5865383,242832,3050,239780,-16104,243547364,0.138,minimize,0.0,60,60,2300,-1062351440,1550,6863,-16104,4369424,1199.224,3048,1449679,0.774853,0.0,3000,1449679,MaxEff,0.94,800,0,3811,74.599,1500
Chuffed Prop,jobshop,jobshop/jobshop_gini.mzn,jobshop/dzn/ta60_4a_alloc1.dzn:jobshop/generated_bounds/MaxEffGini/ta60_4a_alloc1_MaxEffGini.dzn,SATISFIED,1200.4310575257987,,,,,,-15124,,,minimize,,,57,2300,,1550,6867,,,,3052,,0.774941,,3000,,MaxEff,,800,0,,,1500
Chuffed BB,jobshop,jobshop/jobshop_gini.mzn,jobshop/dzn/ta71_9a_alloc1.dzn:jobshop/generated_bounds/MaxEffGini/ta71_9a_alloc1_MaxEffGini.dzn,SATISFIED,1201.4160274341702,2019,2467538,1539720,8094,1531624,-43450,187641496,0.385,minimize,0.0,189,189,6100,-1251852308,4100,18213,-43450,1727089,1198.043,8093,357783,1.95372,0.0,8000,357783,MaxEff,3.16,2100,0,10106,807.236,4000
Chuffed BBval,jobshop,jobshop/jobshop_gini.mzn,jobshop/dzn/ta72_10a_alloc1.dzn:jobshop/generated_bounds/MaxEffGini/ta72_10a_alloc1_MaxEffGini.dzn,SATISFIED,1201.0321125481278,2017,6377665,561050,8093,552955,-24588,883752956,0.372,minimize,0.0,57,57,6100,-1473744727,4100,18211,-24588,5992231,1198.164,8091,269163,1.83684,0.0,8000,269163,MaxEff,1.41,2100,0,10102,868.548,4000
Chuffed BBval,jobshop,jobshop/jobshop_gini.mzn,jobshop/dzn/ta43_3a_alloc1.dzn:jobshop/generated_bounds/MaxEffGini/ta43_3a_alloc1_MaxEffGini.dzn,SATISFIED,1200.5651790555567,604,3501227,276119,2428,273689,-9325,580088954,0.109,minimize,0.0,23,23,1830,-209048898,1230,5476,-9325,3124084,1199.347,2426,364047,0.651959,0.0,2400,364047,MaxEff,0.94,630,0,3042,907.946,1200
Chuffed BB,jobshop,jobshop/jobshop_gini.mzn,jobshop/dzn/ta63_3a_alloc1.dzn:jobshop/generated_bounds/MaxEffGini/ta63_3a_alloc1_MaxEffGini.dzn,SATISFIED,1200.8062154948711,1016,2437857,310295,4050,306243,-16978,291612910,0.182,minimize,0.0,38,38,3050,1074517342,2050,9119,-16978,1802883,1198.995,4049,595688,1.00406,0.0,4000,595688,MaxEff,0.94,1050,0,5068,15.771,2000
Chuffed Prop,jobshop,jobshop/jobshop_gini.mzn,jobshop/dzn/ta51_3a_alloc1.dzn:jobshop/generated_bounds/MaxEffGini/ta51_3a_alloc1_MaxEffGini.dzn,SATISFIED,1200.3984377477318,,,,,,-14889,,,minimize,,,56,2300,,1550,6865,,,,3050,,0.810367,,3000,,MaxEff,,800,0,,,1500
Chuffed Prop,jobshop,jobshop/jobshop_gini.mzn,jobshop/dzn/ta67_5a_alloc1.dzn:jobshop/generated_bounds/MaxEffGini/ta67_5a_alloc1_MaxEffGini.dzn,SATISFIED,1200.5085570197552,,,,,,-18895,,,minimize,,,38,3050,,2050,9118,,,,4048,,1.0024,,4000,,MaxEff,,1050,0,,,2000
Chuffed BBval,jobshop,jobshop/jobshop_gini.mzn,jobshop/dzn/ta78_5a_alloc1.dzn:jobshop/generated_bounds/MaxEffGini/ta78_5a_alloc1_MaxEffGini.dzn,SATISFIED,1201.3556787800044,2020,1658492,1404124,8088,1396034,-43882,181485235,0.38,minimize,0.0,147,147,6100,1067544240,4100,18206,-43882,1054284,1198.117,8086,305989,1.88123,0.0,8000,305989,MaxEff,3.16,2100,0,10092,84.331,4000
Chuffed Prop,jobshop,jobshop/jobshop_gini.mzn,jobshop/dzn/ta55_3a_alloc1.dzn:jobshop/generated_bounds/MaxEffGini/ta55_3a_alloc1_MaxEffGini.dzn,SATISFIED,1200.441541351378,,,,,,-12972,,,minimize,,,44,2300,,1550,6862,,,,3047,,0.769568,,3000,,MaxEff,,800,0,,,1500
Chuffed Prop,jobshop,jobshop/jobshop_gini.mzn,jobshop/dzn/ta73_9a_alloc1.dzn:jobshop/generated_bounds/MaxEffGini/ta73_9a_alloc1_MaxEffGini.dzn,SATISFIED,1200.7443230245262,,,,,,-42494,,,minimize,,,288,6100,,4100,18213,,,,8093,,1.93041,,8000,,MaxEff,,2100,0,,,4000
Chuffed BBval,jobshop,jobshop/jobshop_gini.mzn,jobshop/dzn/ta71_5a_alloc1.dzn:jobshop/generated_bounds/MaxEffGini/ta71_5a_alloc1_MaxEffGini.dzn,SATISFIED,1201.3615659307688,2017,10573297,1512752,8091,1504659,-42156,742863567,0.389,minimize,0.0,261,261,6100,752564070,4100,18209,-42156,9541368,1198.08,8089,504500,1.91785,0.0,8000,504500,MaxEff,3.16,2100,0,10098,1051.502,4000
Chuffed BBval,jobshop,jobshop/jobshop_gini.mzn,jobshop/dzn/ta72_9a_alloc1.dzn:jobshop/generated_bounds/MaxEffGini/ta72_9a_alloc1_MaxEffGini.dzn,SATISFIED,1201.3912501689047,2018,1828053,1551433,8092,1543339,-44181,187100105,0.378,minimize,0.0,138,138,6100,-1449396707,4100,18210,-44181,1248103,1198.139,8090,300238,1.86266,0.0,8000,300238,MaxEff,3.16,2100,0,10100,422.704,4000
Chuffed BB,jobshop,jobshop/jobshop_gini.mzn,jobshop/dzn/ta70_3a_alloc1.dzn:jobshop/generated_bounds/MaxEffGini/ta70_3a_alloc1_MaxEffGini.dzn,SATISFIED,1200.763395767659,1014,2853397,359648,4044,355602,-19299,293913224,0.188,minimize,0.0,60,60,3050,-1579547937,2050,9113,-19299,2267778,1198.991,4043,524221,1.00818,0.0,4000,524221,MaxEff,0.94,1050,0,5056,14.969,2000
Chuffed BBval,jobshop,jobshop/jobshop_gini.mzn,jobshop/dzn/ta33_2a_alloc1.dzn:jobshop/generated_bounds/MaxEffGini/ta33_2a_alloc1_MaxEffGini.dzn,SATISFIED,1200.5762986317277,460,3378552,185611,1833,183776,-8665,420542477,0.085,minimize,0.0,20,20,1380,-954954912,930,4126,-8665,2277219,1199.489,1831,1091919,0.509374,0.0,1800,1091919,MaxEff,0.63,480,0,2297,133.895,900
Chuffed BBval,jobshop,jobshop/jobshop_gini.mzn,jobshop/dzn/ta51_4a_alloc1.dzn:jobshop/generated_bounds/MaxEffGini/ta51_4a_alloc1_MaxEffGini.dzn,SATISFIED,1200.5970202088356,762,3812180,217519,3053,214464,-14795,299045165,0.144,minimize,0.0,47,47,2300,1054475405,1550,6866,-14795,2510666,1199.199,3051,1265154,0.798708,0.0,3000,1265154,MaxEff,0.94,800,0,3817,2.732,1500
Chuffed BB,jobshop,jobshop/jobshop_gini.mzn,jobshop/dzn/ta70_5a_alloc1.dzn:jobshop/generated_bounds/MaxEffGini/ta70_5a_alloc1_MaxEffGini.dzn,SATISFIED,1200.774006638676,1014,3053593,353804,4046,349756,-19299,274676265,0.199,minimize,0.0,48,48,3050,-145084134,2050,9115,-19299,2483053,1198.988,4045,521185,1.01116,0.0,4000,521185,MaxEff,0.94,1050,0,5060,11.529,2000
Chuffed Prop,jobshop,jobshop/jobshop_gini.mzn,jobshop/dzn/ta75_7a_alloc1.dzn:jobshop/generated_bounds/MaxEffGini/ta75_7a_alloc1_MaxEffGini.dzn,SATISFIED,1200.7138041649014,,,,,,-44353,,,minimize,,,144,6100,,4100,18205,,,,8085,,2.021459,,8000,,MaxEff,,2100,0,,,4000
Chuffed BB,jobshop,jobshop/jobshop_gini.mzn,jobshop/dzn/ta33_2a_alloc1.dzn:jobshop/generated_bounds/MaxEffGini/ta33_2a_alloc1_MaxEffGini.dzn,SATISFIED,1200.511514045298,461,3429692,185620,1832,183786,-8665,427385673,0.085,minimize,0.0,20,20,1380,-289238125,930,4126,-8665,2309883,1199.494,1831,1110367,0.503808,0.0,1800,1110367,MaxEff,0.63,480,0,2297,135.961,900
Chuffed Prop,jobshop,jobshop/jobshop_gini.mzn,jobshop/dzn/ta69_4a_alloc1.dzn:jobshop/generated_bounds/MaxEffGini/ta69_4a_alloc1_MaxEffGini.dzn,SATISFIED,1200.468468412757,,,,,,-21599,,,minimize,,,49,3050,,2050,9119,,,,4049,,1.05522,,4000,,MaxEff,,1050,0,,,2000
Chuffed BBval,jobshop,jobshop/jobshop_gini.mzn,jobshop/dzn/ta77_5a_alloc1.dzn:jobshop/generated_bounds/MaxEffGini/ta77_5a_alloc1_MaxEffGini.dzn,SATISFIED,1201.3536314647645,2019,1942545,1406916,8095,1398819,-43497,240634919,0.382,minimize,0.0,157,157,6100,-1827418105,4100,18213,-43497,1336640,1198.121,8093,287963,1.88616,0.0,8000,287963,MaxEff,3.16,2100,0,10106,252.093,4000
Chuffed BB,jobshop,jobshop/jobshop_gini.mzn,jobshop/dzn/ta51_3a_alloc1.dzn:jobshop/generated_bounds/MaxEffGini/ta51_3a_alloc1_MaxEffGini.dzn,SATISFIED,1200.6004678308964,764,4596565,230412,3051,227359,-14889,298459114,0.142,minimize,0.0,56,56,2300,-449042481,1550,6865,-14889,3367347,1199.19,3050,1186013,0.807315,0.0,3000,1186013,MaxEff,0.63,800,0,3815,5.126,1500
Chuffed BB,jobshop,jobshop/jobshop_gini.mzn,jobshop/dzn/ta46_2a_alloc1.dzn:jobshop/generated_bounds/MaxEffGini/ta46_2a_alloc1_MaxEffGini.dzn,SATISFIED,1200.5697635002434,607,3009971,235993,2432,233559,-10385,508814177,0.114,minimize,0.0,18,18,1830,-1634709475,1230,5481,-10385,2316574,1199.36,2431,682411,0.640744,0.0,2400,682411,MaxEff,0.94,630,0,3052,15.636,1200
Chuffed BB,jobshop,jobshop/jobshop_gini.mzn,jobshop/dzn/ta73_10a_alloc1.dzn:jobshop/generated_bounds/MaxEffGini/ta73_10a_alloc1_MaxEffGini.dzn,SATISFIED,1201.4303671829402,2021,2126855,1552257,8095,1544160,-45380,272447009,0.382,minimize,0.0,149,149,6100,-1623824498,4100,18214,-45380,1596567,1198.144,8094,228297,1.86034,0.0,8000,228297,MaxEff,3.16,2100,0,10108,620.709,4000
Chuffed BBval,jobshop,jobshop/jobshop_gini.mzn,jobshop/dzn/ta62_4a_alloc1.dzn:jobshop/generated_bounds/MaxEffGini/ta62_4a_alloc1_MaxEffGini.dzn,SATISFIED,1200.7562945783138,1012,2357977,386936,4051,382883,-20028,373437972,0.187,minimize,0.0,40,40,3050,1316187113,2050,9119,-20028,1556547,1198.981,4049,760287,1.017609,0.0,4000,760287,MaxEff,1.41,1050,0,5068,367.518,2000
Chuffed Prop,jobshop,jobshop/jobshop_gini.mzn,jobshop/dzn/ta61_5a_alloc1.dzn:jobshop/generated_bounds/MaxEffGini/ta61_5a_alloc1_MaxEffGini.dzn,SATISFIED,1200.5295841917396,,,,,,-19496,,,minimize,,,75,3050,,2050,9116,,,,4046,,1.00289,,4000,,MaxEff,,1050,0,,,2000
Chuffed BB,jobshop,jobshop/jobshop_gini.mzn,jobshop/dzn/ta54_4a_alloc1.dzn:jobshop/generated_bounds/MaxEffGini/ta54_4a_alloc1_MaxEffGini.dzn,SATISFIED,1200.6938205156475,763,2707973,329323,3052,326269,-15857,298132134,0.141,minimize,0.0,60,60,2300,-582919333,1550,6866,-15857,2010962,1199.228,3051,650898,0.772819,0.0,3000,650898,MaxEff,0.94,800,0,3817,12.352,1500
Chuffed BBval,jobshop,jobshop/jobshop_gini.mzn,jobshop/dzn/ta73_10a_alloc1.dzn:jobshop/generated_bounds/MaxEffGini/ta73_10a_alloc1_MaxEffGini.dzn,SATISFIED,1201.3987749163061,2020,7221831,1485046,8096,1476948,-45333,751643019,0.384,minimize,0.0,148,148,6100,1189581026,4100,18214,-45333,6580520,1198.051,8094,341509,1.95428,0.0,8000,341509,MaxEff,3.16,2100,0,10108,1192.975,4000
Chuffed BB,jobshop,jobshop/jobshop_gini.mzn,jobshop/dzn/ta74_8a_alloc1.dzn:jobshop/generated_bounds/MaxEffGini/ta74_8a_alloc1_MaxEffGini.dzn,SATISFIED,1201.4756106846035,2020,1913609,1610781,8088,1602691,-47213,194398450,0.386,minimize,0.0,123,123,6100,-1005089817,4100,18207,-47213,1407604,1197.973,8087,256358,2.03009,0.0,8000,256358,MaxEff,3.16,2100,0,10094,619.864,4000
Chuffed BBval,jobshop,jobshop/jobshop_gini.mzn,jobshop/dzn/ta40_2a_alloc1.dzn:jobshop/generated_bounds/MaxEffGini/ta40_2a_alloc1_MaxEffGini.dzn,SATISFIED,1200.5041388049722,456,4386612,167818,1830,165986,-7212,418332021,0.081,minimize,0.0,20,20,1380,-188657840,930,4123,-7212,3241744,1199.477,1828,1135404,0.520626,0.0,1800,1135404,MaxEff,0.63,480,0,2291,405.83,900
Chuffed BB,jobshop,jobshop/jobshop_gini.mzn,jobshop/dzn/ta40_2a_alloc1.dzn:jobshop/generated_bounds/MaxEffGini/ta40_2a_alloc1_MaxEffGini.dzn,SATISFIED,1200.5211541950703,457,4580860,168239,1829,166408,-7212,438445689,0.084,minimize,0.0,20,20,1380,-1972391243,930,4123,-7212,3384247,1199.476,1828,1187202,0.523316,0.0,1800,1187202,MaxEff,0.63,480,0,2291,381.13,900
Chuffed BBval,jobshop,jobshop/jobshop_gini.mzn,jobshop/dzn/ta58_5a_alloc1.dzn:jobshop/generated_bounds/MaxEffGini/ta58_5a_alloc1_MaxEffGini.dzn,SATISFIED,1200.6013619750738,763,3598014,295544,3057,292485,-16354,298966165,0.142,minimize,0.0,55,55,2300,-1684228179,1550,6870,-16354,2780881,1199.238,3055,774791,0.761542,0.0,3000,774791,MaxEff,0.94,800,0,3825,7.333,1500
Chuffed BBval,jobshop,jobshop/jobshop_gini.mzn,jobshop/dzn/ta35_2a_alloc1.dzn:jobshop/generated_bounds/MaxEffGini/ta35_2a_alloc1_MaxEffGini.dzn,SATISFIED,1200.5160913225263,459,3411657,207839,1831,206006,-8448,402523458,0.082,minimize,0.0,34,34,1380,-1477497497,930,4124,-8448,2409381,1199.487,1829,986461,0.512067,0.0,1800,986461,MaxEff,0.94,480,0,2293,418.274,900
Chuffed BB,jobshop,jobshop/jobshop_gini.mzn,jobshop/dzn/ta59_4a_alloc1.dzn:jobshop/generated_bounds/MaxEffGini/ta59_4a_alloc1_MaxEffGini.dzn,SATISFIED,1200.6128278393298,761,5003163,215054,3050,212002,-14640,291829967,0.138,minimize,0.0,44,44,2300,2067885070,1550,6864,-14640,3578333,1199.227,3049,1390815,0.773461,0.0,3000,1390815,MaxEff,0.94,800,0,3813,5.117,1500
Chuffed Prop,jobshop,jobshop/jobshop_gini.mzn,jobshop/dzn/ta73_8a_alloc1.dzn:jobshop/generated_bounds/MaxEffGini/ta73_8a_alloc1_MaxEffGini.dzn,SATISFIED,1200.7083649039268,,,,,,-44315,,,minimize,,,296,6100,,4100,18212,,,,8092,,1.96899,,8000,,MaxEff,,2100,0,,,4000
Chuffed Prop,jobshop,jobshop/jobshop_gini.mzn,jobshop/dzn/ta62_5a_alloc1.dzn:jobshop/generated_bounds/MaxEffGini/ta62_5a_alloc1_MaxEffGini.dzn,SATISFIED,1200.474319519475,,,,,,-18572,,,minimize,,,67,3050,,2050,9120,,,,4050,,1.0741,,4000,,MaxEff,,1050,0,,,2000
Chuffed Prop,jobshop,jobshop/jobshop_gini.mzn,jobshop/dzn/ta65_3a_alloc1.dzn:jobshop/generated_bounds/MaxEffGini/ta65_3a_alloc1_MaxEffGini.dzn,SATISFIED,1200.50009528175,,,,,,-18669,,,minimize,,,60,3050,,2050,9115,,,,4045,,1.00699,,4000,,MaxEff,,1050,0,,,2000
Chuffed Prop,jobshop,jobshop/jobshop_gini.mzn,jobshop/dzn/ta74_5a_alloc1.dzn:jobshop/generated_bounds/MaxEffGini/ta74_5a_alloc1_MaxEffGini.dzn,SATISFIED,1200.6852393113077,,,,,,-47213,,,minimize,,,121,6100,,4100,18204,,,,8084,,1.87147,,8000,,MaxEff,,2100,0,,,4000
Chuffed Prop,jobshop,jobshop/jobshop_gini.mzn,jobshop/dzn/ta43_2a_alloc1.dzn:jobshop/generated_bounds/MaxEffGini/ta43_2a_alloc1_MaxEffGini.dzn,SATISFIED,1200.4080275092274,,,,,,-9869,,,minimize,,,28,1830,,1230,5475,,,,2425,,0.648444,,2400,,MaxEff,,630,0,,,1200
Chuffed BBval,jobshop,jobshop/jobshop_gini.mzn,jobshop/dzn/ta67_4a_alloc1.dzn:jobshop/generated_bounds/MaxEffGini/ta67_4a_alloc1_MaxEffGini.dzn,SATISFIED,1200.7380366008729,1010,1563567,349528,4049,345477,-18895,291764658,0.187,minimize,0.0,40,40,3050,2125982883,2050,9117,-18895,1042426,1198.983,4047,480048,1.01465,0.0,4000,480048,MaxEff,0.94,1050,0,5064,38.757,2000
Chuffed Prop,jobshop,jobshop/jobshop_gini.mzn,jobshop/dzn/ta63_3a_alloc1.dzn:jobshop/generated_bounds/MaxEffGini/ta63_3a_alloc1_MaxEffGini.dzn,SATISFIED,1200.512402633205,,,,,,-16978,,,minimize,,,38,3050,,2050,9119,,,,4049,,1.01404,,4000,,MaxEff,,1050,0,,,2000
Chuffed BBval,jobshop,jobshop/jobshop_gini.mzn,jobshop/dzn/ta37_3a_alloc1.dzn:jobshop/generated_bounds/MaxEffGini/ta37_3a_alloc1_MaxEffGini.dzn,SATISFIED,1200.5105200503021,461,3606844,166029,1835,164192,-8284,417832154,0.084,minimize,0.0,25,25,1380,-1035400859,930,4128,-8284,2490073,1199.485,1833,1105040,0.516077,0.0,1800,1105040,MaxEff,0.63,480,0,2301,174.996,900
Chuffed BBval,jobshop,jobshop/jobshop_gini.mzn,jobshop/dzn/ta75_5a_alloc1.dzn:jobshop/generated_bounds/MaxEffGini/ta75_5a_alloc1_MaxEffGini.dzn,SATISFIED,1201.3389552384615,2019,3560150,1399436,8085,1391349,-44353,374696761,0.374,minimize,0.0,130,130,6100,-1931044633,4100,18203,-44353,2913661,1198.128,8083,382920,1.87922,0.0,8000,382920,MaxEff,3.16,2100,0,10086,326.664,4000
Chuffed Prop,jobshop,jobshop/jobshop_gini.mzn,jobshop/dzn/ta78_7a_alloc1.dzn:jobshop/generated_bounds/MaxEffGini/ta78_7a_alloc1_MaxEffGini.dzn,SATISFIED,1200.6729964241385,,,,,,-43882,,,minimize,,,146,6100,,4100,18208,,,,8088,,1.8635,,8000,,MaxEff,,2100,0,,,4000
Chuffed Prop,jobshop,jobshop/jobshop_gini.mzn,jobshop/dzn/ta52_5a_alloc1.dzn:jobshop/generated_bounds/MaxEffGini/ta52_5a_alloc1_MaxEffGini.dzn,SATISFIED,1200.525607747957,,,,,,-14935,,,minimize,,,36,2300,,1550,6864,,,,3049,,0.766534,,3000,,MaxEff,,800,0,,,1500
Chuffed BBval,jobshop,jobshop/jobshop_gini.mzn,jobshop/dzn/ta43_2a_alloc1.dzn:jobshop/generated_bounds/MaxEffGini/ta43_2a_alloc1_MaxEffGini.dzn,SATISFIED,1200.555114587769,607,3566591,280595,2427,278166,-9869,602850341,0.109,minimize,0.0,28,28,1830,307580827,1230,5475,-9869,3213044,1199.347,2425,337312,0.651053,0.0,2400,337312,MaxEff,0.94,630,0,3040,888.162,1200
Chuffed Prop,jobshop,jobshop/jobshop_gini.mzn,jobshop/dzn/ta52_4a_alloc1.dzn:jobshop/generated_bounds/MaxEffGini/ta52_4a_alloc1_MaxEffGini.dzn,SATISFIED,1200.5553223062307,,,,,,-15141,,,minimize,,,43,2300,,1550,6863,,,,3048,,0.824065,,3000,,MaxEff,,800,0,,,1500
Chuffed Prop,jobshop,jobshop/jobshop_gini.mzn,jobshop/dzn/ta76_8a_alloc1.dzn:jobshop/generated_bounds/MaxEffGini/ta76_8a_alloc1_MaxEffGini.dzn,SATISFIED,1200.6748574860394,,,,,,-44031,,,minimize,,,204,6100,,4100,18207,,,,8087,,2.01443,,8000,,MaxEff,,2100,0,,,4000
Chuffed BB,jobshop,jobshop/jobshop_gini.mzn,jobshop/dzn/ta51_4a_alloc1.dzn:jobshop/generated_bounds/MaxEffGini/ta51_4a_alloc1_MaxEffGini.dzn,SATISFIED,1200.6093554981053,763,3971087,217608,3052,214554,-14795,287023306,0.143,minimize,0.0,47,47,2300,287403651,1550,6866,-14795,2614333,1199.2,3051,1320375,0.797988,0.0,3000,1320375,MaxEff,0.94,800,0,3817,4.958,1500
Chuffed BBval,jobshop,jobshop/jobshop_gini.mzn,jobshop/dzn/ta52_4a_alloc1.dzn:jobshop/generated_bounds/MaxEffGini/ta52_4a_alloc1_MaxEffGini.dzn,SATISFIED,1200.600434359163,762,5801377,249330,3050,246278,-15141,225491458,0.139,minimize,0.0,43,43,2300,-1334392878,1550,6863,-15141,4774563,1199.226,3048,993491,0.771077,0.0,3000,993491,MaxEff,0.94,800,0,3811,2.571,1500
Chuffed Prop,jobshop,jobshop/jobshop_gini.mzn,jobshop/dzn/ta79_6a_alloc1.dzn:jobshop/generated_bounds/MaxEffGini/ta79_6a_alloc1_MaxEffGini.dzn,SATISFIED,1200.6707907915115,,,,,,-44118,,,minimize,,,255,6100,,4100,18206,,,,8086,,1.88575,,8000,,MaxEff,,2100,0,,,4000
Chuffed BB,jobshop,jobshop/jobshop_gini.mzn,jobshop/dzn/ta42_2a_alloc1.dzn:jobshop/generated_bounds/MaxEffGini/ta42_2a_alloc1_MaxEffGini.dzn,SATISFIED,1200.5707344319671,606,3284644,271393,2432,268959,-10790,578196112,0.111,minimize,0.0,29,29,1830,1461489781,1230,5481,-10790,2737759,1199.354,2431,529583,0.646435,0.0,2400,529583,MaxEff,0.94,630,0,3052,1145.725,1200
Chuffed BBval,jobshop,jobshop/jobshop_gini.mzn,jobshop/dzn/ta77_8a_alloc1.dzn:jobshop/generated_bounds/MaxEffGini/ta77_8a_alloc1_MaxEffGini.dzn,SATISFIED,1201.429707866162,2019,1828048,1300280,8098,1292180,-43567,194122603,0.388,minimize,0.0,100,100,6100,96453628,4100,18216,-43567,1355405,1198.104,8096,269417,1.89446,0.0,8000,269417,MaxEff,3.16,2100,0,10112,706.572,4000
Chuffed BB,jobshop,jobshop/jobshop_gini.mzn,jobshop/dzn/ta43_2a_alloc1.dzn:jobshop/generated_bounds/MaxEffGini/ta43_2a_alloc1_MaxEffGini.dzn,SATISFIED,1200.59185221605,609,3392517,279489,2426,277061,-9869,578374228,0.112,minimize,0.0,28,28,1830,-1263886429,1230,5475,-9869,3037204,1199.357,2425,339108,0.642588,0.0,2400,339108,MaxEff,0.94,630,0,3040,899.046,1200
Chuffed Prop,jobshop,jobshop/jobshop_gini.mzn,jobshop/dzn/ta57_5a_alloc1.dzn:jobshop/generated_bounds/MaxEffGini/ta57_5a_alloc1_MaxEffGini.dzn,SATISFIED,1200.4230273980647,,,,,,-16384,,,minimize,,,81,2300,,1550,6865,,,,3050,,0.774348,,3000,,MaxEff,,800,0,,,1500
Chuffed BBval,jobshop,jobshop/jobshop_gini.mzn,jobshop/dzn/ta62_5a_alloc1.dzn:jobshop/generated_bounds/MaxEffGini/ta62_5a_alloc1_MaxEffGini.dzn,SATISFIED,1200.783076575026,1013,2976022,474024,4052,469970,-19384,383964275,0.186,minimize,0.0,53,53,3050,-1721365112,2050,9120,-19384,2433458,1198.994,4050,488358,1.00332,0.0,4000,488358,MaxEff,1.41,1050,0,5070,400.613,2000
Chuffed BBval,jobshop,jobshop/jobshop_gini.mzn,jobshop/dzn/ta75_9a_alloc1.dzn:jobshop/generated_bounds/MaxEffGini/ta75_9a_alloc1_MaxEffGini.dzn,SATISFIED,1201.069808844477,2014,6998140,525056,8089,516965,-21343,749607329,0.383,minimize,0.0,62,62,6100,-1226500221,4100,18207,-21343,6561824,1198.121,8087,310013,1.87821,0.0,8000,310013,MaxEff,1.41,2100,0,10094,1061.228,4000
Chuffed Prop,jobshop,jobshop/jobshop_gini.mzn,jobshop/dzn/ta59_4a_alloc1.dzn:jobshop/generated_bounds/MaxEffGini/ta59_4a_alloc1_MaxEffGini.dzn,SATISFIED,1200.4549765400589,,,,,,-14640,,,minimize,,,44,2300,,1550,6864,,,,3049,,0.77094,,3000,,MaxEff,,800,0,,,1500
Chuffed Prop,jobshop,jobshop/jobshop_gini.mzn,jobshop/dzn/ta36_2a_alloc1.dzn:jobshop/generated_bounds/MaxEffGini/ta36_2a_alloc1_MaxEffGini.dzn,SATISFIED,1200.4061933178455,,,,,,-8472,,,minimize,,,30,1380,,930,4127,,,,1832,,0.513959,,1800,,MaxEff,,480,0,,,900
Chuffed BBval,jobshop,jobshop/jobshop_gini.mzn,jobshop/dzn/ta55_5a_alloc1.dzn:jobshop/generated_bounds/MaxEffGini/ta55_5a_alloc1_MaxEffGini.dzn,SATISFIED,1200.587248224765,762,7616155,198919,3051,195866,-12972,227808236,0.139,minimize,0.0,46,46,2300,-30577862,1550,6864,-12972,5820869,1199.222,3049,1759707,0.775747,0.0,3000,1759707,MaxEff,0.63,800,0,3813,2.448,1500
Chuffed Prop,jobshop,jobshop/jobshop_gini.mzn,jobshop/dzn/ta50_3a_alloc1.dzn:jobshop/generated_bounds/MaxEffGini/ta50_3a_alloc1_MaxEffGini.dzn,SATISFIED,1200.4102108124644,,,,,,-9465,,,minimize,,,38,1830,,1230,5483,,,,2433,,0.645653,,2400,,MaxEff,,630,0,,,1200
Chuffed Prop,jobshop,jobshop/jobshop_gini.mzn,jobshop/dzn/ta46_2a_alloc1.dzn:jobshop/generated_bounds/MaxEffGini/ta46_2a_alloc1_MaxEffGini.dzn,SATISFIED,1200.419922504574,,,,,,-10385,,,minimize,,,18,1830,,1230,5481,,,,2431,,0.649092,,2400,,MaxEff,,630,0,,,1200
Chuffed BBval,jobshop,jobshop/jobshop_gini.mzn,jobshop/dzn/ta73_7a_alloc1.dzn:jobshop/generated_bounds/MaxEffGini/ta73_7a_alloc1_MaxEffGini.dzn,SATISFIED,1201.3038165066391,2019,1528296,1277325,8093,1269230,-45238,183411298,0.378,minimize,0.0,117,117,6100,1601453959,4100,18211,-45238,1017896,1198.115,8091,272980,1.89049,0.0,8000,272980,MaxEff,3.16,2100,0,10102,1159.307,4000
Chuffed Prop,jobshop,jobshop/jobshop_gini.mzn,jobshop/dzn/ta78_6a_alloc1.dzn:jobshop/generated_bounds/MaxEffGini/ta78_6a_alloc1_MaxEffGini.dzn,SATISFIED,1200.6777306310833,,,,,,-43882,,,minimize,,,223,6100,,4100,18207,,,,8087,,1.88002,,8000,,MaxEff,,2100,0,,,4000
Chuffed Prop,jobshop,jobshop/jobshop_gini.mzn,jobshop/dzn/ta57_3a_alloc1.dzn:jobshop/generated_bounds/MaxEffGini/ta57_3a_alloc1_MaxEffGini.dzn,SATISFIED,1200.390296265483,,,,,,-16104,,,minimize,,,60,2300,,1550,6863,,,,3048,,0.805609,,3000,,MaxEff,,800,0,,,1500
Chuffed BB,jobshop,jobshop/jobshop_gini.mzn,jobshop/dzn/ta79_7a_alloc1.dzn:jobshop/generated_bounds/MaxEffGini/ta79_7a_alloc1_MaxEffGini.dzn,SATISFIED,1201.367155779153,2022,1612092,1401846,8088,1393756,-44118,208312740,0.385,minimize,0.0,125,125,6100,-2055210228,4100,18207,-44118,1072863,1197.987,8087,285338,2.01182,0.0,8000,285338,MaxEff,3.16,2100,0,10094,235.688,4000
Chuffed Prop,jobshop,jobshop/jobshop_gini.mzn,jobshop/dzn/ta79_10a_alloc1.dzn:jobshop/generated_bounds/MaxEffGini/ta79_10a_alloc1_MaxEffGini.dzn,SATISFIED,1200.6930608265102,,,,,,-32338,,,minimize,,,238,6100,,4100,18210,,,,8090,,2.02691,,8000,,MaxEff,,2100,0,,,4000
Chuffed Prop,jobshop,jobshop/jobshop_gini.mzn,jobshop/dzn/ta31_3a_alloc1.dzn:jobshop/generated_bounds/MaxEffGini/ta31_3a_alloc1_MaxEffGini.dzn,SATISFIED,1200.3877750225365,,,,,,-8013,,,minimize,,,21,1380,,930,4124,,,,1829,,0.513478,,1800,,MaxEff,,480,0,,,900
Chuffed Prop,jobshop,jobshop/jobshop_gini.mzn,jobshop/dzn/ta78_8a_alloc1.dzn:jobshop/generated_bounds/MaxEffGini/ta78_8a_alloc1_MaxEffGini.dzn,SATISFIED,1200.6959905121475,,,,,,-45610,,,minimize,,,189,6100,,4100,18209,,,,8089,,1.89307,,8000,,MaxEff,,2100,0,,,4000
Chuffed BBval,jobshop,jobshop/jobshop_gini.mzn,jobshop/dzn/ta73_8a_alloc1.dzn:jobshop/generated_bounds/MaxEffGini/ta73_8a_alloc1_MaxEffGini.dzn,SATISFIED,1200.9986758120358,2011,16420820,338971,8094,330875,-15226,816165497,0.379,minimize,0.0,32,32,6100,-154603577,4100,18212,-15226,15667297,1198.118,8092,687554,1.88033,0.0,8000,687554,MaxEff,0.94,2100,0,10104,187.532,4000
Chuffed BB,jobshop,jobshop/jobshop_gini.mzn,jobshop/dzn/ta56_4a_alloc1.dzn:jobshop/generated_bounds/MaxEffGini/ta56_4a_alloc1_MaxEffGini.dzn,SATISFIED,1200.660966720432,765,3138015,286028,3048,282978,-15950,255578245,0.143,minimize,0.0,48,48,2300,-319177380,1550,6862,-15950,2295703,1199.23,3047,805157,0.767933,0.0,3000,805157,MaxEff,0.94,800,0,3809,9.628,1500
Chuffed BB,jobshop,jobshop/jobshop_gini.mzn,jobshop/dzn/ta31_2a_alloc1.dzn:jobshop/generated_bounds/MaxEffGini/ta31_2a_alloc1_MaxEffGini.dzn,SATISFIED,1200.4986877776682,459,3477689,189976,1829,188145,-8086,458639894,0.085,minimize,0.0,23,23,1380,-1344914210,930,4123,-8086,2441849,1199.488,1828,1025072,0.510267,0.0,1800,1025072,MaxEff,0.63,480,0,2291,747.678,900
Chuffed BBval,jobshop,jobshop/jobshop_gini.mzn,jobshop/dzn/ta70_4a_alloc1.dzn:jobshop/generated_bounds/MaxEffGini/ta70_4a_alloc1_MaxEffGini.dzn,SATISFIED,1200.7599681951106,1013,2085840,399471,4046,395423,-20191,317770469,0.186,minimize,0.0,58,58,3050,846961296,2050,9114,-20191,1517597,1198.986,4044,508960,1.012389,0.0,4000,508960,MaxEff,1.41,1050,0,5058,1000.75,2000
Chuffed Prop,jobshop,jobshop/jobshop_gini.mzn,jobshop/dzn/ta74_7a_alloc1.dzn:jobshop/generated_bounds/MaxEffGini/ta74_7a_alloc1_MaxEffGini.dzn,SATISFIED,1200.6709967199713,,,,,,-47213,,,minimize,,,187,6100,,4100,18206,,,,8086,,1.87883,,8000,,MaxEff,,2100,0,,,4000
Chuffed Prop,jobshop,jobshop/jobshop_gini.mzn,jobshop/dzn/ta40_3a_alloc1.dzn:jobshop/generated_bounds/MaxEffGini/ta40_3a_alloc1_MaxEffGini.dzn,SATISFIED,1200.3970525860786,,,,,,-7911,,,minimize,,,18,1380,,930,4124,,,,1829,,0.514144,,1800,,MaxEff,,480,0,,,900
Chuffed BB,jobshop,jobshop/jobshop_gini.mzn,jobshop/dzn/ta43_3a_alloc1.dzn:jobshop/generated_bounds/MaxEffGini/ta43_3a_alloc1_MaxEffGini.dzn,SATISFIED,1200.5502854268998,605,3349479,274802,2427,272373,-9325,553773616,0.113,minimize,0.0,23,23,1830,-977308181,1230,5476,-9325,2977347,1199.386,2426,358988,0.612458,0.0,2400,358988,MaxEff,0.94,630,0,3042,946.294,1200
Chuffed Prop,jobshop,jobshop/jobshop_gini.mzn,jobshop/dzn/ta80_5a_alloc1.dzn:jobshop/generated_bounds/MaxEffGini/ta80_5a_alloc1_MaxEffGini.dzn,SATISFIED,1200.7414761930704,,,,,,-42044,,,minimize,,,148,6100,,4100,18208,,,,8088,,1.88683,,8000,,MaxEff,,2100,0,,,4000
Chuffed BBval,jobshop,jobshop/jobshop_gini.mzn,jobshop/dzn/ta72_5a_alloc1.dzn:jobshop/generated_bounds/MaxEffGini/ta72_5a_alloc1_MaxEffGini.dzn,SATISFIED,1201.363349210471,2018,1899571,1525425,8088,1517335,-44181,189462852,0.381,minimize,0.0,159,159,6100,-1462269902,4100,18206,-44181,1279943,1198.088,8086,297818,1.92033,0.0,8000,297818,MaxEff,3.16,2100,0,10092,425.262,4000
Chuffed BBval,jobshop,jobshop/jobshop_gini.mzn,jobshop/dzn/ta37_2a_alloc1.dzn:jobshop/generated_bounds/MaxEffGini/ta37_2a_alloc1_MaxEffGini.dzn,SATISFIED,1200.5100688561797,461,3745700,167156,1834,165320,-8284,418758624,0.085,minimize,0.0,26,26,1380,1215796928,930,4127,-8284,2632846,1199.488,1832,1100631,0.510209,0.0,1800,1100631,MaxEff,0.63,480,0,2299,233.246,900
Chuffed BB,jobshop,jobshop/jobshop_gini.mzn,jobshop/dzn/ta47_3a_alloc1.dzn:jobshop/generated_bounds/MaxEffGini/ta47_3a_alloc1_MaxEffGini.dzn,OPTIMAL_SOLUTION,180.47792343050241,602,665864,244920,2432,242486,-9646,90517223,0.114,minimize,0.0,31,31,1830,768410584,1230,5481,-9646,564601,179.296,2431,87700,0.616992,0.0,2400,87700,MaxEff,0.63,630,0,3052,149.873,1200
Chuffed BBval,jobshop,jobshop/jobshop_gini.mzn,jobshop/dzn/ta47_3a_alloc1.dzn:jobshop/generated_bounds/MaxEffGini/ta47_3a_alloc1_MaxEffGini.dzn,OPTIMAL_SOLUTION,179.1024719811976,602,698920,246787,2433,244352,-9646,98788767,0.112,minimize,0.0,31,31,1830,1616193363,1230,5481,-9646,601880,177.929,2431,83491,0.646964,0.0,2400,83491,MaxEff,0.63,630,0,3052,144.9,1200
Chuffed BB,jobshop,jobshop/jobshop_gini.mzn,jobshop/dzn/ta65_3a_alloc1.dzn:jobshop/generated_bounds/MaxEffGini/ta65_3a_alloc1_MaxEffGini.dzn,SATISFIED,1200.795701265335,1014,1948791,353835,4046,349787,-18669,323382885,0.187,minimize,0.0,60,60,3050,-576231167,2050,9115,-18669,1221607,1198.987,4045,665732,1.01003,0.0,4000,665732,MaxEff,1.41,1050,0,5060,259.276,2000
Chuffed BB,jobshop,jobshop/jobshop_gini.mzn,jobshop/dzn/ta37_3a_alloc1.dzn:jobshop/generated_bounds/MaxEffGini/ta37_3a_alloc1_MaxEffGini.dzn,SATISFIED,1200.5734209008515,462,3579133,166113,1834,164277,-8284,421355429,0.086,minimize,0.0,25,25,1380,-1314699301,930,4128,-8284,2471527,1199.482,1833,1095845,0.515557,0.0,1800,1095845,MaxEff,0.63,480,0,2301,175.34,900
Chuffed Prop,jobshop,jobshop/jobshop_gini.mzn,jobshop/dzn/ta75_10a_alloc1.dzn:jobshop/generated_bounds/MaxEffGini/ta75_10a_alloc1_MaxEffGini.dzn,SATISFIED,1200.656514711678,,,,,,-44353,,,minimize,,,126,6100,,4100,18208,,,,8088,,1.86873,,8000,,MaxEff,,2100,0,,,4000
Chuffed BBval,jobshop,jobshop/jobshop_gini.mzn,jobshop/dzn/ta70_5a_alloc1.dzn:jobshop/generated_bounds/MaxEffGini/ta70_5a_alloc1_MaxEffGini.dzn,SATISFIED,1200.7517031487077,1013,2920897,351930,4047,347881,-19299,275438479,0.189,minimize,0.0,48,48,3050,599079921,2050,9115,-19299,2347429,1198.964,4045,524209,1.03887,0.0,4000,524209,MaxEff,0.94,1050,0,5060,10.63,2000
Chuffed BB,jobshop,jobshop/jobshop_gini.mzn,jobshop/dzn/ta63_4a_alloc1.dzn:jobshop/generated_bounds/MaxEffGini/ta63_4a_alloc1_MaxEffGini.dzn,SATISFIED,1200.8866621032357,1015,2872434,385841,4051,381788,-17966,271206864,0.189,minimize,0.0,85,85,3050,-147777744,2050,9120,-17966,2138701,1198.949,4050,646964,1.04937,0.0,4000,646964,MaxEff,0.94,1050,0,5070,211.125,2000
Chuffed BB,jobshop,jobshop/jobshop_gini.mzn,jobshop/dzn/ta69_3a_alloc1.dzn:jobshop/generated_bounds/MaxEffGini/ta69_3a_alloc1_MaxEffGini.dzn,SATISFIED,1200.8466211166233,1017,2883683,417834,4049,413783,-21599,254892908,0.19,minimize,0.0,56,56,3050,515627848,2050,9118,-21599,2199645,1198.997,4048,626632,1.00067,0.0,4000,626632,MaxEff,1.41,1050,0,5066,712.374,2000
Chuffed BB,jobshop,jobshop/jobshop_gini.mzn,jobshop/dzn/ta61_3a_alloc1.dzn:jobshop/generated_bounds/MaxEffGini/ta61_3a_alloc1_MaxEffGini.dzn,SATISFIED,1200.7484869826585,1016,2273290,360524,4045,356477,-19457,378592685,0.19,minimize,0.0,64,64,3050,-570143995,2050,9114,-19457,1621065,1198.997,4044,586702,1.0019,0.0,4000,586702,MaxEff,1.41,1050,0,5058,9.067,2000
Chuffed BBval,jobshop,jobshop/jobshop_gini.mzn,jobshop/dzn/ta36_3a_alloc1.dzn:jobshop/generated_bounds/MaxEffGini/ta36_3a_alloc1_MaxEffGini.dzn,SATISFIED,1200.5027543324977,459,3312521,186945,1835,185108,-8773,437376963,0.084,minimize,0.0,21,21,1380,-75156425,930,4128,-8773,2423871,1199.476,1833,878806,0.524115,0.0,1800,878806,MaxEff,0.63,480,0,2301,1161.514,900
Chuffed BBval,jobshop,jobshop/jobshop_gini.mzn,jobshop/dzn/ta61_4a_alloc1.dzn:jobshop/generated_bounds/MaxEffGini/ta61_4a_alloc1_MaxEffGini.dzn,SATISFIED,1200.7440182697028,1013,2136253,384785,4047,380736,-19606,310600816,0.188,minimize,0.0,53,53,3050,-329582812,2050,9115,-19606,1511810,1198.999,4045,570076,1.00417,0.0,4000,570076,MaxEff,0.94,1050,0,5060,226.925,2000
Chuffed BBval,jobshop,jobshop/jobshop_gini.mzn,jobshop/dzn/ta69_4a_alloc1.dzn:jobshop/generated_bounds/MaxEffGini/ta69_4a_alloc1_MaxEffGini.dzn,SATISFIED,1200.8540774919093,1016,2771210,415679,4051,411626,-21599,252279252,0.189,minimize,0.0,49,49,3050,1645870901,2050,9119,-21599,2090733,1198.976,4049,630180,1.02299,0.0,4000,630180,MaxEff,1.41,1050,0,5068,658.831,2000
Chuffed BBval,jobshop,jobshop/jobshop_gini.mzn,jobshop/dzn/ta72_7a_alloc1.dzn:jobshop/generated_bounds/MaxEffGini/ta72_7a_alloc1_MaxEffGini.dzn,SATISFIED,1201.0202059596777,2014,9380684,421895,8090,413803,-16629,811784821,0.374,minimize,0.0,64,64,6100,-283756548,4100,18208,-16629,8821702,1198.111,8088,428610,1.88726,0.0,8000,428610,MaxEff,0.94,2100,0,10096,271.458,4000
Chuffed BBval,jobshop,jobshop/jobshop_gini.mzn,jobshop/dzn/ta42_2a_alloc1.dzn:jobshop/generated_bounds/MaxEffGini/ta42_2a_alloc1_MaxEffGini.dzn,SATISFIED,1200.586429765448,605,3113884,271511,2433,269076,-10716,558531117,0.112,minimize,0.0,28,28,1830,-681713231,1230,5481,-10716,2582927,1199.345,2431,514192,0.653918,0.0,2400,514192,MaxEff,0.94,630,0,3052,491.525,1200
Chuffed BBval,jobshop,jobshop/jobshop_gini.mzn,jobshop/dzn/ta48_2a_alloc1.dzn:jobshop/generated_bounds/MaxEffGini/ta48_2a_alloc1_MaxEffGini.dzn,SATISFIED,1200.5428221970797,608,3288138,258584,2432,256150,-10595,471635934,0.108,minimize,0.0,41,41,1830,-1103958738,1230,5480,-10595,2697053,1199.365,2430,566883,0.632544,0.0,2400,566883,MaxEff,0.94,630,0,3050,1023.484,1200
Chuffed BB,jobshop,jobshop/jobshop_gini.mzn,jobshop/dzn/ta59_5a_alloc1.dzn:jobshop/generated_bounds/MaxEffGini/ta59_5a_alloc1_MaxEffGini.dzn,SATISFIED,1200.6851201746613,761,9743281,202149,3051,199096,-13729,198924276,0.142,minimize,0.0,37,37,2300,-1267600323,1550,6865,-13729,8009524,1199.195,3050,1704988,0.802608,0.0,3000,1704988,MaxEff,0.94,800,0,3815,5.461,1500
Chuffed Prop,jobshop,jobshop/jobshop_gini.mzn,jobshop/dzn/ta58_4a_alloc1.dzn:jobshop/generated_bounds/MaxEffGini/ta58_4a_alloc1_MaxEffGini.dzn,SATISFIED,1200.4010457564145,,,,,,-16354,,,minimize,,,60,2300,,1550,6869,,,,3054,,0.800783,,3000,,MaxEff,,800,0,,,1500
Chuffed BBval,jobshop,jobshop/jobshop_gini.mzn,jobshop/dzn/ta73_6a_alloc1.dzn:jobshop/generated_bounds/MaxEffGini/ta73_6a_alloc1_MaxEffGini.dzn,SATISFIED,1201.0752124115825,2011,18992148,333027,8092,324933,-12709,864024920,0.384,minimize,0.0,24,24,6100,-2143130654,4100,18210,-12709,18154996,1198.107,8090,787197,1.89131,0.0,8000,787197,MaxEff,0.63,2100,0,10100,725.2,4000
Chuffed Prop,jobshop,jobshop/jobshop_gini.mzn,jobshop/dzn/ta58_3a_alloc1.dzn:jobshop/generated_bounds/MaxEffGini/ta58_3a_alloc1_MaxEffGini.dzn,SATISFIED,1200.4599020890892,,,,,,-16354,,,minimize,,,66,2300,,1550,6868,,,,3053,,0.767568,,3000,,MaxEff,,800,0,,,1500
Chuffed BBval,jobshop,jobshop/jobshop_gini.mzn,jobshop/dzn/ta31_2a_alloc1.dzn:jobshop/generated_bounds/MaxEffGini/ta31_2a_alloc1_MaxEffGini.dzn,SATISFIED,1200.5269060395658,458,3255715,189923,1830,188091,-8086,431516028,0.081,minimize,0.0,23,23,1380,855970433,930,4123,-8086,2292009,1199.484,1828,952968,0.514144,0.0,1800,952968,MaxEff,0.63,480,0,2291,805.164,900
Chuffed Prop,jobshop,jobshop/jobshop_gini.mzn,jobshop/dzn/ta33_2a_alloc1.dzn:jobshop/generated_bounds/MaxEffGini/ta33_2a_alloc1_MaxEffGini.dzn,SATISFIED,1200.4030516259372,,,,,,-8665,,,minimize,,,20,1380,,930,4126,,,,1831,,0.513661,,1800,,MaxEff,,480,0,,,900
Chuffed Prop,jobshop,jobshop/jobshop_gini.mzn,jobshop/dzn/ta55_5a_alloc1.dzn:jobshop/generated_bounds/MaxEffGini/ta55_5a_alloc1_MaxEffGini.dzn,SATISFIED,1200.4476786199957,,,,,,-12972,,,minimize,,,46,2300,,1550,6864,,,,3049,,0.776959,,3000,,MaxEff,,800,0,,,1500
Chuffed Prop,jobshop,jobshop/jobshop_gini.mzn,jobshop/dzn/ta76_6a_alloc1.dzn:jobshop/generated_bounds/MaxEffGini/ta76_6a_alloc1_MaxEffGini.dzn,SATISFIED,1200.710486330092,,,,,,-43048,,,minimize,,,141,6100,,4100,18205,,,,8085,,1.8894,,8000,,MaxEff,,2100,0,,,4000
Chuffed BBval,jobshop,jobshop/jobshop_gini.mzn,jobshop/dzn/ta58_4a_alloc1.dzn:jobshop/generated_bounds/MaxEffGini/ta58_4a_alloc1_MaxEffGini.dzn,SATISFIED,1200.69122845307,763,2911900,298660,3056,295602,-16354,286719850,0.14,minimize,0.0,60,60,2300,1519283511,1550,6869,-16354,2198651,1199.224,3054,667075,0.774588,0.0,3000,667075,MaxEff,0.94,800,0,3823,6.376,1500
Chuffed BB,jobshop,jobshop/jobshop_gini.mzn,jobshop/dzn/ta34_2a_alloc1.dzn:jobshop/generated_bounds/MaxEffGini/ta34_2a_alloc1_MaxEffGini.dzn,SATISFIED,1200.5475028883666,462,1887023,197054,1833,195219,-10261,441744477,0.087,minimize,0.0,28,28,1380,1817488232,930,4127,-10261,1005471,1199.488,1832,868477,0.509986,0.0,1800,868477,MaxEff,0.94,480,0,2299,253.752,900
Chuffed BBval,jobshop,jobshop/jobshop_gini.mzn,jobshop/dzn/ta75_7a_alloc1.dzn:jobshop/generated_bounds/MaxEffGini/ta75_7a_alloc1_MaxEffGini.dzn,SATISFIED,1201.3203654643148,2019,1708872,1388729,8087,1380640,-44353,210560200,0.379,minimize,0.0,138,138,6100,931733302,4100,18205,-44353,1063578,1198.061,8085,365721,1.93621,0.0,8000,365721,MaxEff,3.16,2100,0,10090,71.134,4000
Chuffed BB,jobshop,jobshop/jobshop_gini.mzn,jobshop/dzn/ta58_4a_alloc1.dzn:jobshop/generated_bounds/MaxEffGini/ta58_4a_alloc1_MaxEffGini.dzn,SATISFIED,1200.6115906853229,764,3008452,299072,3055,296015,-16354,291216087,0.143,minimize,0.0,60,60,2300,-1917621259,1550,6869,-16354,2262254,1199.2,3054,699956,0.794659,0.0,3000,699956,MaxEff,0.94,800,0,3823,8.58,1500
Chuffed BB,jobshop,jobshop/jobshop_gini.mzn,jobshop/dzn/ta60_3a_alloc1.dzn:jobshop/generated_bounds/MaxEffGini/ta60_3a_alloc1_MaxEffGini.dzn,SATISFIED,1200.619016757235,765,6492918,250306,3052,247252,-14992,215941494,0.142,minimize,0.0,44,44,2300,-1100912811,1550,6866,-14992,5270770,1199.236,3051,1188089,0.761727,0.0,3000,1188089,MaxEff,0.63,800,0,3817,9.102,1500
Chuffed BBval,jobshop,jobshop/jobshop_gini.mzn,jobshop/dzn/ta68_5a_alloc1.dzn:jobshop/generated_bounds/MaxEffGini/ta68_5a_alloc1_MaxEffGini.dzn,SATISFIED,1200.8186213597655,1013,2024952,374752,4048,370702,-19510,324592505,0.186,minimize,0.0,51,51,3050,-177161516,2050,9116,-19510,1478624,1198.999,4046,494128,1.00187,0.0,4000,494128,MaxEff,0.94,1050,0,5062,957.558,2000
Chuffed Prop,jobshop,jobshop/jobshop_gini.mzn,jobshop/dzn/ta42_2a_alloc1.dzn:jobshop/generated_bounds/MaxEffGini/ta42_2a_alloc1_MaxEffGini.dzn,SATISFIED,1200.460257453844,,,,,,-10716,,,minimize,,,28,1830,,1230,5481,,,,2431,,0.652377,,2400,,MaxEff,,630,0,,,1200
Chuffed Prop,jobshop,jobshop/jobshop_gini.mzn,jobshop/dzn/ta74_6a_alloc1.dzn:jobshop/generated_bounds/MaxEffGini/ta74_6a_alloc1_MaxEffGini.dzn,SATISFIED,1200.713621975854,,,,,,-47213,,,minimize,,,309,6100,,4100,18205,,,,8085,,1.88956,,8000,,MaxEff,,2100,0,,,4000
Chuffed Prop,jobshop,jobshop/jobshop_gini.mzn,jobshop/dzn/ta38_3a_alloc1.dzn:jobshop/generated_bounds/MaxEffGini/ta38_3a_alloc1_MaxEffGini.dzn,SATISFIED,1200.4645893666893,,,,,,-7131,,,minimize,,,19,1380,,930,4127,,,,1832,,0.546852,,1800,,MaxEff,,480,0,,,900
Chuffed BBval,jobshop,jobshop/jobshop_gini.mzn,jobshop/dzn/ta56_4a_alloc1.dzn:jobshop/generated_bounds/MaxEffGini/ta56_4a_alloc1_MaxEffGini.dzn,SATISFIED,1200.5939955655485,764,2905745,288219,3049,285168,-15950,258866382,0.139,minimize,0.0,48,48,2300,983188337,1550,6862,-15950,2060963,1199.24,3047,807678,0.758067,0.0,3000,807678,MaxEff,0.94,800,0,3809,8.067,1500
Chuffed BB,jobshop,jobshop/jobshop_gini.mzn,jobshop/dzn/ta77_6a_alloc1.dzn:jobshop/generated_bounds/MaxEffGini/ta77_6a_alloc1_MaxEffGini.dzn,SATISFIED,1201.5386855285615,2020,1894418,1305392,8095,1297295,-43567,190852601,0.391,minimize,0.0,107,107,6100,-2122076075,4100,18214,-43567,1404546,1198.04,8094,272461,1.96555,0.0,8000,272461,MaxEff,3.16,2100,0,10108,743.998,4000
Chuffed BB,jobshop,jobshop/jobshop_gini.mzn,jobshop/dzn/ta61_5a_alloc1.dzn:jobshop/generated_bounds/MaxEffGini/ta61_5a_alloc1_MaxEffGini.dzn,SATISFIED,1200.7958927359432,1015,2019585,385626,4047,381577,-19496,287876158,0.189,minimize,0.0,75,75,3050,-935335420,2050,9116,-19496,1387595,1198.994,4046,555280,1.00447,0.0,4000,555280,MaxEff,0.94,1050,0,5062,79.845,2000
Chuffed Prop,jobshop,jobshop/jobshop_gini.mzn,jobshop/dzn/ta71_5a_alloc1.dzn:jobshop/generated_bounds/MaxEffGini/ta71_5a_alloc1_MaxEffGini.dzn,SATISFIED,1200.7561174072325,,,,,,-43450,,,minimize,,,272,6100,,4100,18209,,,,8089,,2.02332,,8000,,MaxEff,,2100,0,,,4000
Chuffed BB,jobshop,jobshop/jobshop_gini.mzn,jobshop/dzn/ta80_9a_alloc1.dzn:jobshop/generated_bounds/MaxEffGini/ta80_9a_alloc1_MaxEffGini.dzn,SATISFIED,1201.3959686029702,2018,2859189,1577046,8093,1568951,-41830,434584072,0.372,minimize,0.0,206,206,6100,1328225835,4100,18212,-41830,2307142,1198.116,8092,135418,1.88616,0.0,8000,135418,MaxEff,3.16,2100,0,10104,1127.259,4000
Chuffed Prop,jobshop,jobshop/jobshop_gini.mzn,jobshop/dzn/ta61_4a_alloc1.dzn:jobshop/generated_bounds/MaxEffGini/ta61_4a_alloc1_MaxEffGini.dzn,SATISFIED,1200.493223996833,,,,,,-19606,,,minimize,,,53,3050,,2050,9115,,,,4045,,1.012019,,4000,,MaxEff,,1050,0,,,2000
Chuffed Prop,jobshop,jobshop/jobshop_gini.mzn,jobshop/dzn/ta76_10a_alloc1.dzn:jobshop/generated_bounds/MaxEffGini/ta76_10a_alloc1_MaxEffGini.dzn,SATISFIED,1200.6602309402078,,,,,,-43048,,,minimize,,,162,6100,,4100,18209,,,,8089,,1.96227,,8000,,MaxEff,,2100,0,,,4000
Chuffed Prop,jobshop,jobshop/jobshop_gini.mzn,jobshop/dzn/ta63_4a_alloc1.dzn:jobshop/generated_bounds/MaxEffGini/ta63_4a_alloc1_MaxEffGini.dzn,SATISFIED,1200.4982942286879,,,,,,-17966,,,minimize,,,85,3050,,2050,9120,,,,4050,,1.035099,,4000,,MaxEff,,1050,0,,,2000
Chuffed BB,jobshop,jobshop/jobshop_gini.mzn,jobshop/dzn/ta62_5a_alloc1.dzn:jobshop/generated_bounds/MaxEffGini/ta62_5a_alloc1_MaxEffGini.dzn,SATISFIED,1200.8696863353252,1014,2435486,457113,4051,453060,-19384,308577048,0.19,minimize,0.0,53,53,3050,405515213,2050,9120,-19384,1878571,1198.94,4050,502666,1.05772,0.0,4000,502666,MaxEff,1.41,1050,0,5070,454.126,2000
Chuffed Prop,jobshop,jobshop/jobshop_gini.mzn,jobshop/dzn/ta35_3a_alloc1.dzn:jobshop/generated_bounds/MaxEffGini/ta35_3a_alloc1_MaxEffGini.dzn,SATISFIED,1200.4029147457331,,,,,,-8281,,,minimize,,,37,1380,,930,4125,,,,1830,,0.51007,,1800,,MaxEff,,480,0,,,900
Chuffed BB,jobshop,jobshop/jobshop_gini.mzn,jobshop/dzn/ta44_2a_alloc1.dzn:jobshop/generated_bounds/MaxEffGini/ta44_2a_alloc1_MaxEffGini.dzn,SATISFIED,1200.5994446966797,613,2419122,263710,2431,261277,-11710,494359305,0.114,minimize,0.0,30,30,1830,1017481345,1230,5480,-11710,1707776,1199.345,2430,692736,0.652113,0.0,2400,692736,MaxEff,0.94,630,0,3050,1072.507,1200
Chuffed Prop,jobshop,jobshop/jobshop_gini.mzn,jobshop/dzn/ta73_10a_alloc1.dzn:jobshop/generated_bounds/MaxEffGini/ta73_10a_alloc1_MaxEffGini.dzn,SATISFIED,1200.6794883906841,,,,,,-45380,,,minimize,,,151,6100,,4100,18214,,,,8094,,1.88287,,8000,,MaxEff,,2100,0,,,4000
Chuffed BB,jobshop,jobshop/jobshop_gini.mzn,jobshop/dzn/ta78_8a_alloc1.dzn:jobshop/generated_bounds/MaxEffGini/ta78_8a_alloc1_MaxEffGini.dzn,SATISFIED,1201.1170090269297,2020,3593136,656189,8090,648097,-26661,500773764,0.382,minimize,0.0,84,84,6100,1674313063,4100,18209,-26661,3269611,1198.093,8089,152785,1.9049,0.0,8000,152785,MaxEff,1.41,2100,0,10098,1195.755,4000
Chuffed BB,jobshop,jobshop/jobshop_gini.mzn,jobshop/dzn/ta58_5a_alloc1.dzn:jobshop/generated_bounds/MaxEffGini/ta58_5a_alloc1_MaxEffGini.dzn,SATISFIED,1200.604559501633,764,3574519,296271,3056,293213,-16354,293093046,0.14,minimize,0.0,55,55,2300,1805449867,1550,6870,-16354,2773837,1199.233,3055,758281,0.768911,0.0,3000,758281,MaxEff,0.94,800,0,3825,9.305,1500
Chuffed BBval,jobshop,jobshop/jobshop_gini.mzn,jobshop/dzn/ta65_3a_alloc1.dzn:jobshop/generated_bounds/MaxEffGini/ta65_3a_alloc1_MaxEffGini.dzn,SATISFIED,1200.7519314642996,1013,1940360,353670,4047,349621,-18669,311087121,0.185,minimize,0.0,60,60,3050,1653690675,2050,9115,-18669,1204633,1198.975,4045,674331,1.023979,0.0,4000,674331,MaxEff,1.41,1050,0,5060,271.553,2000
Chuffed BB,jobshop,jobshop/jobshop_gini.mzn,jobshop/dzn/ta58_3a_alloc1.dzn:jobshop/generated_bounds/MaxEffGini/ta58_3a_alloc1_MaxEffGini.dzn,SATISFIED,1200.6549424603581,764,3151109,300568,3054,297512,-16354,295521529,0.143,minimize,0.0,66,66,2300,-343072207,1550,6868,-16354,2381820,1199.227,3053,718497,0.770492,0.0,3000,718497,MaxEff,0.94,800,0,3821,8.348,1500
Chuffed BBval,jobshop,jobshop/jobshop_gini.mzn,jobshop/dzn/ta79_10a_alloc1.dzn:jobshop/generated_bounds/MaxEffGini/ta79_10a_alloc1_MaxEffGini.dzn,SATISFIED,1201.0558455269784,2016,7960210,537610,8092,529516,-19643,747105998,0.385,minimize,0.0,94,94,6100,-667101279,4100,18210,-19643,7412795,1198.073,8090,356665,1.93138,0.0,8000,356665,MaxEff,1.41,2100,0,10100,753.766,4000
Chuffed BBval,jobshop,jobshop/jobshop_gini.mzn,jobshop/dzn/ta76_9a_alloc1.dzn:jobshop/generated_bounds/MaxEffGini/ta76_9a_alloc1_MaxEffGini.dzn,SATISFIED,1201.2021121885628,2019,8019188,934435,8090,926343,-31432,730504686,0.383,minimize,0.0,191,191,6100,-640132441,4100,18208,-31432,7293250,1198.091,8088,339827,1.90798,0.0,8000,339827,MaxEff,2.11,2100,0,10096,1073.252,4000
Chuffed Prop,jobshop,jobshop/jobshop_gini.mzn,jobshop/dzn/ta62_3a_alloc1.dzn:jobshop/generated_bounds/MaxEffGini/ta62_3a_alloc1_MaxEffGini.dzn,SATISFIED,1200.472836136818,,,,,,-20028,,,minimize,,,39,3050,,2050,9118,,,,4048,,1.05007,,4000,,MaxEff,,1050,0,,,2000
Chuffed Prop,jobshop,jobshop/jobshop_gini.mzn,jobshop/dzn/ta64_5a_alloc1.dzn:jobshop/generated_bounds/MaxEffGini/ta64_5a_alloc1_MaxEffGini.dzn,SATISFIED,1200.506257519126,,,,,,-17385,,,minimize,,,75,3050,,2050,9109,,,,4039,,1.01884,,4000,,MaxEff,,1050,0,,,2000
Chuffed BBval,jobshop,jobshop/jobshop_gini.mzn,jobshop/dzn/ta80_7a_alloc1.dzn:jobshop/generated_bounds/MaxEffGini/ta80_7a_alloc1_MaxEffGini.dzn,SATISFIED,1201.4338988196105,2017,2306862,1442103,8092,1434009,-42044,226321427,0.377,minimize,0.0,144,144,6100,1731503846,4100,18210,-42044,1717401,1198.046,8090,298007,1.95321,0.0,8000,298007,MaxEff,3.16,2100,0,10100,253.946,4000
Chuffed Prop,jobshop,jobshop/jobshop_gini.mzn,jobshop/dzn/ta48_2a_alloc1.dzn:jobshop/generated_bounds/MaxEffGini/ta48_2a_alloc1_MaxEffGini.dzn,SATISFIED,1200.4104254953563,,,,,,-10595,,,minimize,,,41,1830,,1230,5480,,,,2430,,0.649375,,2400,,MaxEff,,630,0,,,1200
Chuffed BB,jobshop,jobshop/jobshop_gini.mzn,jobshop/dzn/ta57_4a_alloc1.dzn:jobshop/generated_bounds/MaxEffGini/ta57_4a_alloc1_MaxEffGini.dzn,SATISFIED,1200.6294012255967,766,5760701,229081,3050,226029,-16104,235687604,0.144,minimize,0.0,37,37,2300,-831829429,1550,6864,-16104,4314729,1199.169,3049,1417120,0.826596,0.0,3000,1417120,MaxEff,0.94,800,0,3813,5.39,1500
Chuffed Prop,jobshop,jobshop/jobshop_gini.mzn,jobshop/dzn/ta68_4a_alloc1.dzn:jobshop/generated_bounds/MaxEffGini/ta68_4a_alloc1_MaxEffGini.dzn,SATISFIED,1200.4891076870263,,,,,,-18487,,,minimize,,,43,3050,,2050,9115,,,,4045,,1.00247,,4000,,MaxEff,,1050,0,,,2000
Chuffed BBval,jobshop,jobshop/jobshop_gini.mzn,jobshop/dzn/ta57_4a_alloc1.dzn:jobshop/generated_bounds/MaxEffGini/ta57_4a_alloc1_MaxEffGini.dzn,SATISFIED,1200.6586183905602,765,6419246,228742,3051,225689,-16104,265353813,0.141,minimize,0.0,37,37,2300,-633487274,1550,6864,-16104,4774612,1199.234,3049,1615832,0.764872,0.0,3000,1615832,MaxEff,0.94,800,0,3813,7.88,1500
Chuffed BB,jobshop,jobshop/jobshop_gini.mzn,jobshop/dzn/ta75_10a_alloc1.dzn:jobshop/generated_bounds/MaxEffGini/ta75_10a_alloc1_MaxEffGini.dzn,SATISFIED,1201.3359770607203,2020,1595958,1382693,8089,1374602,-44353,193761477,0.38,minimize,0.0,127,127,6100,722149805,4100,18208,-44353,968380,1198.131,8088,369920,1.86914,0.0,8000,369920,MaxEff,3.16,2100,0,10096,90.82,4000
Chuffed BBval,jobshop,jobshop/jobshop_gini.mzn,jobshop/dzn/ta69_3a_alloc1.dzn:jobshop/generated_bounds/MaxEffGini/ta69_3a_alloc1_MaxEffGini.dzn,SATISFIED,1200.7565500233322,1016,2853636,417774,4050,413722,-21599,251703064,0.185,minimize,0.0,56,56,3050,1292097695,2050,9118,-21599,2177114,1199.012,4048,619153,0.98757,0.0,4000,619153,MaxEff,1.41,1050,0,5066,722.294,2000
Chuffed BB,jobshop,jobshop/jobshop_gini.mzn,jobshop/dzn/ta79_6a_alloc1.dzn:jobshop/generated_bounds/MaxEffGini/ta79_6a_alloc1_MaxEffGini.dzn,SATISFIED,1201.4212733656168,2022,3895635,1579703,8087,1571614,-44118,431182002,0.385,minimize,0.0,236,236,6100,238133035,4100,18206,-44118,3221370,1198.114,8086,196674,1.88474,0.0,8000,196674,MaxEff,3.16,2100,0,10092,1128.211,4000
Chuffed BB,jobshop,jobshop/jobshop_gini.mzn,jobshop/dzn/ta63_5a_alloc1.dzn:jobshop/generated_bounds/MaxEffGini/ta63_5a_alloc1_MaxEffGini.dzn,SATISFIED,1200.7102908156812,1016,2074469,324665,4052,320611,-18001,337568648,0.183,minimize,0.0,55,55,3050,-1412267266,2050,9121,-18001,1305867,1199.01,4051,712165,0.987812,0.0,4000,712165,MaxEff,0.94,1050,0,5072,18.215,2000
Chuffed Prop,jobshop,jobshop/jobshop_gini.mzn,jobshop/dzn/ta76_5a_alloc1.dzn:jobshop/generated_bounds/MaxEffGini/ta76_5a_alloc1_MaxEffGini.dzn,SATISFIED,1200.6675780527294,,,,,,-43048,,,minimize,,,150,6100,,4100,18204,,,,8084,,1.86806,,8000,,MaxEff,,2100,0,,,4000
Chuffed Prop,jobshop,jobshop/jobshop_gini.mzn,jobshop/dzn/ta47_2a_alloc1.dzn:jobshop/generated_bounds/MaxEffGini/ta47_2a_alloc1_MaxEffGini.dzn,OPTIMAL_SOLUTION,207.1313115824014,601,777175,250661,2431,248228,-9720,118282887,0.112,minimize,0.0,40,40,1830,1772050949,1230,5480,-9720,659967,205.874,2430,99158,0.650559,0.0,2400,99158,MaxEff,0.63,630,0,3050,181.108,1200
Chuffed BBval,jobshop,jobshop/jobshop_gini.mzn,jobshop/dzn/ta46_3a_alloc1.dzn:jobshop/generated_bounds/MaxEffGini/ta46_3a_alloc1_MaxEffGini.dzn,SATISFIED,1200.529048582539,608,2783161,238176,2434,235740,-10385,499576629,0.108,minimize,0.0,23,23,1830,1950104122,1230,5482,-10385,2158498,1199.359,2432,610677,0.639662,0.0,2400,610677,MaxEff,0.94,630,0,3054,16.838,1200
Chuffed Prop,jobshop,jobshop/jobshop_gini.mzn,jobshop/dzn/ta66_3a_alloc1.dzn:jobshop/generated_bounds/MaxEffGini/ta66_3a_alloc1_MaxEffGini.dzn,SATISFIED,1200.495235338807,,,,,,-19664,,,minimize,,,38,3050,,2050,9115,,,,4045,,1.009439,,4000,,MaxEff,,1050,0,,,2000
Chuffed BB,jobshop,jobshop/jobshop_gini.mzn,jobshop/dzn/ta49_3a_alloc1.dzn:jobshop/generated_bounds/MaxEffGini/ta49_3a_alloc1_MaxEffGini.dzn,SATISFIED,1200.5920503083616,611,2865835,218750,2431,216317,-9670,519642793,0.11,minimize,0.0,28,28,1830,-802327364,1230,5480,-9670,2114746,1199.389,2430,733925,0.612396,0.0,2400,733925,MaxEff,0.94,630,0,3050,176.602,1200
Chuffed BBval,jobshop,jobshop/jobshop_gini.mzn,jobshop/dzn/ta51_5a_alloc1.dzn:jobshop/generated_bounds/MaxEffGini/ta51_5a_alloc1_MaxEffGini.dzn,SATISFIED,1200.5611714292318,763,3865433,218352,3054,215296,-14795,301886277,0.14,minimize,0.0,50,50,2300,-984956557,1550,6867,-14795,2550010,1199.23,3052,1276808,0.768375,0.0,3000,1276808,MaxEff,0.94,800,0,3819,2.795,1500
Chuffed BBval,jobshop,jobshop/jobshop_gini.mzn,jobshop/dzn/ta67_5a_alloc1.dzn:jobshop/generated_bounds/MaxEffGini/ta67_5a_alloc1_MaxEffGini.dzn,SATISFIED,1200.7169601731002,1010,1376663,346686,4050,342634,-18895,302393423,0.187,minimize,0.0,38,38,3050,-1328617750,2050,9118,-18895,883800,1198.979,4048,453815,1.01915,0.0,4000,453815,MaxEff,1.41,1050,0,5066,22.951,2000
Chuffed BB,jobshop,jobshop/jobshop_gini.mzn,jobshop/dzn/ta66_4a_alloc1.dzn:jobshop/generated_bounds/MaxEffGini/ta66_4a_alloc1_MaxEffGini.dzn,SATISFIED,1200.7790536824614,1015,2452861,332928,4047,328879,-19664,303834015,0.188,minimize,0.0,36,36,3050,-1097211338,2050,9116,-19664,1660747,1198.998,4046,754943,1.00071,0.0,4000,754943,MaxEff,1.41,1050,0,5062,113.883,2000
Chuffed BBval,jobshop,jobshop/jobshop_gini.mzn,jobshop/dzn/ta53_3a_alloc1.dzn:jobshop/generated_bounds/MaxEffGini/ta53_3a_alloc1_MaxEffGini.dzn,SATISFIED,1200.5684258006513,765,3000546,243170,3050,240118,-15127,270542098,0.139,minimize,0.0,51,51,2300,-311480938,1550,6863,-15127,2012649,1199.212,3048,948487,0.78645,0.0,3000,948487,MaxEff,0.94,800,0,3811,11.532,1500
Chuffed Prop,jobshop,jobshop/jobshop_gini.mzn,jobshop/dzn/ta68_3a_alloc1.dzn:jobshop/generated_bounds/MaxEffGini/ta68_3a_alloc1_MaxEffGini.dzn,SATISFIED,1200.5123709887266,,,,,,-19510,,,minimize,,,50,3050,,2050,9114,,,,4044,,1.07106,,4000,,MaxEff,,1050,0,,,2000
Chuffed BBval,jobshop,jobshop/jobshop_gini.mzn,jobshop/dzn/ta66_5a_alloc1.dzn:jobshop/generated_bounds/MaxEffGini/ta66_5a_alloc1_MaxEffGini.dzn,SATISFIED,1200.7779946457595,1014,2618004,360397,4049,356346,-18823,309459874,0.186,minimize,0.0,50,50,3050,2085440740,2050,9117,-18823,1869396,1198.966,4047,697306,1.037779,0.0,4000,697306,MaxEff,0.94,1050,0,5064,488.749,2000
Chuffed Prop,jobshop,jobshop/jobshop_gini.mzn,jobshop/dzn/ta35_2a_alloc1.dzn:jobshop/generated_bounds/MaxEffGini/ta35_2a_alloc1_MaxEffGini.dzn,SATISFIED,1200.411698345095,,,,,,-8448,,,minimize,,,34,1380,,930,4124,,,,1829,,0.512192,,1800,,MaxEff,,480,0,,,900
Chuffed BB,jobshop,jobshop/jobshop_gini.mzn,jobshop/dzn/ta57_5a_alloc1.dzn:jobshop/generated_bounds/MaxEffGini/ta57_5a_alloc1_MaxEffGini.dzn,SATISFIED,1200.5890458412468,766,4979144,261937,3051,258884,-16384,248962773,0.14,minimize,0.0,81,81,2300,57861331,1550,6865,-16384,3449102,1199.225,3050,1467679,0.773099,0.0,3000,1467679,MaxEff,0.94,800,0,3815,15.031,1500
Chuffed BBval,jobshop,jobshop/jobshop_gini.mzn,jobshop/dzn/ta54_3a_alloc1.dzn:jobshop/generated_bounds/MaxEffGini/ta54_3a_alloc1_MaxEffGini.dzn,SATISFIED,1200.7225060127676,762,2548975,317269,3052,314215,-15857,287478465,0.139,minimize,0.0,48,48,2300,1545444112,1550,6865,-15857,1913884,1199.231,3050,598116,0.768296,0.0,3000,598116,MaxEff,0.94,800,0,3815,6.236,1500
Chuffed BB,jobshop,jobshop/jobshop_gini.mzn,jobshop/dzn/ta79_9a_alloc1.dzn:jobshop/generated_bounds/MaxEffGini/ta79_9a_alloc1_MaxEffGini.dzn,SATISFIED,1201.3445920795202,2021,1746847,1394955,8090,1386863,-44118,251311261,0.378,minimize,0.0,133,133,6100,1935785712,4100,18209,-44118,1078278,1198.095,8089,398451,1.90377,0.0,8000,398451,MaxEff,3.16,2100,0,10098,184.836,4000
Chuffed Prop,jobshop,jobshop/jobshop_gini.mzn,jobshop/dzn/ta78_9a_alloc1.dzn:jobshop/generated_bounds/MaxEffGini/ta78_9a_alloc1_MaxEffGini.dzn,SATISFIED,1200.688646433875,,,,,,-43823,,,minimize,,,142,6100,,4100,18210,,,,8090,,1.89995,,8000,,MaxEff,,2100,0,,,4000
Chuffed BB,jobshop,jobshop/jobshop_gini.mzn,jobshop/dzn/ta41_2a_alloc1.dzn:jobshop/generated_bounds/MaxEffGini/ta41_2a_alloc1_MaxEffGini.dzn,SATISFIED,1200.6066253222525,609,3411407,271280,2432,268846,-11231,498510627,0.115,minimize,0.0,34,34,1830,-155160122,1230,5481,-11231,2898282,1199.35,2431,493327,0.658577,0.0,2400,493327,MaxEff,0.94,630,0,3052,947.071,1200
Chuffed BBval,jobshop,jobshop/jobshop_gini.mzn,jobshop/dzn/ta59_3a_alloc1.dzn:jobshop/generated_bounds/MaxEffGini/ta59_3a_alloc1_MaxEffGini.dzn,SATISFIED,1200.6050180066377,760,5122102,216963,3050,213911,-14640,294091384,0.138,minimize,0.0,49,49,2300,-1179351654,1550,6863,-14640,3677444,1199.225,3048,1406892,0.772163,0.0,3000,1406892,MaxEff,0.94,800,0,3811,3.732,1500
Chuffed BB,jobshop,jobshop/jobshop_gini.mzn,jobshop/dzn/ta66_5a_alloc1.dzn:jobshop/generated_bounds/MaxEffGini/ta66_5a_alloc1_MaxEffGini.dzn,SATISFIED,1200.9877867717296,1015,2593556,357774,4048,353724,-18823,312398735,0.189,minimize,0.0,50,50,3050,2086411643,2050,9117,-18823,1833662,1198.963,4047,708565,1.03526,0.0,4000,708565,MaxEff,0.94,1050,0,5064,704.466,2000
Chuffed BBval,jobshop,jobshop/jobshop_gini.mzn,jobshop/dzn/ta55_3a_alloc1.dzn:jobshop/generated_bounds/MaxEffGini/ta55_3a_alloc1_MaxEffGini.dzn,SATISFIED,1200.5397230293602,762,7889701,196283,3049,193232,-12972,242888151,0.142,minimize,0.0,44,44,2300,-1672890459,1550,6862,-12972,5993168,1199.205,3047,1862437,0.792935,0.0,3000,1862437,MaxEff,0.63,800,0,3809,2.323,1500
Chuffed BB,jobshop,jobshop/jobshop_gini.mzn,jobshop/dzn/ta68_5a_alloc1.dzn:jobshop/generated_bounds/MaxEffGini/ta68_5a_alloc1_MaxEffGini.dzn,SATISFIED,1200.8442088328302,1014,1928409,363461,4047,359412,-19510,315983304,0.188,minimize,0.0,51,51,3050,741724197,2050,9116,-19510,1386600,1198.908,4046,489551,1.09147,0.0,4000,489551,MaxEff,0.94,1050,0,5062,1148.131,2000
Chuffed BB,jobshop,jobshop/jobshop_gini.mzn,jobshop/dzn/ta45_2a_alloc1.dzn:jobshop/generated_bounds/MaxEffGini/ta45_2a_alloc1_MaxEffGini.dzn,SATISFIED,1200.640904987231,608,2834405,260550,2428,258120,-10893,431703743,0.112,minimize,0.0,26,26,1830,-446985891,1230,5477,-10893,2212444,1199.317,2427,606289,0.644253,0.0,2400,606289,MaxEff,0.94,630,0,3044,451.294,1200
Chuffed Prop,jobshop,jobshop/jobshop_gini.mzn,jobshop/dzn/ta53_5a_alloc1.dzn:jobshop/generated_bounds/MaxEffGini/ta53_5a_alloc1_MaxEffGini.dzn,SATISFIED,1200.4525246601552,,,,,,-15127,,,minimize,,,42,2300,,1550,6865,,,,3050,,0.768529,,3000,,MaxEff,,800,0,,,1500
Chuffed BB,jobshop,jobshop/jobshop_gini.mzn,jobshop/dzn/ta67_5a_alloc1.dzn:jobshop/generated_bounds/MaxEffGini/ta67_5a_alloc1_MaxEffGini.dzn,SATISFIED,1200.7433498557657,1011,1380680,346722,4049,342671,-18895,304494983,0.184,minimize,0.0,38,38,3050,-327836934,2050,9118,-18895,884922,1198.997,4048,456671,1.00228,0.0,4000,456671,MaxEff,1.41,1050,0,5066,23.839,2000
Chuffed Prop,jobshop,jobshop/jobshop_gini.mzn,jobshop/dzn/ta75_8a_alloc1.dzn:jobshop/generated_bounds/MaxEffGini/ta75_8a_alloc1_MaxEffGini.dzn,SATISFIED,1200.6942546274513,,,,,,-42812,,,minimize,,,195,6100,,4100,18206,,,,8086,,2.0048,,8000,,MaxEff,,2100,0,,,4000
Chuffed Prop,jobshop,jobshop/jobshop_gini.mzn,jobshop/dzn/ta65_4a_alloc1.dzn:jobshop/generated_bounds/MaxEffGini/ta65_4a_alloc1_MaxEffGini.dzn,SATISFIED,1200.5106865484267,,,,,,-18669,,,minimize,,,46,3050,,2050,9116,,,,4046,,1.0091,,4000,,MaxEff,,1050,0,,,2000
Chuffed Prop,jobshop,jobshop/jobshop_gini.mzn,jobshop/dzn/ta68_5a_alloc1.dzn:jobshop/generated_bounds/MaxEffGini/ta68_5a_alloc1_MaxEffGini.dzn,SATISFIED,1200.5635425578803,,,,,,-19510,,,minimize,,,51,3050,,2050,9116,,,,4046,,1.06606,,4000,,MaxEff,,1050,0,,,2000
Chuffed BB,jobshop,jobshop/jobshop_gini.mzn,jobshop/dzn/ta62_3a_alloc1.dzn:jobshop/generated_bounds/MaxEffGini/ta62_3a_alloc1_MaxEffGini.dzn,SATISFIED,1200.841892492026,1013,2313096,384950,4049,380899,-20028,359450462,0.191,minimize,0.0,39,39,3050,589886987,2050,9118,-20028,1521903,1198.95,4048,751017,1.05103,0.0,4000,751017,MaxEff,1.41,1050,0,5066,430.86,2000
Chuffed BBval,jobshop,jobshop/jobshop_gini.mzn,jobshop/dzn/ta47_2a_alloc1.dzn:jobshop/generated_bounds/MaxEffGini/ta47_2a_alloc1_MaxEffGini.dzn,OPTIMAL_SOLUTION,237.24309011735022,602,862274,250918,2432,248484,-9720,130402934,0.11,minimize,0.0,40,40,1830,-370934300,1230,5480,-9720,740344,236.087,2430,103781,0.648521,0.0,2400,103781,MaxEff,0.63,630,0,3050,201.609,1200
Chuffed BBval,jobshop,jobshop/jobshop_gini.mzn,jobshop/dzn/ta31_3a_alloc1.dzn:jobshop/generated_bounds/MaxEffGini/ta31_3a_alloc1_MaxEffGini.dzn,SATISFIED,1200.4862868469208,458,3330565,190553,1831,188720,-8013,436236688,0.081,minimize,0.0,21,21,1380,-919250182,930,4124,-8013,2346579,1199.498,1829,974135,0.501814,0.0,1800,974135,MaxEff,0.94,480,0,2293,870.905,900
Chuffed Prop,jobshop,jobshop/jobshop_gini.mzn,jobshop/dzn/ta32_3a_alloc1.dzn:jobshop/generated_bounds/MaxEffGini/ta32_3a_alloc1_MaxEffGini.dzn,SATISFIED,1200.3906186316162,,,,,,-8878,,,minimize,,,33,1380,,930,4127,,,,1832,,0.5141,,1800,,MaxEff,,480,0,,,900
Chuffed BB,jobshop,jobshop/jobshop_gini.mzn,jobshop/dzn/ta76_6a_alloc1.dzn:jobshop/generated_bounds/MaxEffGini/ta76_6a_alloc1_MaxEffGini.dzn,SATISFIED,1201.346458600834,2021,2282734,1370278,8086,1362190,-43048,184169952,0.377,minimize,0.0,141,141,6100,-1107809038,4100,18205,-43048,1634292,1198.164,8085,362418,1.84567,0.0,8000,362418,MaxEff,3.16,2100,0,10090,1143.726,4000
Chuffed BBval,jobshop,jobshop/jobshop_gini.mzn,jobshop/dzn/ta59_5a_alloc1.dzn:jobshop/generated_bounds/MaxEffGini/ta59_5a_alloc1_MaxEffGini.dzn,SATISFIED,1200.5825085900724,760,10122701,204153,3052,201099,-13729,209875758,0.141,minimize,0.0,37,37,2300,596098091,1550,6865,-13729,8349563,1199.216,3050,1744407,0.781781,0.0,3000,1744407,MaxEff,0.94,800,0,3815,4.501,1500
Chuffed BB,jobshop,jobshop/jobshop_gini.mzn,jobshop/dzn/ta55_5a_alloc1.dzn:jobshop/generated_bounds/MaxEffGini/ta55_5a_alloc1_MaxEffGini.dzn,SATISFIED,1200.5948095917702,763,7885408,199124,3050,196072,-12972,244867933,0.138,minimize,0.0,46,46,2300,-528900776,1550,6864,-12972,6008285,1199.226,3049,1841476,0.772348,0.0,3000,1841476,MaxEff,0.63,800,0,3813,4.718,1500
Chuffed BB,jobshop,jobshop/jobshop_gini.mzn,jobshop/dzn/ta72_9a_alloc1.dzn:jobshop/generated_bounds/MaxEffGini/ta72_9a_alloc1_MaxEffGini.dzn,SATISFIED,1201.4619341585785,2019,1802113,1548748,8091,1540655,-44181,190405685,0.379,minimize,0.0,138,138,6100,804317069,4100,18210,-44181,1223534,1198.137,8090,298724,1.86523,0.0,8000,298724,MaxEff,3.16,2100,0,10100,448.427,4000
Chuffed Prop,jobshop,jobshop/jobshop_gini.mzn,jobshop/dzn/ta53_4a_alloc1.dzn:jobshop/generated_bounds/MaxEffGini/ta53_4a_alloc1_MaxEffGini.dzn,SATISFIED,1200.4557010699064,,,,,,-15121,,,minimize,,,48,2300,,1550,6864,,,,3049,,0.768355,,3000,,MaxEff,,800,0,,,1500
Chuffed Prop,jobshop,jobshop/jobshop_gini.mzn,jobshop/dzn/ta76_9a_alloc1.dzn:jobshop/generated_bounds/MaxEffGini/ta76_9a_alloc1_MaxEffGini.dzn,SATISFIED,1200.6797657944262,,,,,,-26004,,,minimize,,,147,6100,,4100,18208,,,,8088,,1.88821,,8000,,MaxEff,,2100,0,,,4000
Chuffed BBval,jobshop,jobshop/jobshop_gini.mzn,jobshop/dzn/ta61_5a_alloc1.dzn:jobshop/generated_bounds/MaxEffGini/ta61_5a_alloc1_MaxEffGini.dzn,SATISFIED,1200.7227389141917,1014,2227067,390406,4048,386356,-19496,295621664,0.191,minimize,0.0,75,75,3050,1921068281,2050,9116,-19496,1541110,1198.978,4046,609348,1.02231,0.0,4000,609348,MaxEff,0.94,1050,0,5062,99.933,2000
Chuffed BBval,jobshop,jobshop/jobshop_gini.mzn,jobshop/dzn/ta75_8a_alloc1.dzn:jobshop/generated_bounds/MaxEffGini/ta75_8a_alloc1_MaxEffGini.dzn,SATISFIED,1201.2637128159404,2018,2984575,1043449,8088,1035359,-35688,603789161,0.386,minimize,0.0,130,130,6100,-453156126,4100,18206,-35688,2605141,1198.096,8086,116459,1.91306,0.0,8000,116459,MaxEff,2.11,2100,0,10092,1181.946,4000
Chuffed BBval,jobshop,jobshop/jobshop_gini.mzn,jobshop/dzn/ta79_8a_alloc1.dzn:jobshop/generated_bounds/MaxEffGini/ta79_8a_alloc1_MaxEffGini.dzn,SATISFIED,1201.3239046093076,2021,2320389,1447662,8090,1439570,-44118,269952508,0.376,minimize,0.0,162,162,6100,1938510672,4100,18208,-44118,1692512,1198.152,8088,299614,1.84702,0.0,8000,299614,MaxEff,3.16,2100,0,10096,291.016,4000
Chuffed BB,jobshop,jobshop/jobshop_gini.mzn,jobshop/dzn/ta79_10a_alloc1.dzn:jobshop/generated_bounds/MaxEffGini/ta79_10a_alloc1_MaxEffGini.dzn,SATISFIED,1201.3028768450022,2020,2692825,1069057,8091,1060964,-31207,437777247,0.384,minimize,0.0,211,211,6100,-1407824831,4100,18210,-31207,2166862,1198.034,8090,99264,1.98391,0.0,8000,99264,MaxEff,2.11,2100,0,10100,1189.627,4000
Chuffed BBval,jobshop,jobshop/jobshop_gini.mzn,jobshop/dzn/ta77_7a_alloc1.dzn:jobshop/generated_bounds/MaxEffGini/ta77_7a_alloc1_MaxEffGini.dzn,SATISFIED,1201.1324018556625,2017,10278128,590254,8097,582155,-26262,938938434,0.383,minimize,0.0,61,61,6100,-592472963,4100,18215,-26262,9740369,1198.105,8095,413420,1.89367,0.0,8000,413420,MaxEff,1.41,2100,0,10110,1025.215999,4000
Chuffed Prop,jobshop,jobshop/jobshop_gini.mzn,jobshop/dzn/ta44_2a_alloc1.dzn:jobshop/generated_bounds/MaxEffGini/ta44_2a_alloc1_MaxEffGini.dzn,SATISFIED,1200.4287858381867,,,,,,-11710,,,minimize,,,30,1830,,1230,5480,,,,2430,,0.6467,,2400,,MaxEff,,630,0,,,1200
Chuffed Prop,jobshop,jobshop/jobshop_gini.mzn,jobshop/dzn/ta40_2a_alloc1.dzn:jobshop/generated_bounds/MaxEffGini/ta40_2a_alloc1_MaxEffGini.dzn,SATISFIED,1200.472407400608,,,,,,-7212,,,minimize,,,20,1380,,930,4123,,,,1828,,0.511426,,1800,,MaxEff,,480,0,,,900
Chuffed Dcmp,jobshop,jobshop/jobshop_gini.mzn,jobshop/dzn/ta72_10a_alloc1.dzn:jobshop/generated_bounds/MaxEffGini/ta72_10a_alloc1_MaxEffGini.dzn,SATISFIED,1201.4083641842008,2017,1765412,1016649,8185,1008462,-24588,289084815,0.381,minimize,0.0,57,57,6100,-1158485193,4100,18303,-24588,1580079,1198.127,8183,69067,1.88746,0.0,8000,69067,MaxEff_dcmp,3.16,2100,0,10240,1174.467,4000
Chuffed Dcmp,jobshop,jobshop/jobshop_gini.mzn,jobshop/dzn/ta63_5a_alloc1.dzn:jobshop/generated_bounds/MaxEffGini/ta63_5a_alloc1_MaxEffGini.dzn,SATISFIED,1200.77993959561,1015,1807753,442358,4075,438281,-18001,296131565,0.186,minimize,0.0,55,55,3050,1421471912,2050,9143,-18001,1150175,1198.979,4073,601195,1.01889,0.0,4000,601195,MaxEff_dcmp,0.94,1050,0,5105,38.386,2000
Chuffed Dcmp,jobshop,jobshop/jobshop_gini.mzn,jobshop/dzn/ta76_10a_alloc1.dzn:jobshop/generated_bounds/MaxEffGini/ta76_10a_alloc1_MaxEffGini.dzn,SATISFIED,1201.6006404832006,2020,2218123,1953105,8183,1944920,-42138,213082331,0.385,minimize,0.0,196,196,6100,-538327101,4100,18301,-42138,1541046,1198.101,8181,280730,1.90095,0.0,8000,280730,MaxEff_dcmp,3.16,2100,0,10236,380.549,4000
Chuffed Dcmp,jobshop,jobshop/jobshop_gini.mzn,jobshop/dzn/ta44_3a_alloc1.dzn:jobshop/generated_bounds/MaxEffGini/ta44_3a_alloc1_MaxEffGini.dzn,SATISFIED,1200.5523862857372,611,2613425,285225,2441,282782,-10580,467931202,0.11,minimize,0.0,19,19,1830,-248098009,1230,5489,-10580,1897906,1199.379,2439,703614,0.620184,0.0,2400,703614,MaxEff_dcmp,1.41,630,0,3064,22.952,1200
Chuffed Dcmp,jobshop,jobshop/jobshop_gini.mzn,jobshop/dzn/ta33_2a_alloc1.dzn:jobshop/generated_bounds/MaxEffGini/ta33_2a_alloc1_MaxEffGini.dzn,SATISFIED,1200.5057866200805,460,3328529,189291,1837,187452,-8665,413672781,0.084,minimize,0.0,20,20,1380,-1227928276,930,4130,-8665,2244490,1199.486,1835,1074620,0.511456,0.0,1800,1074620,MaxEff_dcmp,0.63,480,0,2303,139.412,900
Chuffed Dcmp,jobshop,jobshop/jobshop_gini.mzn,jobshop/dzn/ta79_9a_alloc1.dzn:jobshop/generated_bounds/MaxEffGini/ta79_9a_alloc1_MaxEffGini.dzn,SATISFIED,1201.6526129879057,2020,1188096,1913097,8165,1904930,-39954,265097142,0.383,minimize,0.0,166,166,6100,-993080648,4100,18283,-39954,818466,1198.136,8163,33821,1.89431,0.0,8000,33821,MaxEff_dcmp,3.16,2100,0,10209,209.119,4000
Chuffed Dcmp,jobshop,jobshop/jobshop_gini.mzn,jobshop/dzn/ta67_5a_alloc1.dzn:jobshop/generated_bounds/MaxEffGini/ta67_5a_alloc1_MaxEffGini.dzn,SATISFIED,1200.714743629098,1010,1380071,353928,4072,349854,-18895,304269253,0.184,minimize,0.0,38,38,3050,-2084938742,2050,9140,-18895,884732,1198.989,4070,456291,1.01052,0.0,4000,456291,MaxEff_dcmp,1.41,1050,0,5099,21.913,2000
Chuffed Dcmp,jobshop,jobshop/jobshop_gini.mzn,jobshop/dzn/ta58_4a_alloc1.dzn:jobshop/generated_bounds/MaxEffGini/ta58_4a_alloc1_MaxEffGini.dzn,SATISFIED,1200.6138637643307,763,2975041,308739,3070,305667,-16354,295824024,0.142,minimize,0.0,60,60,2300,-1296398716,1550,6883,-16354,2239583,1199.223,3068,689291,0.77633,0.0,3000,689291,MaxEff_dcmp,0.94,800,0,3844,6.206,1500
Chuffed Dcmp,jobshop,jobshop/jobshop_gini.mzn,jobshop/dzn/ta42_3a_alloc1.dzn:jobshop/generated_bounds/MaxEffGini/ta42_3a_alloc1_MaxEffGini.dzn,SATISFIED,1200.6239464469254,608,2627819,370983,2442,368539,-10712,452874253,0.11,minimize,0.0,19,19,1830,1707051533,1230,5490,-10712,2239666,1199.393,2440,376785,0.607128,0.0,2400,376785,MaxEff_dcmp,1.41,630,0,3066,732.677,1200
Chuffed Dcmp,jobshop,jobshop/jobshop_gini.mzn,jobshop/dzn/ta70_4a_alloc1.dzn:jobshop/generated_bounds/MaxEffGini/ta70_4a_alloc1_MaxEffGini.dzn,SATISFIED,1200.7620363552123,1013,2136186,410829,4060,406767,-20191,327003215,0.184,minimize,0.0,58,58,3050,-2057842742,2050,9128,-20191,1556780,1199.002,4058,520110,0.997233,0.0,4000,520110,MaxEff_dcmp,1.41,1050,0,5079,968.98,2000
Chuffed Dcmp,jobshop,jobshop/jobshop_gini.mzn,jobshop/dzn/ta57_5a_alloc1.dzn:jobshop/generated_bounds/MaxEffGini/ta57_5a_alloc1_MaxEffGini.dzn,SATISFIED,1200.6278171241283,765,4472490,346088,3074,343012,-16384,251054004,0.14,minimize,0.0,81,81,2300,1141487195,1550,6887,-16384,3013617,1199.221,3072,1396627,0.776675,0.0,3000,1396627,MaxEff_dcmp,0.94,800,0,3848,15.235,1500
Chuffed Dcmp,jobshop,jobshop/jobshop_gini.mzn,jobshop/dzn/ta65_5a_alloc1.dzn:jobshop/generated_bounds/MaxEffGini/ta65_5a_alloc1_MaxEffGini.dzn,SATISFIED,1200.7514211442322,1013,2185918,359334,4071,355261,-18669,325294034,0.182,minimize,0.0,54,54,3050,-179615007,2050,9139,-18669,1372375,1198.987,4069,758230,1.01413,0.0,4000,758230,MaxEff_dcmp,1.41,1050,0,5097,695.084,2000
Chuffed Dcmp,jobshop,jobshop/jobshop_gini.mzn,jobshop/dzn/ta68_5a_alloc1.dzn:jobshop/generated_bounds/MaxEffGini/ta68_5a_alloc1_MaxEffGini.dzn,SATISFIED,1200.765204589814,1013,1920268,389180,4070,385108,-19510,311192522,0.185,minimize,0.0,51,51,3050,-70879474,2050,9138,-19510,1384902,1198.987,4068,483158,1.011309,0.0,4000,483158,MaxEff_dcmp,0.94,1050,0,5095,1121.389,2000
Chuffed Dcmp,jobshop,jobshop/jobshop_gini.mzn,jobshop/dzn/ta32_3a_alloc1.dzn:jobshop/generated_bounds/MaxEffGini/ta32_3a_alloc1_MaxEffGini.dzn,SATISFIED,1200.5593320187181,459,3135674,283091,1842,281247,-8878,455941872,0.085,minimize,0.0,33,33,1380,1176987128,930,4135,-8878,2360884,1199.487,1840,759756,0.51121,0.0,1800,759756,MaxEff_dcmp,0.63,480,0,2311,1137.467,900
Chuffed Dcmp,jobshop,jobshop/jobshop_gini.mzn,jobshop/dzn/ta64_5a_alloc1.dzn:jobshop/generated_bounds/MaxEffGini/ta64_5a_alloc1_MaxEffGini.dzn,SATISFIED,1200.7345082443208,1016,2962435,372668,4063,368603,-17385,323196021,0.182,minimize,0.0,75,75,3050,687410062,2050,9131,-17385,2156603,1198.938,4061,729148,1.05914,0.0,4000,729148,MaxEff_dcmp,0.94,1050,0,5081,10.553,2000
Chuffed Dcmp,jobshop,jobshop/jobshop_gini.mzn,jobshop/dzn/ta70_5a_alloc1.dzn:jobshop/generated_bounds/MaxEffGini/ta70_5a_alloc1_MaxEffGini.dzn,SATISFIED,1200.7474971618503,1013,2983662,365096,4069,361025,-19299,271209102,0.187,minimize,0.0,48,48,3050,114266174,2050,9137,-19299,2421725,1198.98,4067,512651,1.01814,0.0,4000,512651,MaxEff_dcmp,0.94,1050,0,5093,9.244,2000
Chuffed Dcmp,jobshop,jobshop/jobshop_gini.mzn,jobshop/dzn/ta52_4a_alloc1.dzn:jobshop/generated_bounds/MaxEffGini/ta52_4a_alloc1_MaxEffGini.dzn,SATISFIED,1200.6013362072408,762,5686862,258947,3064,255881,-15141,223091507,0.136,minimize,0.0,43,43,2300,-1674733665,1550,6877,-15141,4685306,1199.235,3062,968245,0.764019,0.0,3000,968245,MaxEff_dcmp,0.94,800,0,3832,2.563,1500
Chuffed Dcmp,jobshop,jobshop/jobshop_gini.mzn,jobshop/dzn/ta73_10a_alloc1.dzn:jobshop/generated_bounds/MaxEffGini/ta73_10a_alloc1_MaxEffGini.dzn,SATISFIED,1201.2628401853144,2015,1760951,875944,8188,867754,-21766,241393922,0.377,minimize,0.0,46,46,6100,-1758485345,4100,18306,-21766,1595888,1198.122,8186,70938,1.88839,0.0,8000,70938,MaxEff_dcmp,4.75,2100,0,10246,1010.851,4000
Chuffed Dcmp,jobshop,jobshop/jobshop_gini.mzn,jobshop/dzn/ta79_7a_alloc1.dzn:jobshop/generated_bounds/MaxEffGini/ta79_7a_alloc1_MaxEffGini.dzn,SATISFIED,1201.3615998942405,2021,1686016,1482616,8133,1474481,-44118,217864217,0.375,minimize,0.0,125,125,6100,-2019306544,4100,18251,-44118,1135408,1198.137,8131,296828,1.86297,0.0,8000,296828,MaxEff_dcmp,3.16,2100,0,10160,208.078,4000
Chuffed Dcmp,jobshop,jobshop/jobshop_gini.mzn,jobshop/dzn/ta80_10a_alloc1.dzn:jobshop/generated_bounds/MaxEffGini/ta80_10a_alloc1_MaxEffGini.dzn,SATISFIED,1201.519963953644,2017,3839164,1688141,8187,1679952,-39997,153847395,0.383,minimize,0.0,171,171,6100,-247950548,4100,18305,-39997,3035388,1198.057,8185,457680,1.94611,0.0,8000,457680,MaxEff_dcmp,3.16,2100,0,10244,112.178,4000
Chuffed Dcmp,jobshop,jobshop/jobshop_gini.mzn,jobshop/dzn/ta49_2a_alloc1.dzn:jobshop/generated_bounds/MaxEffGini/ta49_2a_alloc1_MaxEffGini.dzn,SATISFIED,1200.5217441599816,609,2754430,242806,2435,240369,-10426,487566793,0.108,minimize,0.0,24,24,1830,946244863,1230,5483,-10426,2081050,1199.319,2433,658556,0.679179,0.0,2400,658556,MaxEff_dcmp,0.94,630,0,3054,465.593,1200
Chuffed Dcmp,jobshop,jobshop/jobshop_gini.mzn,jobshop/dzn/ta56_4a_alloc1.dzn:jobshop/generated_bounds/MaxEffGini/ta56_4a_alloc1_MaxEffGini.dzn,SATISFIED,1200.661782676354,764,2894502,306218,3063,303153,-15950,261311500,0.14,minimize,0.0,48,48,2300,-426561062,1550,6876,-15950,2029710,1199.22,3061,827737,0.779749,0.0,3000,827737,MaxEff_dcmp,0.94,800,0,3830,6.951,1500
Chuffed Dcmp,jobshop,jobshop/jobshop_gini.mzn,jobshop/dzn/ta73_8a_alloc1.dzn:jobshop/generated_bounds/MaxEffGini/ta73_8a_alloc1_MaxEffGini.dzn,SATISFIED,1201.231953157112,2015,1804935,835951,8152,827797,-20832,214655748,0.387,minimize,0.0,75,75,6100,266148707,4100,18270,-20832,1582390,1198.123,8150,70156,1.88104,0.0,8000,70156,MaxEff_dcmp,2.11,2100,0,10191,1172.54,4000
Chuffed Dcmp,jobshop,jobshop/jobshop_gini.mzn,jobshop/dzn/ta65_3a_alloc1.dzn:jobshop/generated_bounds/MaxEffGini/ta65_3a_alloc1_MaxEffGini.dzn,SATISFIED,1200.7751168385148,1013,2331878,410800,4055,406743,-18669,344562072,0.185,minimize,0.0,60,60,3050,-1379235167,2050,9123,-18669,1537924,1198.995,4053,732578,1.00967,0.0,4000,732578,MaxEff_dcmp,1.41,1050,0,5072,284.163,2000
Chuffed Dcmp,jobshop,jobshop/jobshop_gini.mzn,jobshop/dzn/ta53_5a_alloc1.dzn:jobshop/generated_bounds/MaxEffGini/ta53_5a_alloc1_MaxEffGini.dzn,SATISFIED,1200.5977578535676,765,3216865,249161,3074,246085,-15127,290900990,0.133,minimize,0.0,42,42,2300,-1075374752,1550,6887,-15127,2100214,1199.236,3072,1084072,0.761231,0.0,3000,1084072,MaxEff_dcmp,0.94,800,0,3848,10.137,1500
Chuffed Dcmp,jobshop,jobshop/jobshop_gini.mzn,jobshop/dzn/ta47_3a_alloc1.dzn:jobshop/generated_bounds/MaxEffGini/ta47_3a_alloc1_MaxEffGini.dzn,OPTIMAL_SOLUTION,194.30414013378322,602,820910,311481,2441,309038,-9646,90322657,0.111,minimize,0.0,31,31,1830,127595897,1230,5489,-9646,723805,193.148,2439,83536,0.613466,0.0,2400,83536,MaxEff_dcmp,1.41,630,0,3064,158.955,1200
Chuffed Dcmp,jobshop,jobshop/jobshop_gini.mzn,jobshop/dzn/ta71_8a_alloc1.dzn:jobshop/generated_bounds/MaxEffGini/ta71_8a_alloc1_MaxEffGini.dzn,SATISFIED,1201.561481392011,2018,2907586,1604310,8152,1596156,-44233,180704440,0.384,minimize,0.0,160,160,6100,-1463169075,4100,18270,-44233,2156430,1198.102,8150,427103,1.90038,0.0,8000,427103,MaxEff_dcmp,3.16,2100,0,10191,919.096,4000
Chuffed Dcmp,jobshop,jobshop/jobshop_gini.mzn,jobshop/dzn/ta43_3a_alloc1.dzn:jobshop/generated_bounds/MaxEffGini/ta43_3a_alloc1_MaxEffGini.dzn,SATISFIED,1200.6016835868359,604,2710295,378186,2436,375748,-9325,406897491,0.111,minimize,0.0,23,23,1830,1996456955,1230,5484,-9325,2428850,1199.384,2434,268419,0.614614,0.0,2400,268419,MaxEff_dcmp,1.41,630,0,3054,1192.454,1200
Chuffed Dcmp,jobshop,jobshop/jobshop_gini.mzn,jobshop/dzn/ta63_3a_alloc1.dzn:jobshop/generated_bounds/MaxEffGini/ta63_3a_alloc1_MaxEffGini.dzn,SATISFIED,1200.742393327877,1015,2514692,357408,4059,353347,-16978,284863491,0.181,minimize,0.0,38,38,3050,401739889,2050,9127,-16978,1913691,1198.979,4057,561792,1.020019,0.0,4000,561792,MaxEff_dcmp,1.41,1050,0,5080,18.9,2000
Chuffed Dcmp,jobshop,jobshop/jobshop_gini.mzn,jobshop/dzn/ta43_2a_alloc1.dzn:jobshop/generated_bounds/MaxEffGini/ta43_2a_alloc1_MaxEffGini.dzn,SATISFIED,1200.5950246676803,608,2907287,332680,2431,330247,-9869,488171207,0.107,minimize,0.0,28,28,1830,-101070336,1230,5479,-9869,2611987,1199.343,2429,279145,0.655307,0.0,2400,279145,MaxEff_dcmp,0.94,630,0,3046,1129.474,1200
Chuffed Dcmp,jobshop,jobshop/jobshop_gini.mzn,jobshop/dzn/ta55_4a_alloc1.dzn:jobshop/generated_bounds/MaxEffGini/ta55_4a_alloc1_MaxEffGini.dzn,SATISFIED,1200.5779497195035,762,7870357,206140,3064,203074,-12972,238917474,0.137,minimize,0.0,43,43,2300,-914569328,1550,6877,-12972,6008446,1199.229,3062,1828605,0.769932,0.0,3000,1828605,MaxEff_dcmp,0.63,800,0,3832,2.398,1500
Chuffed Dcmp,jobshop,jobshop/jobshop_gini.mzn,jobshop/dzn/ta78_10a_alloc1.dzn:jobshop/generated_bounds/MaxEffGini/ta78_10a_alloc1_MaxEffGini.dzn,SATISFIED,1201.5854438189417,2020,1035998,1837127,8185,1828940,-40159,287917274,0.38,minimize,0.0,138,138,6100,-1588821562,4100,18303,-40159,727095,1198.114,8183,29387,1.88563,0.0,8000,29387,MaxEff_dcmp,3.16,2100,0,10240,243.763,4000
Chuffed Dcmp,jobshop,jobshop/jobshop_gini.mzn,jobshop/dzn/ta46_2a_alloc1.dzn:jobshop/generated_bounds/MaxEffGini/ta46_2a_alloc1_MaxEffGini.dzn,SATISFIED,1200.557609949261,606,2938891,245948,2437,243509,-10385,491328533,0.111,minimize,0.0,18,18,1830,-1139327156,1230,5485,-10385,2285451,1199.346,2435,642482,0.652214,0.0,2400,642482,MaxEff_dcmp,0.94,630,0,3058,15.246,1200
Chuffed Dcmp,jobshop,jobshop/jobshop_gini.mzn,jobshop/dzn/ta59_4a_alloc1.dzn:jobshop/generated_bounds/MaxEffGini/ta59_4a_alloc1_MaxEffGini.dzn,SATISFIED,1200.6279615312815,760,4978443,221085,3065,218018,-14640,298150902,0.137,minimize,0.0,44,44,2300,-2118334506,1550,6878,-14640,3526409,1199.231,3063,1418067,0.767422,0.0,3000,1418067,MaxEff_dcmp,0.94,800,0,3834,3.285,1500
Chuffed Dcmp,jobshop,jobshop/jobshop_gini.mzn,jobshop/dzn/ta78_6a_alloc1.dzn:jobshop/generated_bounds/MaxEffGini/ta78_6a_alloc1_MaxEffGini.dzn,SATISFIED,1201.180878661573,2015,2522318,694186,8121,686063,-17608,309114789,0.374,minimize,0.0,65,65,6100,-221175080,4100,18239,-17608,2283505,1198.12,8119,106412,1.89301,0.0,8000,106412,MaxEff_dcmp,2.11,2100,0,10142,559.573,4000
Chuffed Dcmp,jobshop,jobshop/jobshop_gini.mzn,jobshop/dzn/ta71_5a_alloc1.dzn:jobshop/generated_bounds/MaxEffGini/ta71_5a_alloc1_MaxEffGini.dzn,SATISFIED,1201.5634994450957,2018,3435068,1886090,8113,1877975,-43450,251603080,0.378,minimize,0.0,274,274,6100,-1383535618,4100,18231,-43450,2557993,1198.1,8111,323542,1.89774,0.0,8000,323542,MaxEff_dcmp,3.16,2100,0,10131,1163.136,4000
Chuffed Dcmp,jobshop,jobshop/jobshop_gini.mzn,jobshop/dzn/ta76_6a_alloc1.dzn:jobshop/generated_bounds/MaxEffGini/ta76_6a_alloc1_MaxEffGini.dzn,SATISFIED,1201.4410548675805,2020,2291163,1414908,8119,1406787,-43048,186170629,0.384,minimize,0.0,141,141,6100,1820956329,4100,18237,-43048,1640300,1198.11,8117,364984,1.88889,0.0,8000,364984,MaxEff_dcmp,3.16,2100,0,10138,1132.691,4000
Chuffed Dcmp,jobshop,jobshop/jobshop_gini.mzn,jobshop/dzn/ta71_7a_alloc1.dzn:jobshop/generated_bounds/MaxEffGini/ta71_7a_alloc1_MaxEffGini.dzn,SATISFIED,1201.5478385649621,2018,2523546,1742831,8137,1734692,-43450,186759806,0.382,minimize,0.0,157,157,6100,884537600,4100,18255,-43450,1852001,1198.108,8135,353560,1.88974,0.0,8000,353560,MaxEff_dcmp,3.16,2100,0,10168,849.67,4000
Chuffed Dcmp,jobshop,jobshop/jobshop_gini.mzn,jobshop/dzn/ta66_3a_alloc1.dzn:jobshop/generated_bounds/MaxEffGini/ta66_3a_alloc1_MaxEffGini.dzn,SATISFIED,1200.7640302386135,1014,2354062,376493,4055,372436,-19664,291226315,0.188,minimize,0.0,38,38,3050,1079760166,2050,9123,-19664,1643140,1198.984,4053,671770,1.01353,0.0,4000,671770,MaxEff_dcmp,1.41,1050,0,5072,107.548,2000
Chuffed Dcmp,jobshop,jobshop/jobshop_gini.mzn,jobshop/dzn/ta35_3a_alloc1.dzn:jobshop/generated_bounds/MaxEffGini/ta35_3a_alloc1_MaxEffGini.dzn,SATISFIED,1200.528838424012,459,3571676,239307,1840,237465,-8281,428369394,0.08,minimize,0.0,37,37,1380,1932508039,930,4133,-8281,2585250,1199.49,1838,969376,0.509105,0.0,1800,969376,MaxEff_dcmp,0.94,480,0,2307,432.077,900
Chuffed Dcmp,jobshop,jobshop/jobshop_gini.mzn,jobshop/dzn/ta72_9a_alloc1.dzn:jobshop/generated_bounds/MaxEffGini/ta72_9a_alloc1_MaxEffGini.dzn,SATISFIED,1201.638323655352,2018,2196985,1851337,8166,1843169,-44173,185537173,0.376,minimize,0.0,155,155,6100,-1878993930,4100,18284,-44173,1536767,1198.106,8164,346333,1.9003,0.0,8000,346333,MaxEff_dcmp,3.16,2100,0,10211,546.73,4000
Chuffed Dcmp,jobshop,jobshop/jobshop_gini.mzn,jobshop/dzn/ta35_2a_alloc1.dzn:jobshop/generated_bounds/MaxEffGini/ta35_2a_alloc1_MaxEffGini.dzn,SATISFIED,1200.5165724121034,459,3402044,211311,1835,209474,-8448,401823609,0.082,minimize,0.0,34,34,1380,-1432630652,930,4128,-8448,2401217,1199.481,1833,985013,0.516954,0.0,1800,985013,MaxEff_dcmp,0.94,480,0,2299,419.953,900
Chuffed Dcmp,jobshop,jobshop/jobshop_gini.mzn,jobshop/dzn/ta66_5a_alloc1.dzn:jobshop/generated_bounds/MaxEffGini/ta66_5a_alloc1_MaxEffGini.dzn,SATISFIED,1200.7892004735768,1014,2864027,380947,4071,376874,-18823,317636115,0.187,minimize,0.0,50,50,3050,-967997856,2050,9139,-18823,2075238,1198.986,4069,737547,1.01292,0.0,4000,737547,MaxEff_dcmp,0.94,1050,0,5097,591.727,2000
Chuffed Dcmp,jobshop,jobshop/jobshop_gini.mzn,jobshop/dzn/ta54_4a_alloc1.dzn:jobshop/generated_bounds/MaxEffGini/ta54_4a_alloc1_MaxEffGini.dzn,SATISFIED,1200.6431588958949,762,2546022,360354,3067,357285,-15857,290823885,0.141,minimize,0.0,60,60,2300,511216584,1550,6880,-15857,1852870,1199.222,3065,647229,0.776188,0.0,3000,647229,MaxEff_dcmp,0.94,800,0,3838,9.445,1500
Chuffed Dcmp,jobshop,jobshop/jobshop_gini.mzn,jobshop/dzn/ta75_6a_alloc1.dzn:jobshop/generated_bounds/MaxEffGini/ta75_6a_alloc1_MaxEffGini.dzn,SATISFIED,1201.462597835809,2019,1947812,1637043,8118,1628923,-44353,222700785,0.379,minimize,0.0,175,175,6100,-1012758798,4100,18236,-44353,1240708,1198.086,8116,353130,1.91403,0.0,8000,353130,MaxEff_dcmp,3.16,2100,0,10136,188.921,4000
Chuffed Dcmp,jobshop,jobshop/jobshop_gini.mzn,jobshop/dzn/ta68_3a_alloc1.dzn:jobshop/generated_bounds/MaxEffGini/ta68_3a_alloc1_MaxEffGini.dzn,SATISFIED,1200.911576518789,1013,2045504,414983,4054,410927,-19510,314727371,0.186,minimize,0.0,50,50,3050,1244108755,2050,9122,-19510,1526797,1198.993,4052,467638,1.00725,0.0,4000,467638,MaxEff_dcmp,1.41,1050,0,5070,902.276,2000
Chuffed Dcmp,jobshop,jobshop/jobshop_gini.mzn,jobshop/dzn/ta42_2a_alloc1.dzn:jobshop/generated_bounds/MaxEffGini/ta42_2a_alloc1_MaxEffGini.dzn,SATISFIED,1200.6422548051924,605,2793022,317746,2437,315307,-10716,517062282,0.11,minimize,0.0,28,28,1830,-689881069,1230,5485,-10716,2282547,1199.358,2435,493742,0.650993,0.0,2400,493742,MaxEff_dcmp,0.94,630,0,3058,536.217,1200
Chuffed Dcmp,jobshop,jobshop/jobshop_gini.mzn,jobshop/dzn/ta80_7a_alloc1.dzn:jobshop/generated_bounds/MaxEffGini/ta80_7a_alloc1_MaxEffGini.dzn,SATISFIED,1201.5062319654971,2017,1922567,1624507,8136,1616369,-42044,200485324,0.375,minimize,0.0,144,144,6100,1693885847,4100,18254,-42044,1370925,1198.106,8134,260203,1.89771,0.0,8000,260203,MaxEff_dcmp,3.16,2100,0,10166,267.313,4000
Chuffed Dcmp,jobshop,jobshop/jobshop_gini.mzn,jobshop/dzn/ta71_6a_alloc1.dzn:jobshop/generated_bounds/MaxEffGini/ta71_6a_alloc1_MaxEffGini.dzn,SATISFIED,1201.6380369476974,2018,2955305,2022047,8124,2013921,-43382,233961479,0.385,minimize,0.0,201,201,6100,-124313826,4100,18242,-43382,2228513,1198.099,8122,320170,1.90008,0.0,8000,320170,MaxEff_dcmp,3.16,2100,0,10148,854.646,4000
Chuffed Dcmp,jobshop,jobshop/jobshop_gini.mzn,jobshop/dzn/ta48_2a_alloc1.dzn:jobshop/generated_bounds/MaxEffGini/ta48_2a_alloc1_MaxEffGini.dzn,SATISFIED,1200.6021489091218,608,3306779,299945,2436,297507,-10595,471073598,0.111,minimize,0.0,41,41,1830,-1737602929,1230,5484,-10595,2749146,1199.351,2434,533461,0.647265,0.0,2400,533461,MaxEff_dcmp,0.94,630,0,3056,688.546,1200
Chuffed Dcmp,jobshop,jobshop/jobshop_gini.mzn,jobshop/dzn/ta60_4a_alloc1.dzn:jobshop/generated_bounds/MaxEffGini/ta60_4a_alloc1_MaxEffGini.dzn,SATISFIED,1200.6765415165573,764,5513108,319272,3068,316202,-15124,245840218,0.14,minimize,0.0,56,56,2300,-670078258,1550,6881,-15124,4526901,1199.221,3066,943120,0.77787,0.0,3000,943120,MaxEff_dcmp,0.94,800,0,3840,9.721,1500
Chuffed Dcmp,jobshop,jobshop/jobshop_gini.mzn,jobshop/dzn/ta72_5a_alloc1.dzn:jobshop/generated_bounds/MaxEffGini/ta72_5a_alloc1_MaxEffGini.dzn,SATISFIED,1201.481574440375,2018,1847341,1572082,8110,1563970,-44181,191029908,0.372,minimize,0.0,159,159,6100,-1470807207,4100,18228,-44181,1226861,1198.117,8108,298668,1.88189,0.0,8000,298668,MaxEff_dcmp,3.16,2100,0,10125,410.32,4000
Chuffed Dcmp,jobshop,jobshop/jobshop_gini.mzn,jobshop/dzn/ta73_7a_alloc1.dzn:jobshop/generated_bounds/MaxEffGini/ta73_7a_alloc1_MaxEffGini.dzn,SATISFIED,1201.3406651932746,2019,1485406,1274376,8137,1266237,-44407,185414085,0.381,minimize,0.0,117,117,6100,-627961774,4100,18255,-44407,978530,1198.114,8135,269398,1.89415,0.0,8000,269398,MaxEff_dcmp,3.16,2100,0,10168,304.204,4000
Chuffed Dcmp,jobshop,jobshop/jobshop_gini.mzn,jobshop/dzn/ta55_3a_alloc1.dzn:jobshop/generated_bounds/MaxEffGini/ta55_3a_alloc1_MaxEffGini.dzn,SATISFIED,1200.598028704524,762,7754282,235574,3057,232515,-12972,251733567,0.136,minimize,0.0,44,44,2300,-777916760,1550,6870,-12972,5920905,1199.229,3055,1799304,0.769659,0.0,3000,1799304,MaxEff_dcmp,0.94,800,0,3821,4.715,1500
Chuffed Dcmp,jobshop,jobshop/jobshop_gini.mzn,jobshop/dzn/ta57_3a_alloc1.dzn:jobshop/generated_bounds/MaxEffGini/ta57_3a_alloc1_MaxEffGini.dzn,SATISFIED,1200.6165986545384,765,6248376,283382,3058,280322,-16104,237892827,0.14,minimize,0.0,60,60,2300,1422607193,1550,6871,-16104,4688683,1199.234,3056,1513436,0.763138,0.0,3000,1513436,MaxEff_dcmp,0.94,800,0,3823,74.418,1500
Chuffed Dcmp,jobshop,jobshop/jobshop_gini.mzn,jobshop/dzn/ta75_5a_alloc1.dzn:jobshop/generated_bounds/MaxEffGini/ta75_5a_alloc1_MaxEffGini.dzn,SATISFIED,1201.4124806877226,2019,1768745,1558092,8107,1549983,-44353,224725294,0.374,minimize,0.0,130,130,6100,-532917921,4100,18225,-44353,1165344,1198.091,8105,339831,1.9118,0.0,8000,339831,MaxEff_dcmp,3.16,2100,0,10119,162.477,4000
Chuffed Dcmp,jobshop,jobshop/jobshop_gini.mzn,jobshop/dzn/ta41_3a_alloc1.dzn:jobshop/generated_bounds/MaxEffGini/ta41_3a_alloc1_MaxEffGini.dzn,SATISFIED,1200.6269918940961,607,3204901,385215,2442,382771,-11012,433836113,0.112,minimize,0.0,32,32,1830,1289784512,1230,5490,-11012,2765948,1199.393,2440,420335,0.609845,0.0,2400,420335,MaxEff_dcmp,0.94,630,0,3066,1194.146,1200
Chuffed Dcmp,jobshop,jobshop/jobshop_gini.mzn,jobshop/dzn/ta76_5a_alloc1.dzn:jobshop/generated_bounds/MaxEffGini/ta76_5a_alloc1_MaxEffGini.dzn,SATISFIED,1201.6050950046629,2020,2151954,1419901,8108,1411791,-43048,163929401,0.383,minimize,0.0,151,151,6100,1548528724,4100,18226,-43048,1533537,1198.12,8106,312494,1.87701,0.0,8000,312494,MaxEff_dcmp,3.16,2100,0,10121,1183.148,4000
Chuffed Dcmp,jobshop,jobshop/jobshop_gini.mzn,jobshop/dzn/ta74_10a_alloc1.dzn:jobshop/generated_bounds/MaxEffGini/ta74_10a_alloc1_MaxEffGini.dzn,SATISFIED,1201.2716079112142,2014,1771033,825220,8183,817035,-18956,281316993,0.393,minimize,0.0,38,38,6100,377024288,4100,18301,-18956,1617887,1198.098,8181,75064,1.91127,0.0,8000,75064,MaxEff_dcmp,3.16,2100,0,10236,325.933,4000
Chuffed Dcmp,jobshop,jobshop/jobshop_gini.mzn,jobshop/dzn/ta75_9a_alloc1.dzn:jobshop/generated_bounds/MaxEffGini/ta75_9a_alloc1_MaxEffGini.dzn,SATISFIED,1201.32277007401,2014,1605007,937087,8163,928922,-21351,252069990,0.382,minimize,0.0,63,63,6100,-407564570,4100,18281,-21351,1412271,1198.118,8161,64446,1.89452,0.0,8000,64446,MaxEff_dcmp,1.41,2100,0,10205,1103.455,4000
Chuffed Dcmp,jobshop,jobshop/jobshop_gini.mzn,jobshop/dzn/ta69_5a_alloc1.dzn:jobshop/generated_bounds/MaxEffGini/ta69_5a_alloc1_MaxEffGini.dzn,SATISFIED,1200.753142286092,1016,2668532,425408,4074,421332,-21599,273801017,0.186,minimize,0.0,47,47,3050,-1355555925,2050,9142,-21599,2019509,1198.988,4072,600745,1.01013,0.0,4000,600745,MaxEff_dcmp,1.41,1050,0,5103,526.366999,2000
Chuffed Dcmp,jobshop,jobshop/jobshop_gini.mzn,jobshop/dzn/ta74_6a_alloc1.dzn:jobshop/generated_bounds/MaxEffGini/ta74_6a_alloc1_MaxEffGini.dzn,SATISFIED,1201.6912337709218,2019,2476310,2086761,8119,2078640,-47213,221164304,0.383,minimize,0.0,304,304,6100,-1479370646,4100,18237,-47213,1622872,1198.118,8117,239747,1.88327,0.0,8000,239747,MaxEff_dcmp,3.16,2100,0,10138,639.196,4000
Chuffed Dcmp,jobshop,jobshop/jobshop_gini.mzn,jobshop/dzn/ta79_10a_alloc1.dzn:jobshop/generated_bounds/MaxEffGini/ta79_10a_alloc1_MaxEffGini.dzn,SATISFIED,1201.2952279504389,2016,1985316,938450,8184,930264,-19643,248029034,0.383,minimize,0.0,94,94,6100,-1094555162,4100,18302,-19643,1715866,1198.096,8182,78721,1.90308,0.0,8000,78721,MaxEff_dcmp,4.75,2100,0,10238,1056.298,4000
Chuffed Dcmp,jobshop,jobshop/jobshop_gini.mzn,jobshop/dzn/ta75_10a_alloc1.dzn:jobshop/generated_bounds/MaxEffGini/ta75_10a_alloc1_MaxEffGini.dzn,SATISFIED,1201.5534193441272,2019,1027887,1854923,8182,1846739,-41804,294367164,0.383,minimize,0.0,129,129,6100,-1358745486,4100,18300,-41804,737141,1198.14,8180,29781,1.86182,0.0,8000,29781,MaxEff_dcmp,3.16,2100,0,10234,412.12,4000
Chuffed Dcmp,jobshop,jobshop/jobshop_gini.mzn,jobshop/dzn/ta64_3a_alloc1.dzn:jobshop/generated_bounds/MaxEffGini/ta64_3a_alloc1_MaxEffGini.dzn,SATISFIED,1200.7454958558083,1016,2648927,395168,4047,391119,-18502,279982487,0.179,minimize,0.0,53,53,3050,473442296,2050,9115,-18502,1936472,1198.996,4045,658160,1.00476,0.0,4000,658160,MaxEff_dcmp,1.41,1050,0,5056,306.535,2000
Chuffed Dcmp,jobshop,jobshop/jobshop_gini.mzn,jobshop/dzn/ta62_4a_alloc1.dzn:jobshop/generated_bounds/MaxEffGini/ta62_4a_alloc1_MaxEffGini.dzn,SATISFIED,1200.7695925366133,1012,2552795,402114,4065,398047,-20028,412497156,0.188,minimize,0.0,40,40,3050,1749719948,2050,9133,-20028,1721482,1198.985,4063,790191,1.01274,0.0,4000,790191,MaxEff_dcmp,1.41,1050,0,5089,322.238,2000
Chuffed Dcmp,jobshop,jobshop/jobshop_gini.mzn,jobshop/dzn/ta53_3a_alloc1.dzn:jobshop/generated_bounds/MaxEffGini/ta53_3a_alloc1_MaxEffGini.dzn,SATISFIED,1200.611690102145,765,3484405,283719,3058,280659,-15127,250991035,0.14,minimize,0.0,51,51,2300,-2006501222,1550,6871,-15127,2446447,1199.227,3056,998611,0.770559,0.0,3000,998611,MaxEff_dcmp,0.94,800,0,3823,14.363,1500
Chuffed Dcmp,jobshop,jobshop/jobshop_gini.mzn,jobshop/dzn/ta36_3a_alloc1.dzn:jobshop/generated_bounds/MaxEffGini/ta36_3a_alloc1_MaxEffGini.dzn,SATISFIED,1200.5505533013493,459,3436497,229807,1843,227962,-8883,436779798,0.082,minimize,0.0,22,22,1380,-1109235335,930,4136,-8883,2528370,1199.488,1841,897826,0.512789,0.0,1800,897826,MaxEff_dcmp,0.94,480,0,2313,981.758,900
Chuffed Dcmp,jobshop,jobshop/jobshop_gini.mzn,jobshop/dzn/ta75_8a_alloc1.dzn:jobshop/generated_bounds/MaxEffGini/ta75_8a_alloc1_MaxEffGini.dzn,SATISFIED,1201.488307448104,2018,1397453,1578962,8146,1570814,-35124,282069245,0.381,minimize,0.0,141,141,6100,-512615740,4100,18264,-35124,1066226,1198.103,8144,46085,1.90092,0.0,8000,46085,MaxEff_dcmp,3.16,2100,0,10179,1166.391,4000
Chuffed Dcmp,jobshop,jobshop/jobshop_gini.mzn,jobshop/dzn/ta59_5a_alloc1.dzn:jobshop/generated_bounds/MaxEffGini/ta59_5a_alloc1_MaxEffGini.dzn,SATISFIED,1200.5877627022564,760,9841000,237190,3074,234114,-13729,200265820,0.137,minimize,0.0,37,37,2300,2079492395,1550,6887,-13729,8117966,1199.176,3072,1694270,0.821378,0.0,3000,1694270,MaxEff_dcmp,0.94,800,0,3848,3.733,1500
Chuffed Dcmp,jobshop,jobshop/jobshop_gini.mzn,jobshop/dzn/ta38_2a_alloc1.dzn:jobshop/generated_bounds/MaxEffGini/ta38_2a_alloc1_MaxEffGini.dzn,SATISFIED,1200.4878381695598,459,2823761,171119,1837,169280,-7270,470165323,0.081,minimize,0.0,23,23,1380,2057710573,930,4130,-7270,1872426,1199.485,1835,940750,0.512783,0.0,1800,940750,MaxEff_dcmp,0.94,480,0,2303,402.069,900
Chuffed Dcmp,jobshop,jobshop/jobshop_gini.mzn,jobshop/dzn/ta52_3a_alloc1.dzn:jobshop/generated_bounds/MaxEffGini/ta52_3a_alloc1_MaxEffGini.dzn,SATISFIED,1200.6235102936625,762,5586422,280764,3057,277705,-15141,219814317,0.138,minimize,0.0,39,39,2300,-577474926,1550,6870,-15141,4614275,1199.23,3055,941859,0.767405,0.0,3000,941859,MaxEff_dcmp,0.94,800,0,3821,3.916,1500
Chuffed Dcmp,jobshop,jobshop/jobshop_gini.mzn,jobshop/dzn/ta52_5a_alloc1.dzn:jobshop/generated_bounds/MaxEffGini/ta52_5a_alloc1_MaxEffGini.dzn,SATISFIED,1200.6481557954103,762,5703623,259611,3073,256536,-14935,223394885,0.139,minimize,0.0,36,36,2300,-1715490081,1550,6886,-14935,4714590,1199.233,3071,961015,0.764514,0.0,3000,961015,MaxEff_dcmp,0.94,800,0,3846,2.791,1500
Chuffed Dcmp,jobshop,jobshop/jobshop_gini.mzn,jobshop/dzn/ta71_9a_alloc1.dzn:jobshop/generated_bounds/MaxEffGini/ta71_9a_alloc1_MaxEffGini.dzn,SATISFIED,1201.5873559564352,2017,2192674,1815822,8169,1807651,-44019,203880943,0.382,minimize,0.0,180,180,6100,-2053036549,4100,18287,-44019,1549455,1198.114,8167,278968,1.88818,0.0,8000,278968,MaxEff_dcmp,3.16,2100,0,10217,609.22,4000
Chuffed Dcmp,jobshop,jobshop/jobshop_gini.mzn,jobshop/dzn/ta65_4a_alloc1.dzn:jobshop/generated_bounds/MaxEffGini/ta65_4a_alloc1_MaxEffGini.dzn,SATISFIED,1200.7991771493107,1013,3128776,479844,4062,475780,-18669,363048936,0.18,minimize,0.0,46,46,3050,-285404716,2050,9130,-18669,2383472,1199.011,4060,698064,0.99401,0.0,4000,698064,MaxEff_dcmp,4.75,1050,0,5083,291.73,2000
Chuffed Dcmp,jobshop,jobshop/jobshop_gini.mzn,jobshop/dzn/ta31_3a_alloc1.dzn:jobshop/generated_bounds/MaxEffGini/ta31_3a_alloc1_MaxEffGini.dzn,SATISFIED,1200.5015430003405,458,3614988,220582,1839,218741,-8013,444645954,0.081,minimize,0.0,21,21,1380,1195387251,930,4132,-8013,2591159,1199.482,1837,1013977,0.514941,0.0,1800,1013977,MaxEff_dcmp,0.94,480,0,2305,877.098,900
Chuffed Dcmp,jobshop,jobshop/jobshop_gini.mzn,jobshop/dzn/ta54_3a_alloc1.dzn:jobshop/generated_bounds/MaxEffGini/ta54_3a_alloc1_MaxEffGini.dzn,SATISFIED,1200.6530792117119,762,2687399,354857,3060,351795,-15857,277461315,0.138,minimize,0.0,48,48,2300,1616703818,1550,6873,-15857,2067631,1199.22,3058,582805,0.777975,0.0,3000,582805,MaxEff_dcmp,0.94,800,0,3827,8.397,1500
Chuffed Dcmp,jobshop,jobshop/jobshop_gini.mzn,jobshop/dzn/ta71_10a_alloc1.dzn:jobshop/generated_bounds/MaxEffGini/ta71_10a_alloc1_MaxEffGini.dzn,SATISFIED,1201.6103367172182,2017,1097675,1632749,8188,1624559,-36571,232234138,0.384,minimize,0.0,113,113,6100,1168944216,4100,18306,-36571,833983,1198.147,8186,34782,1.87261,0.0,8000,34782,MaxEff_dcmp,2.11,2100,0,10246,991.705,4000
Chuffed Dcmp,jobshop,jobshop/jobshop_gini.mzn,jobshop/dzn/ta73_6a_alloc1.dzn:jobshop/generated_bounds/MaxEffGini/ta73_6a_alloc1_MaxEffGini.dzn,SATISFIED,1201.199875542894,2011,2940382,576890,8124,568764,-13220,270967724,0.382,minimize,0.0,25,25,6100,833389829,4100,18242,-13220,2763206,1198.111,8122,125253,1.88723,0.0,8000,125253,MaxEff_dcmp,2.11,2100,0,10148,1105.443,4000
Chuffed Dcmp,jobshop,jobshop/jobshop_gini.mzn,jobshop/dzn/ta60_5a_alloc1.dzn:jobshop/generated_bounds/MaxEffGini/ta60_5a_alloc1_MaxEffGini.dzn,SATISFIED,1200.7041858863086,765,2326024,406142,3077,403063,-15916,283503020,0.138,minimize,0.0,80,80,2300,618099821,1550,6890,-15916,1589617,1199.228,3075,675039,0.77109,0.0,3000,675039,MaxEff_dcmp,1.41,800,0,3854,233.764,1500
Chuffed Dcmp,jobshop,jobshop/jobshop_gini.mzn,jobshop/dzn/ta32_2a_alloc1.dzn:jobshop/generated_bounds/MaxEffGini/ta32_2a_alloc1_MaxEffGini.dzn,SATISFIED,1200.5273491851985,459,3175405,243124,1837,241285,-8832,452919912,0.083,minimize,0.0,30,30,1380,1710276576,930,4130,-8832,2382831,1199.473,1835,778686,0.524006,0.0,1800,778686,MaxEff_dcmp,0.63,480,0,2303,133.894,900
Chuffed Dcmp,jobshop,jobshop/jobshop_gini.mzn,jobshop/dzn/ta79_8a_alloc1.dzn:jobshop/generated_bounds/MaxEffGini/ta79_8a_alloc1_MaxEffGini.dzn,SATISFIED,1201.6480125356466,2021,1756131,1683237,8148,1675087,-44118,217360124,0.378,minimize,0.0,162,162,6100,591226115,4100,18266,-44118,1167394,1198.104,8146,260481,1.89707,0.0,8000,260481,MaxEff_dcmp,3.16,2100,0,10183,293.545,4000
Chuffed Dcmp,jobshop,jobshop/jobshop_gini.mzn,jobshop/dzn/ta55_5a_alloc1.dzn:jobshop/generated_bounds/MaxEffGini/ta55_5a_alloc1_MaxEffGini.dzn,SATISFIED,1200.5923341959715,762,7533405,207555,3073,204480,-12972,230290207,0.14,minimize,0.0,46,46,2300,1649572102,1550,6886,-12972,5777530,1199.224,3071,1720276,0.775299,0.0,3000,1720276,MaxEff_dcmp,0.63,800,0,3846,2.494,1500
Chuffed Dcmp,jobshop,jobshop/jobshop_gini.mzn,jobshop/dzn/ta53_4a_alloc1.dzn:jobshop/generated_bounds/MaxEffGini/ta53_4a_alloc1_MaxEffGini.dzn,SATISFIED,1200.6742031536996,765,3692394,251246,3065,248179,-15121,265172840,0.139,minimize,0.0,48,48,2300,-685402381,1550,6878,-15121,2595242,1199.229,3063,1060041,0.76827,0.0,3000,1060041,MaxEff_dcmp,0.94,800,0,3834,3.09,1500
Chuffed Dcmp,jobshop,jobshop/jobshop_gini.mzn,jobshop/dzn/ta59_3a_alloc1.dzn:jobshop/generated_bounds/MaxEffGini/ta59_3a_alloc1_MaxEffGini.dzn,SATISFIED,1200.7865213472396,760,5273026,253001,3058,249941,-14640,283454568,0.137,minimize,0.0,49,49,2300,306111903,1550,6871,-14640,3929604,1199.219,3056,1305647,0.778608,0.0,3000,1305647,MaxEff_dcmp,0.94,800,0,3823,5.275,1500
Chuffed Dcmp,jobshop,jobshop/jobshop_gini.mzn,jobshop/dzn/ta72_8a_alloc1.dzn:jobshop/generated_bounds/MaxEffGini/ta72_8a_alloc1_MaxEffGini.dzn,SATISFIED,1201.4989730976522,2018,2674635,1806780,8149,1798629,-43067,217980592,0.375,minimize,0.0,203,203,6100,571584530,4100,18267,-43067,1916804,1198.126,8147,347128,1.87276,0.0,8000,347128,MaxEff_dcmp,3.16,2100,0,10185,523.116,4000
Chuffed Dcmp,jobshop,jobshop/jobshop_gini.mzn,jobshop/dzn/ta38_3a_alloc1.dzn:jobshop/generated_bounds/MaxEffGini/ta38_3a_alloc1_MaxEffGini.dzn,SATISFIED,1200.4873420577496,458,3002538,204049,1842,202205,-7131,497359218,0.082,minimize,0.0,19,19,1380,-750165179,930,4135,-7131,1946640,1199.488,1840,1047046,0.509209,0.0,1800,1047046,MaxEff_dcmp,0.94,480,0,2311,71.518,900
Chuffed Dcmp,jobshop,jobshop/jobshop_gini.mzn,jobshop/dzn/ta73_5a_alloc1.dzn:jobshop/generated_bounds/MaxEffGini/ta73_5a_alloc1_MaxEffGini.dzn,SATISFIED,1201.4876538421959,2019,1980777,1586850,8113,1578735,-44408,224910828,0.388,minimize,0.0,182,182,6100,292396851,4100,18231,-44408,1370100,1198.071,8111,242476,1.93172,0.0,8000,242476,MaxEff_dcmp,3.16,2100,0,10131,1172.665,4000
Chuffed Dcmp,jobshop,jobshop/jobshop_gini.mzn,jobshop/dzn/ta77_6a_alloc1.dzn:jobshop/generated_bounds/MaxEffGini/ta77_6a_alloc1_MaxEffGini.dzn,SATISFIED,1201.3584212735295,2019,1938573,1368795,8128,1360665,-43567,193428448,0.377,minimize,0.0,107,107,6100,441456295,4100,18246,-43567,1450274,1198.108,8126,271001,1.89218,0.0,8000,271001,MaxEff_dcmp,3.16,2100,0,10156,729.758,4000
Chuffed Dcmp,jobshop,jobshop/jobshop_gini.mzn,jobshop/dzn/ta69_4a_alloc1.dzn:jobshop/generated_bounds/MaxEffGini/ta69_4a_alloc1_MaxEffGini.dzn,SATISFIED,1200.7918815016747,1016,2754873,432325,4065,428258,-21599,246490467,0.189,minimize,0.0,49,49,3050,-1465421051,2050,9133,-21599,2085861,1198.979,4063,618839,1.018729,0.0,4000,618839,MaxEff_dcmp,1.41,1050,0,5089,793.815,2000
Chuffed Dcmp,jobshop,jobshop/jobshop_gini.mzn,jobshop/dzn/ta51_3a_alloc1.dzn:jobshop/generated_bounds/MaxEffGini/ta51_3a_alloc1_MaxEffGini.dzn,SATISFIED,1200.6380571313202,763,4762156,272880,3060,269818,-14889,294840453,0.141,minimize,0.0,56,56,2300,1732650966,1550,6873,-14889,3559091,1199.225,3058,1160030,0.774409,0.0,3000,1160030,MaxEff_dcmp,0.94,800,0,3827,6.357,1500
Chuffed Dcmp,jobshop,jobshop/jobshop_gini.mzn,jobshop/dzn/ta58_5a_alloc1.dzn:jobshop/generated_bounds/MaxEffGini/ta58_5a_alloc1_MaxEffGini.dzn,SATISFIED,1200.6380496956408,763,3353094,305464,3079,302383,-16354,283549145,0.144,minimize,0.0,55,55,2300,1050501749,1550,6892,-16354,2597309,1199.218,3077,713433,0.781401,0.0,3000,713433,MaxEff_dcmp,0.94,800,0,3858,7.108,1500
Chuffed Dcmp,jobshop,jobshop/jobshop_gini.mzn,jobshop/dzn/ta54_5a_alloc1.dzn:jobshop/generated_bounds/MaxEffGini/ta54_5a_alloc1_MaxEffGini.dzn,SATISFIED,1200.7278856523335,761,2881364,452611,3076,449533,-16041,241601711,0.139,minimize,0.0,65,65,2300,-1325841851,1550,6889,-16041,2093877,1199.224,3074,737668,0.777656,0.0,3000,737668,MaxEff_dcmp,0.94,800,0,3852,53.385,1500
Chuffed Dcmp,jobshop,jobshop/jobshop_gini.mzn,jobshop/dzn/ta45_2a_alloc1.dzn:jobshop/generated_bounds/MaxEffGini/ta45_2a_alloc1_MaxEffGini.dzn,SATISFIED,1200.5730899982154,607,2778374,271820,2433,269385,-10893,495701414,0.11,minimize,0.0,26,26,1830,2126238929,1230,5481,-10893,2112862,1199.348,2431,649884,0.649845,0.0,2400,649884,MaxEff_dcmp,0.94,630,0,3050,365.286,1200
Chuffed Dcmp,jobshop,jobshop/jobshop_gini.mzn,jobshop/dzn/ta45_3a_alloc1.dzn:jobshop/generated_bounds/MaxEffGini/ta45_3a_alloc1_MaxEffGini.dzn,SATISFIED,1200.5798547193408,609,2888311,309759,2438,307319,-10854,488922458,0.109,minimize,0.0,23,23,1830,548162826,1230,5486,-10854,2211646,1199.39,2436,662895,0.610094,0.0,2400,662895,MaxEff_dcmp,0.94,630,0,3058,563.556,1200
Chuffed Dcmp,jobshop,jobshop/jobshop_gini.mzn,jobshop/dzn/ta34_3a_alloc1.dzn:jobshop/generated_bounds/MaxEffGini/ta34_3a_alloc1_MaxEffGini.dzn,SATISFIED,1200.5721720829606,461,2797436,242091,1843,240246,-10261,421618844,0.083,minimize,0.0,24,24,1380,1220808210,930,4136,-10261,1931317,1199.483,1841,854902,0.51476,0.0,1800,854902,MaxEff_dcmp,0.94,480,0,2313,283.197,900
Chuffed Dcmp,jobshop,jobshop/jobshop_gini.mzn,jobshop/dzn/ta60_3a_alloc1.dzn:jobshop/generated_bounds/MaxEffGini/ta60_3a_alloc1_MaxEffGini.dzn,SATISFIED,1200.656384948641,764,6693490,292188,3061,289125,-14992,219004394,0.139,minimize,0.0,44,44,2300,1334292669,1550,6874,-14992,5479936,1199.228,3059,1179572,0.770383,0.0,3000,1179572,MaxEff_dcmp,0.94,800,0,3829,10.342,1500
Chuffed Dcmp,jobshop,jobshop/jobshop_gini.mzn,jobshop/dzn/ta78_9a_alloc1.dzn:jobshop/generated_bounds/MaxEffGini/ta78_9a_alloc1_MaxEffGini.dzn,SATISFIED,1201.3826029468328,2019,1376941,1215190,8166,1207022,-31260,299419204,0.374,minimize,0.0,101,101,6100,-1503523400,4100,18284,-31260,1123446,1198.145,8164,48603,1.88669,0.0,8000,48603,MaxEff_dcmp,2.11,2100,0,10211,487.813,4000
Chuffed Dcmp,jobshop,jobshop/jobshop_gini.mzn,jobshop/dzn/ta78_8a_alloc1.dzn:jobshop/generated_bounds/MaxEffGini/ta78_8a_alloc1_MaxEffGini.dzn,SATISFIED,1201.2710672952235,2017,2131217,744457,8149,736306,-19907,281150376,0.381,minimize,0.0,42,42,6100,-1909129393,4100,18267,-19907,1953777,1198.111,8147,91310,1.88976,0.0,8000,91310,MaxEff_dcmp,1.41,2100,0,10185,1173.015,4000
Chuffed Dcmp,jobshop,jobshop/jobshop_gini.mzn,jobshop/dzn/ta37_3a_alloc1.dzn:jobshop/generated_bounds/MaxEffGini/ta37_3a_alloc1_MaxEffGini.dzn,SATISFIED,1200.510493291542,461,3573327,198727,1843,196882,-8284,418895662,0.082,minimize,0.0,25,25,1380,1936184972,930,4136,-8284,2532895,1199.483,1841,1028700,0.516572,0.0,1800,1028700,MaxEff_dcmp,0.94,480,0,2313,185.292,900
Chuffed Dcmp,jobshop,jobshop/jobshop_gini.mzn,jobshop/dzn/ta75_7a_alloc1.dzn:jobshop/generated_bounds/MaxEffGini/ta75_7a_alloc1_MaxEffGini.dzn,SATISFIED,1201.4004953894764,2019,1709034,1538296,8131,1530163,-44353,206973673,0.374,minimize,0.0,138,138,6100,761395245,4100,18249,-44353,1058729,1198.099,8129,370731,1.90703,0.0,8000,370731,MaxEff_dcmp,3.16,2100,0,10156,81.789,4000
Chuffed Dcmp,jobshop,jobshop/jobshop_gini.mzn,jobshop/dzn/ta80_6a_alloc1.dzn:jobshop/generated_bounds/MaxEffGini/ta80_6a_alloc1_MaxEffGini.dzn,SATISFIED,1201.47391865775,2017,2133126,1761966,8123,1753841,-42044,241561943,0.37,minimize,0.0,200,200,6100,1659228839,4100,18241,-42044,1489244,1198.11,8121,239672,1.88899,0.0,8000,239672,MaxEff_dcmp,3.16,2100,0,10146,424.791,4000
Chuffed Dcmp,jobshop,jobshop/jobshop_gini.mzn,jobshop/dzn/ta69_3a_alloc1.dzn:jobshop/generated_bounds/MaxEffGini/ta69_3a_alloc1_MaxEffGini.dzn,SATISFIED,1200.835200874135,1016,3038565,465653,4058,461593,-21599,249192837,0.188,minimize,0.0,56,56,3050,-1287464836,2050,9126,-21599,2339292,1198.987,4056,641919,1.01206,0.0,4000,641919,MaxEff_dcmp,1.41,1050,0,5078,673.268,2000
Chuffed Dcmp,jobshop,jobshop/jobshop_gini.mzn,jobshop/dzn/ta50_3a_alloc1.dzn:jobshop/generated_bounds/MaxEffGini/ta50_3a_alloc1_MaxEffGini.dzn,SATISFIED,1200.6150414999574,603,2658840,391289,2443,388844,-9465,416768439,0.11,minimize,0.0,38,38,1830,84867200,1230,5491,-9465,2416209,1199.393,2441,222780,0.605167,0.0,2400,222780,MaxEff_dcmp,0.94,630,0,3068,1090.382,1200
Chuffed Dcmp,jobshop,jobshop/jobshop_gini.mzn,jobshop/dzn/ta56_5a_alloc1.dzn:jobshop/generated_bounds/MaxEffGini/ta56_5a_alloc1_MaxEffGini.dzn,SATISFIED,1200.607171896845,764,3478789,287619,3072,284545,-15896,258290095,0.138,minimize,0.0,51,51,2300,1374288203,1550,6885,-15896,2576995,1199.19,3070,862408,0.810691,0.0,3000,862408,MaxEff_dcmp,0.94,800,0,3844,4.875,1500
Chuffed Dcmp,jobshop,jobshop/jobshop_gini.mzn,jobshop/dzn/ta77_8a_alloc1.dzn:jobshop/generated_bounds/MaxEffGini/ta77_8a_alloc1_MaxEffGini.dzn,SATISFIED,1201.382326276973,2019,1839441,1343761,8156,1335603,-43567,195325559,0.385,minimize,0.0,99,99,6100,-1478947484,4100,18274,-43567,1342911,1198.098,8154,295287,1.90103,0.0,8000,295287,MaxEff_dcmp,3.16,2100,0,10199,795.165,4000
Chuffed Dcmp,jobshop,jobshop/jobshop_gini.mzn,jobshop/dzn/ta80_9a_alloc1.dzn:jobshop/generated_bounds/MaxEffGini/ta80_9a_alloc1_MaxEffGini.dzn,SATISFIED,1201.4512916058302,2015,1697243,1081257,8168,1073087,-24576,257331721,0.385,minimize,0.0,95,95,6100,-779529094,4100,18286,-24576,1438297,1198.04,8166,66338,1.96934,0.0,8000,66338,MaxEff_dcmp,1.41,2100,0,10215,1139.705,4000
Chuffed Dcmp,jobshop,jobshop/jobshop_gini.mzn,jobshop/dzn/ta62_5a_alloc1.dzn:jobshop/generated_bounds/MaxEffGini/ta62_5a_alloc1_MaxEffGini.dzn,SATISFIED,1200.8868981525302,1013,2272618,616843,4074,612767,-19384,316615056,0.189,minimize,0.0,53,53,3050,-1654173566,2050,9142,-19384,1765067,1198.986,4072,453336,1.012359,0.0,4000,453336,MaxEff_dcmp,1.41,1050,0,5103,507.508,2000
Chuffed Dcmp,jobshop,jobshop/jobshop_gini.mzn,jobshop/dzn/ta48_3a_alloc1.dzn:jobshop/generated_bounds/MaxEffGini/ta48_3a_alloc1_MaxEffGini.dzn,SATISFIED,1200.618219209835,605,3384001,337923,2441,335480,-10459,448651300,0.11,minimize,0.0,29,29,1830,1843696807,1230,5489,-10459,2811834,1199.4,2439,555139,0.612676,0.0,2400,555139,MaxEff_dcmp,0.94,630,0,3064,1193.102,1200
Chuffed Dcmp,jobshop,jobshop/jobshop_gini.mzn,jobshop/dzn/ta79_5a_alloc1.dzn:jobshop/generated_bounds/MaxEffGini/ta79_5a_alloc1_MaxEffGini.dzn,SATISFIED,1201.36879407987,2021,1619781,1420025,8109,1411914,-44118,213662974,0.381,minimize,0.0,121,121,6100,-1536725345,4100,18227,-44118,1087323,1198.111,8107,286762,1.8867,0.0,8000,286762,MaxEff_dcmp,3.16,2100,0,10123,207.381,4000
Chuffed Dcmp,jobshop,jobshop/jobshop_gini.mzn,jobshop/dzn/ta78_5a_alloc1.dzn:jobshop/generated_bounds/MaxEffGini/ta78_5a_alloc1_MaxEffGini.dzn,SATISFIED,1201.3604055568576,2020,1735961,1443260,8110,1435148,-43882,185148601,0.372,minimize,0.0,147,147,6100,978537319,4100,18228,-43882,1126706,1198.117,8108,311094,1.88222,0.0,8000,311094,MaxEff_dcmp,3.16,2100,0,10125,80.598,4000
Chuffed Dcmp,jobshop,jobshop/jobshop_gini.mzn,jobshop/dzn/ta40_3a_alloc1.dzn:jobshop/generated_bounds/MaxEffGini/ta40_3a_alloc1_MaxEffGini.dzn,SATISFIED,1200.52378519997,457,4427303,214879,1839,213038,-7911,427767423,0.08,minimize,0.0,18,18,1380,2019541627,930,4132,-7911,3307134,1199.487,1837,1111685,0.513641,0.0,1800,1111685,MaxEff_dcmp,0.94,480,0,2305,994.277,900
Chuffed Dcmp,jobshop,jobshop/jobshop_gini.mzn,jobshop/dzn/ta76_9a_alloc1.dzn:jobshop/generated_bounds/MaxEffGini/ta76_9a_alloc1_MaxEffGini.dzn,SATISFIED,1201.4739964194596,2019,2074472,1220494,8164,1212328,-28804,245184996,0.389,minimize,0.0,171,171,6100,-692897601,4100,18282,-28804,1654750,1198.126,8162,73969,1.9279,0.0,8000,73969,MaxEff_dcmp,2.11,2100,0,10207,1182.208,4000
Chuffed Dcmp,jobshop,jobshop/jobshop_gini.mzn,jobshop/dzn/ta61_5a_alloc1.dzn:jobshop/generated_bounds/MaxEffGini/ta61_5a_alloc1_MaxEffGini.dzn,SATISFIED,1200.8413056842983,1014,1810192,436917,4070,432845,-19496,231528048,0.191,minimize,0.0,75,75,3050,2040638416,2050,9138,-19496,1258474,1198.959,4068,475093,1.0399,0.0,4000,475093,MaxEff_dcmp,0.94,1050,0,5095,88.019,2000
Chuffed Dcmp,jobshop,jobshop/jobshop_gini.mzn,jobshop/dzn/ta77_10a_alloc1.dzn:jobshop/generated_bounds/MaxEffGini/ta77_10a_alloc1_MaxEffGini.dzn,SATISFIED,1201.3014849796891,2017,1665575,970679,8192,962485,-23813,235528080,0.377,minimize,0.0,56,56,6100,143796324,4100,18310,-23813,1484248,1198.128,8190,66976,1.88182,0.0,8000,66976,MaxEff_dcmp,4.75,2100,0,10254,995.614,4000
Chuffed Dcmp,jobshop,jobshop/jobshop_gini.mzn,jobshop/dzn/ta49_3a_alloc1.dzn:jobshop/generated_bounds/MaxEffGini/ta49_3a_alloc1_MaxEffGini.dzn,SATISFIED,1200.559404509142,610,2883261,263172,2440,260730,-9670,495230959,0.11,minimize,0.0,28,28,1830,-901039741,1230,5488,-9670,2186467,1199.39,2438,679624,0.6079,0.0,2400,679624,MaxEff_dcmp,0.94,630,0,3062,183.967,1200
Chuffed Dcmp,jobshop,jobshop/jobshop_gini.mzn,jobshop/dzn/ta40_2a_alloc1.dzn:jobshop/generated_bounds/MaxEffGini/ta40_2a_alloc1_MaxEffGini.dzn,SATISFIED,1200.5039417576045,456,4422195,171370,1834,169534,-7212,421749227,0.083,minimize,0.0,20,20,1380,1977104127,930,4127,-7212,3268892,1199.485,1832,1143919,0.514704,0.0,1800,1143919,MaxEff_dcmp,0.63,480,0,2297,401.006,900
Chuffed Dcmp,jobshop,jobshop/jobshop_gini.mzn,jobshop/dzn/ta77_5a_alloc1.dzn:jobshop/generated_bounds/MaxEffGini/ta77_5a_alloc1_MaxEffGini.dzn,SATISFIED,1201.46826264821,2019,1601075,1548479,8117,1540360,-43497,216309935,0.387,minimize,0.0,157,157,6100,386445127,4100,18235,-43497,1018783,1198.1,8115,264342,1.89735,0.0,8000,264342,MaxEff_dcmp,3.16,2100,0,10139,217.326,4000
Chuffed Dcmp,jobshop,jobshop/jobshop_gini.mzn,jobshop/dzn/ta47_2a_alloc1.dzn:jobshop/generated_bounds/MaxEffGini/ta47_2a_alloc1_MaxEffGini.dzn,OPTIMAL_SOLUTION,229.14651470445096,602,763222,283783,2436,281345,-9720,115838368,0.111,minimize,0.0,40,40,1830,-1421993708,1230,5484,-9720,650669,227.922,2434,94424,0.645938,0.0,2400,94424,MaxEff_dcmp,0.63,630,0,3056,196.089,1200
Chuffed Dcmp,jobshop,jobshop/jobshop_gini.mzn,jobshop/dzn/ta61_3a_alloc1.dzn:jobshop/generated_bounds/MaxEffGini/ta61_3a_alloc1_MaxEffGini.dzn,SATISFIED,1200.7616004701704,1015,2265601,416368,4054,412312,-19457,349153891,0.188,minimize,0.0,64,64,3050,-1387293123,2050,9122,-19457,1619340,1198.958,4052,580868,1.04328,0.0,4000,580868,MaxEff_dcmp,1.41,1050,0,5070,11.304,2000
Chuffed Dcmp,jobshop,jobshop/jobshop_gini.mzn,jobshop/dzn/ta41_2a_alloc1.dzn:jobshop/generated_bounds/MaxEffGini/ta41_2a_alloc1_MaxEffGini.dzn,SATISFIED,1200.6063912324607,608,3497638,312119,2437,309680,-11231,507534246,0.113,minimize,0.0,34,34,1830,-2108240841,1230,5485,-11231,2968071,1199.357,2435,509772,0.645276,0.0,2400,509772,MaxEff_dcmp,0.94,630,0,3058,1013.329,1200
Chuffed Dcmp,jobshop,jobshop/jobshop_gini.mzn,jobshop/dzn/ta64_4a_alloc1.dzn:jobshop/generated_bounds/MaxEffGini/ta64_4a_alloc1_MaxEffGini.dzn,SATISFIED,1200.7486497834325,1016,2642187,357879,4054,353823,-18502,280046726,0.179,minimize,0.0,50,50,3050,-1423920893,2050,9122,-18502,1922576,1198.988,4052,668298,1.01268,0.0,4000,668298,MaxEff_dcmp,1.41,1050,0,5067,219.039,2000
Chuffed Dcmp,jobshop,jobshop/jobshop_gini.mzn,jobshop/dzn/ta62_3a_alloc1.dzn:jobshop/generated_bounds/MaxEffGini/ta62_3a_alloc1_MaxEffGini.dzn,SATISFIED,1200.7961352374405,1012,2078226,436617,4058,432557,-20028,354648338,0.191,minimize,0.0,39,39,3050,771259122,2050,9126,-20028,1373967,1198.968,4056,664141,1.031369,0.0,4000,664141,MaxEff_dcmp,1.41,1050,0,5078,439.754,2000
Chuffed Dcmp,jobshop,jobshop/jobshop_gini.mzn,jobshop/dzn/ta51_4a_alloc1.dzn:jobshop/generated_bounds/MaxEffGini/ta51_4a_alloc1_MaxEffGini.dzn,SATISFIED,1200.581044793129,762,4120523,226890,3067,223821,-14795,307188562,0.136,minimize,0.0,47,47,2300,-678845206,1550,6880,-14795,2747368,1199.231,3065,1336819,0.767612,0.0,3000,1336819,MaxEff_dcmp,0.94,800,0,3838,2.659,1500
Chuffed Dcmp,jobshop,jobshop/jobshop_gini.mzn,jobshop/dzn/ta72_6a_alloc1.dzn:jobshop/generated_bounds/MaxEffGini/ta72_6a_alloc1_MaxEffGini.dzn,SATISFIED,1201.4935341086239,2018,1930195,1666096,8121,1657973,-44181,187112550,0.377,minimize,0.0,155,155,6100,130010332,4100,18239,-44181,1314505,1198.095,8119,301915,1.90736,0.0,8000,301915,MaxEff_dcmp,3.16,2100,0,10142,456.258,4000
Chuffed Dcmp,jobshop,jobshop/jobshop_gini.mzn,jobshop/dzn/ta77_7a_alloc1.dzn:jobshop/generated_bounds/MaxEffGini/ta77_7a_alloc1_MaxEffGini.dzn,SATISFIED,1201.3909271508455,2017,2196854,949594,8141,941451,-26262,310464711,0.388,minimize,0.0,61,61,6100,510713557,4100,18259,-26262,1983382,1198.14,8139,89174,1.87411,0.0,8000,89174,MaxEff_dcmp,1.41,2100,0,10176,1053.038,4000
Chuffed Dcmp,jobshop,jobshop/jobshop_gini.mzn,jobshop/dzn/ta51_5a_alloc1.dzn:jobshop/generated_bounds/MaxEffGini/ta51_5a_alloc1_MaxEffGini.dzn,SATISFIED,1200.5590256918222,763,3715455,226872,3076,223794,-14795,284448344,0.139,minimize,0.0,50,50,2300,887081947,1550,6889,-14795,2423951,1199.227,3074,1252875,0.771989,0.0,3000,1252875,MaxEff_dcmp,0.94,800,0,3852,2.8,1500
Chuffed Dcmp,jobshop,jobshop/jobshop_gini.mzn,jobshop/dzn/ta31_2a_alloc1.dzn:jobshop/generated_bounds/MaxEffGini/ta31_2a_alloc1_MaxEffGini.dzn,SATISFIED,1200.496619829908,458,3321773,194050,1834,192214,-8086,440032403,0.081,minimize,0.0,23,23,1380,-1875523450,930,4127,-8086,2337547,1199.481,1832,973515,0.517802,0.0,1800,973515,MaxEff_dcmp,0.63,480,0,2297,786.908,900
Chuffed Dcmp,jobshop,jobshop/jobshop_gini.mzn,jobshop/dzn/ta46_3a_alloc1.dzn:jobshop/generated_bounds/MaxEffGini/ta46_3a_alloc1_MaxEffGini.dzn,SATISFIED,1200.587389729917,608,3007958,288185,2442,285741,-10385,485063127,0.112,minimize,0.0,23,23,1830,825615102,1230,5490,-10385,2365011,1199.39,2440,628897,0.608916,0.0,2400,628897,MaxEff_dcmp,0.94,630,0,3066,17.723,1200
Chuffed Dcmp,jobshop,jobshop/jobshop_gini.mzn,jobshop/dzn/ta70_3a_alloc1.dzn:jobshop/generated_bounds/MaxEffGini/ta70_3a_alloc1_MaxEffGini.dzn,SATISFIED,1200.7726714201272,1013,2989261,406264,4053,402209,-19299,291627209,0.188,minimize,0.0,60,60,3050,-485132750,2050,9121,-19299,2402053,1198.952,4051,525869,1.04748,0.0,4000,525869,MaxEff_dcmp,1.41,1050,0,5068,16.136,2000
Chuffed Dcmp,jobshop,jobshop/jobshop_gini.mzn,jobshop/dzn/ta33_3a_alloc1.dzn:jobshop/generated_bounds/MaxEffGini/ta33_3a_alloc1_MaxEffGini.dzn,SATISFIED,1200.5529716089368,460,2957934,264618,1842,262774,-8842,434921867,0.085,minimize,0.0,34,34,1380,679583187,930,4135,-8842,2002452,1199.49,1840,939782,0.513134,0.0,1800,939782,MaxEff_dcmp,0.94,480,0,2311,403.366,900
Chuffed Dcmp,jobshop,jobshop/jobshop_gini.mzn,jobshop/dzn/ta72_7a_alloc1.dzn:jobshop/generated_bounds/MaxEffGini/ta72_7a_alloc1_MaxEffGini.dzn,SATISFIED,1201.2637028172612,2016,2066710,876941,8134,868805,-20598,281395132,0.374,minimize,0.0,111,111,6100,-1354946445,4100,18252,-20598,1760947,1198.096,8132,80825,1.90487,0.0,8000,80825,MaxEff_dcmp,2.11,2100,0,10162,1063.637999,4000
Chuffed Dcmp,jobshop,jobshop/jobshop_gini.mzn,jobshop/dzn/ta76_8a_alloc1.dzn:jobshop/generated_bounds/MaxEffGini/ta76_8a_alloc1_MaxEffGini.dzn,SATISFIED,1201.5675071273,2020,2502346,1796774,8147,1788625,-42285,203664722,0.386,minimize,0.0,238,238,6100,-1301533239,4100,18265,-42285,1707144,1198.12,8145,313937,1.87819,0.0,8000,313937,MaxEff_dcmp,3.16,2100,0,10181,1133.605,4000
Chuffed Dcmp,jobshop,jobshop/jobshop_gini.mzn,jobshop/dzn/ta73_9a_alloc1.dzn:jobshop/generated_bounds/MaxEffGini/ta73_9a_alloc1_MaxEffGini.dzn,SATISFIED,1201.2403260301799,2016,1551910,893549,8169,885378,-22610,241934662,0.388,minimize,0.0,43,43,6100,-1241353502,4100,18287,-22610,1401392,1198.035,8167,62431,1.96498,0.0,8000,62431,MaxEff_dcmp,3.16,2100,0,10217,601.024,4000
Chuffed Dcmp,jobshop,jobshop/jobshop_gini.mzn,jobshop/dzn/ta80_5a_alloc1.dzn:jobshop/generated_bounds/MaxEffGini/ta80_5a_alloc1_MaxEffGini.dzn,SATISFIED,1201.4323197603226,2017,1872462,1460227,8112,1452113,-42044,193787687,0.381,minimize,0.0,148,148,6100,1167908858,4100,18230,-42044,1286083,1198.068,8110,286827,1.92355,0.0,8000,286827,MaxEff_dcmp,3.16,2100,0,10129,212.988,4000
Chuffed Dcmp,jobshop,jobshop/jobshop_gini.mzn,jobshop/dzn/ta74_9a_alloc1.dzn:jobshop/generated_bounds/MaxEffGini/ta74_9a_alloc1_MaxEffGini.dzn,SATISFIED,1201.6661407537758,,,,,,-46906,,,minimize,,,219,6100,,4100,18282,,,,8162,,1.88878,,8000,,MaxEff_dcmp,,2100,0,,,4000
Chuffed Dcmp,jobshop,jobshop/jobshop_gini.mzn,jobshop/dzn/ta61_4a_alloc1.dzn:jobshop/generated_bounds/MaxEffGini/ta61_4a_alloc1_MaxEffGini.dzn,SATISFIED,1200.778812168166,1013,1854077,439878,4061,435815,-19606,298786824,0.189,minimize,0.0,53,53,3050,1216363365,2050,9129,-19606,1273446,1198.981,4059,526390,1.01769,0.0,4000,526390,MaxEff_dcmp,0.94,1050,0,5081,200.34,2000
Chuffed Dcmp,jobshop,jobshop/jobshop_gini.mzn,jobshop/dzn/ta68_4a_alloc1.dzn:jobshop/generated_bounds/MaxEffGini/ta68_4a_alloc1_MaxEffGini.dzn,SATISFIED,1200.736936463043,1013,1714703,369858,4061,365795,-18487,339912792,0.183,minimize,0.0,43,43,3050,-276222330,2050,9129,-18487,1135511,1198.972,4059,535044,1.02562,0.0,4000,535044,MaxEff_dcmp,0.94,1050,0,5081,68.771,2000
Chuffed Dcmp,jobshop,jobshop/jobshop_gini.mzn,jobshop/dzn/ta63_4a_alloc1.dzn:jobshop/generated_bounds/MaxEffGini/ta63_4a_alloc1_MaxEffGini.dzn,SATISFIED,1200.8196151647717,1014,2779204,504557,4066,500489,-17966,281924566,0.186,minimize,0.0,85,85,3050,866053694,2050,9134,-17966,2039387,1198.988,4064,653498,1.01288,0.0,4000,653498,MaxEff_dcmp,0.94,1050,0,5091,342.386,2000
Chuffed Dcmp,jobshop,jobshop/jobshop_gini.mzn,jobshop/dzn/ta74_5a_alloc1.dzn:jobshop/generated_bounds/MaxEffGini/ta74_5a_alloc1_MaxEffGini.dzn,SATISFIED,1201.4175226222724,2019,1976139,1612020,8108,1603910,-47213,189068538,0.38,minimize,0.0,121,121,6100,-1478433600,4100,18226,-47213,1467859,1198.103,8106,262816,1.89492,0.0,8000,262816,MaxEff_dcmp,3.16,2100,0,10121,571.512,4000
Chuffed Dcmp,jobshop,jobshop/jobshop_gini.mzn,jobshop/dzn/ta67_4a_alloc1.dzn:jobshop/generated_bounds/MaxEffGini/ta67_4a_alloc1_MaxEffGini.dzn,SATISFIED,1200.723275564611,1010,1575549,356422,4063,352357,-18895,293650640,0.183,minimize,0.0,40,40,3050,26538580,2050,9131,-18895,1050579,1198.985,4061,483879,1.013879,0.0,4000,483879,MaxEff_dcmp,0.94,1050,0,5085,37.004,2000
Chuffed Dcmp,jobshop,jobshop/jobshop_gini.mzn,jobshop/dzn/ta66_4a_alloc1.dzn:jobshop/generated_bounds/MaxEffGini/ta66_4a_alloc1_MaxEffGini.dzn,SATISFIED,1200.7897036150098,1014,2282542,338311,4062,334247,-19664,311965747,0.185,minimize,0.0,36,36,3050,1472715785,2050,9130,-19664,1543182,1198.991,4060,702226,1.00815,0.0,4000,702226,MaxEff_dcmp,1.41,1050,0,5083,110.212,2000
Chuffed Dcmp,jobshop,jobshop/jobshop_gini.mzn,jobshop/dzn/ta50_2a_alloc1.dzn:jobshop/generated_bounds/MaxEffGini/ta50_2a_alloc1_MaxEffGini.dzn,SATISFIED,1200.7058185078204,602,2746253,338253,2438,335813,-9588,531819112,0.111,minimize,0.0,30,30,1830,-388636904,1230,5486,-9588,2485887,1199.36,2436,244320,0.64583,0.0,2400,244320,MaxEff_dcmp,0.63,630,0,3060,1033.614,1200
Chuffed Dcmp,jobshop,jobshop/jobshop_gini.mzn,jobshop/dzn/ta74_7a_alloc1.dzn:jobshop/generated_bounds/MaxEffGini/ta74_7a_alloc1_MaxEffGini.dzn,SATISFIED,1201.6330354791135,2019,2330724,1954797,8132,1946663,-47213,243749656,0.376,minimize,0.0,167,167,6100,112455576,4100,18250,-47213,1766738,1198.115,8130,225899,1.88785,0.0,8000,225899,MaxEff_dcmp,3.16,2100,0,10158,806.802,4000
Chuffed Dcmp,jobshop,jobshop/jobshop_gini.mzn,jobshop/dzn/ta39_3a_alloc1.dzn:jobshop/generated_bounds/MaxEffGini/ta39_3a_alloc1_MaxEffGini.dzn,SATISFIED,1200.4909430835396,457,1960399,212551,1839,210710,-8323,471793020,0.081,minimize,0.0,24,24,1380,1576731359,930,4132,-8323,1180601,1199.482,1837,768658,0.519456,0.0,1800,768658,MaxEff_dcmp,0.94,480,0,2305,130.648,900
Chuffed Dcmp,jobshop,jobshop/jobshop_gini.mzn,jobshop/dzn/ta44_2a_alloc1.dzn:jobshop/generated_bounds/MaxEffGini/ta44_2a_alloc1_MaxEffGini.dzn,SATISFIED,1200.5653988588601,612,2430610,255165,2436,252727,-11587,512369838,0.108,minimize,0.0,29,29,1830,1388822314,1230,5484,-11587,1674474,1199.347,2434,738233,0.650474,0.0,2400,738233,MaxEff_dcmp,0.94,630,0,3056,956.559,1200
Chuffed Dcmp,jobshop,jobshop/jobshop_gini.mzn,jobshop/dzn/ta79_6a_alloc1.dzn:jobshop/generated_bounds/MaxEffGini/ta79_6a_alloc1_MaxEffGini.dzn,SATISFIED,1201.2241971250623,2017,2648863,772535,8120,764413,-19475,306935566,0.386,minimize,0.0,82,82,6100,11055471,4100,18238,-19475,2378479,1198.102,8118,103751,1.91001,0.0,8000,103751,MaxEff_dcmp,2.11,2100,0,10140,1162.954,4000
Chuffed Dcmp,jobshop,jobshop/jobshop_gini.mzn,jobshop/dzn/ta56_3a_alloc1.dzn:jobshop/generated_bounds/MaxEffGini/ta56_3a_alloc1_MaxEffGini.dzn,SATISFIED,1200.6374397892505,764,3076141,315533,3056,312475,-15896,254321093,0.141,minimize,0.0,51,51,2300,1178018033,1550,6869,-15896,2298092,1199.229,3054,738704,0.769123,0.0,3000,738704,MaxEff_dcmp,0.94,800,0,3819,7.277,1500
Chuffed Dcmp,jobshop,jobshop/jobshop_gini.mzn,jobshop/dzn/ta34_2a_alloc1.dzn:jobshop/generated_bounds/MaxEffGini/ta34_2a_alloc1_MaxEffGini.dzn,SATISFIED,1200.4941402133554,461,1863829,200655,1838,198815,-10261,433204433,0.084,minimize,0.0,28,28,1380,-486501661,930,4131,-10261,996879,1199.484,1836,853903,0.51613,0.0,1800,853903,MaxEff_dcmp,0.94,480,0,2305,261.209,900
Chuffed Dcmp,jobshop,jobshop/jobshop_gini.mzn,jobshop/dzn/ta37_2a_alloc1.dzn:jobshop/generated_bounds/MaxEffGini/ta37_2a_alloc1_MaxEffGini.dzn,SATISFIED,1200.4983792975545,461,3710489,170838,1838,168998,-8284,412096226,0.084,minimize,0.0,26,26,1380,886779933,930,4131,-8284,2646232,1199.482,1836,1052029,0.51583,0.0,1800,1052029,MaxEff_dcmp,0.63,480,0,2305,231.97,900
Chuffed Dcmp,jobshop,jobshop/jobshop_gini.mzn,jobshop/dzn/ta36_2a_alloc1.dzn:jobshop/generated_bounds/MaxEffGini/ta36_2a_alloc1_MaxEffGini.dzn,SATISFIED,1200.5035850461572,460,3586485,190281,1838,188441,-8472,397264404,0.084,minimize,0.0,30,30,1380,830583375,930,4131,-8472,2602321,1199.486,1836,970210,0.512405,0.0,1800,970210,MaxEff_dcmp,0.63,480,0,2305,1074.751,900
Chuffed Dcmp,jobshop,jobshop/jobshop_gini.mzn,jobshop/dzn/ta39_2a_alloc1.dzn:jobshop/generated_bounds/MaxEffGini/ta39_2a_alloc1_MaxEffGini.dzn,SATISFIED,1200.4746266193688,457,1730587,185242,1834,183406,-8323,469454835,0.079,minimize,0.0,23,23,1380,-61049821,930,4127,-8323,964843,1199.489,1832,755038,0.51241,0.0,1800,755038,MaxEff_dcmp,0.94,480,0,2297,129.497999,900
Chuffed Dcmp,jobshop,jobshop/jobshop_gini.mzn,jobshop/dzn/ta76_7a_alloc1.dzn:jobshop/generated_bounds/MaxEffGini/ta76_7a_alloc1_MaxEffGini.dzn,SATISFIED,1201.5160167701542,2020,3456696,1650525,8132,1642391,-43159,179975748,0.382,minimize,0.0,164,164,6100,-864421846,4100,18250,-43159,2704094,1198.047,8130,420294,1.95487,0.0,8000,420294,MaxEff_dcmp,3.16,2100,0,10158,835.524,4000
Chuffed Dcmp,jobshop,jobshop/jobshop_gini.mzn,jobshop/dzn/ta57_4a_alloc1.dzn:jobshop/generated_bounds/MaxEffGini/ta57_4a_alloc1_MaxEffGini.dzn,SATISFIED,1200.6131719611585,765,5952801,277928,3065,274861,-16104,235717831,0.14,minimize,0.0,37,37,2300,313242865,1550,6878,-16104,4463751,1199.226,3063,1460264,0.772491,0.0,3000,1460264,MaxEff_dcmp,0.94,800,0,3834,5.899,1500
Chuffed Dcmp,jobshop,jobshop/jobshop_gini.mzn,jobshop/dzn/ta80_8a_alloc1.dzn:jobshop/generated_bounds/MaxEffGini/ta80_8a_alloc1_MaxEffGini.dzn,SATISFIED,1201.3750266935676,2017,1911389,1495619,8151,1487466,-42044,199271429,0.373,minimize,0.0,148,148,6100,1403112432,4100,18269,-42044,1328490,1198.098,8149,283313,1.9051,0.0,8000,283313,MaxEff_dcmp,3.16,2100,0,10189,211.959,4000
Chuffed Dcmp,jobshop,jobshop/jobshop_gini.mzn,jobshop/dzn/ta78_7a_alloc1.dzn:jobshop/generated_bounds/MaxEffGini/ta78_7a_alloc1_MaxEffGini.dzn,SATISFIED,1201.4505656119436,2020,1634306,1644764,8134,1636628,-43882,226848664,0.374,minimize,0.0,143,143,6100,-419858184,4100,18252,-43882,1060586,1198.108,8132,283599,1.88922,0.0,8000,283599,MaxEff_dcmp,3.16,2100,0,10162,218.41,4000
Chuffed Dcmp,jobshop,jobshop/jobshop_gini.mzn,jobshop/dzn/ta58_3a_alloc1.dzn:jobshop/generated_bounds/MaxEffGini/ta58_3a_alloc1_MaxEffGini.dzn,SATISFIED,1200.6330609284341,763,3457536,332015,3063,328950,-16354,278285198,0.145,minimize,0.0,66,66,2300,1381692860,1550,6876,-16354,2688983,1199.216,3061,717829,0.781713,0.0,3000,717829,MaxEff_dcmp,0.94,800,0,3833,8.015,1500
Chuffed Dcmp,jobshop,jobshop/jobshop_gini.mzn,jobshop/dzn/ta67_3a_alloc1.dzn:jobshop/generated_bounds/MaxEffGini/ta67_3a_alloc1_MaxEffGini.dzn,SATISFIED,1200.720482248813,1010,1538955,417481,4056,413423,-18895,294222080,0.188,minimize,0.0,52,52,3050,997592406,2050,9124,-18895,1037654,1198.942,4054,448267,1.05736,0.0,4000,448267,MaxEff_dcmp,1.41,1050,0,5074,34.384,2000
Chuffed Dcmp,jobshop,jobshop/jobshop_gini.mzn,jobshop/dzn/ta77_9a_alloc1.dzn:jobshop/generated_bounds/MaxEffGini/ta77_9a_alloc1_MaxEffGini.dzn,SATISFIED,1201.378717346117,2019,1680366,1330816,8173,1322641,-43562,196395294,0.39,minimize,0.0,96,96,6100,1485972246,4100,18291,-43562,1225002,1198.014,8171,260211,1.98479,0.0,8000,260211,MaxEff_dcmp,3.16,2100,0,10225,914.843,4000
Chuffed Dcmp,jobshop,jobshop/jobshop_gini.mzn,jobshop/dzn/ta74_8a_alloc1.dzn:jobshop/generated_bounds/MaxEffGini/ta74_8a_alloc1_MaxEffGini.dzn,SATISFIED,1201.6740944739431,,,,,,-47507,,,minimize,,,191,6100,,4100,18265,,,,8145,,1.88572,,8000,,MaxEff_dcmp,,2100,0,,,4000
