configuration,problem,model,data_file,status,time,peakDepth,nodes,variables,intVars,boolVariables,objective,propagations,initTime,method,baseMem,restarts,nSolutions,flatBoolVars,randomSeed,evaluatedHalfReifiedConstraints,flatIntConstraints,solver_objective,backjumps,solveTime,flatIntVars,nogoods,flatTime,peakMem,flatBoolConstraints,failures,run,trailMem,eliminatedImplications,paths,propagators,optTime,evaluatedReifiedConstraints
Chuffed BBval,jobshop,jobshop/jobshop.mzn,jobshop/dzn/ta79_5a_alloc1.dzn:jobshop/generated_bounds/MaxEffSpread/ta79_5a_alloc1_MaxEffSpread.dzn,SATISFIED,1201.3697184883058,2021,1692905,1383165,8086,1375077,-44118,210746222,0.387,minimize,0.0,130,130,6100,999904558,4100,18206,-44118,1132694,1198.011,8085,296516,1.98602,0.0,8000,296516,MaxEff,3.16,2100,0,10090,267.565,4000
Chuffed Prop,jobshop,jobshop/jobshop.mzn,jobshop/dzn/ta42_3a_alloc1.dzn:jobshop/generated_bounds/MaxEffSpread/ta42_3a_alloc1_MaxEffSpread.dzn,SATISFIED,1200.4264620821923,,,,,,-10759,,,minimize,,,31,1830,,1230,5483,,,,2432,,0.648653,,2400,,MaxEff,,630,0,,,1200
Chuffed Prop,jobshop,jobshop/jobshop.mzn,jobshop/dzn/ta33_3a_alloc1.dzn:jobshop/generated_bounds/MaxEffSpread/ta33_3a_alloc1_MaxEffSpread.dzn,SATISFIED,1200.3908485975116,,,,,,-8977,,,minimize,,,55,1380,,930,4128,,,,1832,,0.511188,,1800,,MaxEff,,480,0,,,900
Chuffed BBval,jobshop,jobshop/jobshop.mzn,jobshop/dzn/ta58_5a_alloc1.dzn:jobshop/generated_bounds/MaxEffSpread/ta58_5a_alloc1_MaxEffSpread.dzn,SATISFIED,1200.6877746451646,763,2008422,360433,3056,357375,-17217,317857073,0.142,minimize,0.0,71,71,2300,-1028475620,1550,6871,-17217,1346028,1199.224,3055,607944,0.774002,0.0,3000,607944,MaxEff,0.94,800,0,3825,46.768,1500
Chuffed BBval,jobshop,jobshop/jobshop.mzn,jobshop/dzn/ta51_3a_alloc1.dzn:jobshop/generated_bounds/MaxEffSpread/ta51_3a_alloc1_MaxEffSpread.dzn,SATISFIED,1200.5682323910296,762,8616945,260733,3051,257680,-14399,200245001,0.139,minimize,0.0,72,72,2300,-872013150,1550,6866,-14399,6875164,1199.223,3050,1686458,0.775189,0.0,3000,1686458,MaxEff,0.63,800,0,3815,22.867,1500
Chuffed Prop,jobshop,jobshop/jobshop.mzn,jobshop/dzn/ta74_6a_alloc1.dzn:jobshop/generated_bounds/MaxEffSpread/ta74_6a_alloc1_MaxEffSpread.dzn,SATISFIED,1200.720705959946,,,,,,-45120,,,minimize,,,453,6100,,4100,18206,,,,8085,,1.89304,,8000,,MaxEff,,2100,0,,,4000
Chuffed BBval,jobshop,jobshop/jobshop.mzn,jobshop/dzn/ta49_3a_alloc1.dzn:jobshop/generated_bounds/MaxEffSpread/ta49_3a_alloc1_MaxEffSpread.dzn,SATISFIED,1200.5478613134474,610,2723446,220125,2431,217692,-9637,488741041,0.11,minimize,0.0,34,34,1830,347357360,1230,5481,-9637,2019003,1199.337,2430,683593,0.662551,0.0,2400,683593,MaxEff,0.94,630,0,3050,194.414,1200
Chuffed BBval,jobshop,jobshop/jobshop.mzn,jobshop/dzn/ta69_5a_alloc1.dzn:jobshop/generated_bounds/MaxEffSpread/ta69_5a_alloc1_MaxEffSpread.dzn,SATISFIED,1200.83896003291,1016,2692897,420711,4051,416658,-20727,245958237,0.188,minimize,0.0,75,75,3050,319188283,2050,9121,-20727,1985832,1198.994,4050,630580,1.01245,0.0,4000,630580,MaxEff,1.41,1050,0,5070,32.292,2000
Chuffed Prop,jobshop,jobshop/jobshop.mzn,jobshop/dzn/ta62_4a_alloc1.dzn:jobshop/generated_bounds/MaxEffSpread/ta62_4a_alloc1_MaxEffSpread.dzn,SATISFIED,1200.5223052408546,,,,,,-18319,,,minimize,,,67,3050,,2050,9120,,,,4049,,1.00912,,4000,,MaxEff,,1050,0,,,2000
Chuffed BBval,jobshop,jobshop/jobshop.mzn,jobshop/dzn/ta73_7a_alloc1.dzn:jobshop/generated_bounds/MaxEffSpread/ta73_7a_alloc1_MaxEffSpread.dzn,SATISFIED,1201.263680100441,2019,2634611,1155587,8092,1147493,-39518,609608900,0.384,minimize,0.0,144,144,6100,-484293928,4100,18212,-39518,2250026,1198.084,8091,93334,1.92405,0.0,8000,93334,MaxEff,2.11,2100,0,10102,961.063,4000
Chuffed Prop,jobshop,jobshop/jobshop.mzn,jobshop/dzn/ta39_3a_alloc1.dzn:jobshop/generated_bounds/MaxEffSpread/ta39_3a_alloc1_MaxEffSpread.dzn,SATISFIED,1200.3748746588826,,,,,,-8323,,,minimize,,,37,1380,,930,4125,,,,1829,,0.547572,,1800,,MaxEff,,480,0,,,900
Chuffed BB,jobshop,jobshop/jobshop.mzn,jobshop/dzn/ta79_9a_alloc1.dzn:jobshop/generated_bounds/MaxEffSpread/ta79_9a_alloc1_MaxEffSpread.dzn,SATISFIED,1201.5097832176834,2022,2168263,1752533,8090,1744441,-40761,377746736,0.387,minimize,0.0,234,234,6100,-1134109122,4100,18210,-40761,1535934,1198.077,8089,159345,1.93529,0.0,8000,159345,MaxEff,3.16,2100,0,10098,1101.405,4000
Chuffed BBval,jobshop,jobshop/jobshop.mzn,jobshop/dzn/ta39_3a_alloc1.dzn:jobshop/generated_bounds/MaxEffSpread/ta39_3a_alloc1_MaxEffSpread.dzn,SATISFIED,1200.5565269552171,457,1844291,182422,1830,180590,-8323,474153069,0.082,minimize,0.0,37,37,1380,-1479055258,930,4125,-8323,1054074,1199.511,1829,773171,0.488513,0.0,1800,773171,MaxEff,0.94,480,0,2293,119.796,900
Chuffed BB,jobshop,jobshop/jobshop.mzn,jobshop/dzn/ta47_2a_alloc1.dzn:jobshop/generated_bounds/MaxEffSpread/ta47_2a_alloc1_MaxEffSpread.dzn,OPTIMAL_SOLUTION,108.87278112769127,603,473155,247980,2431,245547,-9610,64223878,0.113,minimize,0.0,40,40,1830,1096360251,1230,5481,-9610,411645,107.765,2430,42664,0.608132,0.0,2400,42664,MaxEff,0.63,630,0,3050,82.94,1200
Chuffed Prop,jobshop,jobshop/jobshop.mzn,jobshop/dzn/ta50_2a_alloc1.dzn:jobshop/generated_bounds/MaxEffSpread/ta50_2a_alloc1_MaxEffSpread.dzn,SATISFIED,1200.4184409696609,,,,,,-9588,,,minimize,,,39,1830,,1230,5483,,,,2432,,0.648261,,2400,,MaxEff,,630,0,,,1200
Chuffed Prop,jobshop,jobshop/jobshop.mzn,jobshop/dzn/ta51_3a_alloc1.dzn:jobshop/generated_bounds/MaxEffSpread/ta51_3a_alloc1_MaxEffSpread.dzn,SATISFIED,1200.4219164662063,,,,,,-14399,,,minimize,,,72,2300,,1550,6866,,,,3050,,0.772068,,3000,,MaxEff,,800,0,,,1500
Chuffed Prop,jobshop,jobshop/jobshop.mzn,jobshop/dzn/ta61_3a_alloc1.dzn:jobshop/generated_bounds/MaxEffSpread/ta61_3a_alloc1_MaxEffSpread.dzn,SATISFIED,1200.507946010679,,,,,,-19606,,,minimize,,,90,3050,,2050,9115,,,,4044,,1.014829,,4000,,MaxEff,,1050,0,,,2000
Chuffed BBval,jobshop,jobshop/jobshop.mzn,jobshop/dzn/ta79_8a_alloc1.dzn:jobshop/generated_bounds/MaxEffSpread/ta79_8a_alloc1_MaxEffSpread.dzn,SATISFIED,1201.406507184729,2021,1695208,1414247,8089,1406156,-44118,210931907,0.387,minimize,0.0,147,147,6100,-581729009,4100,18209,-44118,1109510,1198.113,8088,287730,1.88816,0.0,8000,287730,MaxEff,3.16,2100,0,10096,220.465,4000
Chuffed BBval,jobshop,jobshop/jobshop.mzn,jobshop/dzn/ta77_7a_alloc1.dzn:jobshop/generated_bounds/MaxEffSpread/ta77_7a_alloc1_MaxEffSpread.dzn,SATISFIED,1201.0698897987604,2016,6203805,488925,8096,480827,-23235,808870221,0.392,minimize,0.0,60,60,6100,-1549427937,4100,18216,-23235,5817092,1198.071,8095,264534,1.92642,0.0,8000,264534,MaxEff,1.41,2100,0,10110,114.022,4000
Chuffed BB,jobshop,jobshop/jobshop.mzn,jobshop/dzn/ta46_3a_alloc1.dzn:jobshop/generated_bounds/MaxEffSpread/ta46_3a_alloc1_MaxEffSpread.dzn,SATISFIED,1200.5549339056015,608,2922834,235896,2433,233461,-10385,501901298,0.112,minimize,0.0,26,26,1830,-1600448085,1230,5483,-10385,2182143,1199.393,2432,724855,0.606408,0.0,2400,724855,MaxEff,0.94,630,0,3054,9.219,1200
Chuffed BBval,jobshop,jobshop/jobshop.mzn,jobshop/dzn/ta78_9a_alloc1.dzn:jobshop/generated_bounds/MaxEffSpread/ta78_9a_alloc1_MaxEffSpread.dzn,SATISFIED,1201.1750222444534,2019,3937352,709209,8091,701116,-29665,716840329,0.377,minimize,0.0,114,114,6100,-526893394,4100,18211,-29665,3548266,1198.113,8090,158094,1.88833,0.0,8000,158094,MaxEff,2.11,2100,0,10100,534.73,4000
Chuffed BBval,jobshop,jobshop/jobshop.mzn,jobshop/dzn/ta55_5a_alloc1.dzn:jobshop/generated_bounds/MaxEffSpread/ta55_5a_alloc1_MaxEffSpread.dzn,SATISFIED,1200.571670614183,762,7780782,195903,3050,192851,-12972,237890496,0.139,minimize,0.0,49,49,2300,1997093783,1550,6865,-12972,5945800,1199.215,3049,1797161,0.781975,0.0,3000,1797161,MaxEff,0.63,800,0,3813,2.558,1500
Chuffed Prop,jobshop,jobshop/jobshop.mzn,jobshop/dzn/ta71_9a_alloc1.dzn:jobshop/generated_bounds/MaxEffSpread/ta71_9a_alloc1_MaxEffSpread.dzn,SATISFIED,1200.638008799404,,,,,,-43360,,,minimize,,,235,6100,,4100,18214,,,,8093,,2.00223,,8000,,MaxEff,,2100,0,,,4000
Chuffed Prop,jobshop,jobshop/jobshop.mzn,jobshop/dzn/ta71_5a_alloc1.dzn:jobshop/generated_bounds/MaxEffSpread/ta71_5a_alloc1_MaxEffSpread.dzn,SATISFIED,1200.7300178986043,,,,,,-44232,,,minimize,,,345,6100,,4100,18210,,,,8089,,1.89709,,8000,,MaxEff,,2100,0,,,4000
Chuffed Prop,jobshop,jobshop/jobshop.mzn,jobshop/dzn/ta80_7a_alloc1.dzn:jobshop/generated_bounds/MaxEffSpread/ta80_7a_alloc1_MaxEffSpread.dzn,SATISFIED,1200.75676737912,,,,,,-40296,,,minimize,,,163,6100,,4100,18211,,,,8090,,1.88864,,8000,,MaxEff,,2100,0,,,4000
Chuffed Prop,jobshop,jobshop/jobshop.mzn,jobshop/dzn/ta68_4a_alloc1.dzn:jobshop/generated_bounds/MaxEffSpread/ta68_4a_alloc1_MaxEffSpread.dzn,SATISFIED,1200.4988914895803,,,,,,-17586,,,minimize,,,60,3050,,2050,9116,,,,4045,,1.01078,,4000,,MaxEff,,1050,0,,,2000
Chuffed Prop,jobshop,jobshop/jobshop.mzn,jobshop/dzn/ta57_3a_alloc1.dzn:jobshop/generated_bounds/MaxEffSpread/ta57_3a_alloc1_MaxEffSpread.dzn,SATISFIED,1200.4336329456419,,,,,,-14840,,,minimize,,,74,2300,,1550,6864,,,,3048,,0.774269,,3000,,MaxEff,,800,0,,,1500
Chuffed Prop,jobshop,jobshop/jobshop.mzn,jobshop/dzn/ta58_4a_alloc1.dzn:jobshop/generated_bounds/MaxEffSpread/ta58_4a_alloc1_MaxEffSpread.dzn,SATISFIED,1200.4332847967744,,,,,,-16400,,,minimize,,,65,2300,,1550,6870,,,,3054,,0.774835,,3000,,MaxEff,,800,0,,,1500
Chuffed BB,jobshop,jobshop/jobshop.mzn,jobshop/dzn/ta60_4a_alloc1.dzn:jobshop/generated_bounds/MaxEffSpread/ta60_4a_alloc1_MaxEffSpread.dzn,SATISFIED,1200.6532421838492,766,3178393,324937,3053,321882,-15124,290306585,0.137,minimize,0.0,78,78,2300,277676566,1550,6868,-15124,2287974,1199.239,3052,830563,0.762136,0.0,3000,830563,MaxEff,0.94,800,0,3819,582.57,1500
Chuffed BBval,jobshop,jobshop/jobshop.mzn,jobshop/dzn/ta66_3a_alloc1.dzn:jobshop/generated_bounds/MaxEffSpread/ta66_3a_alloc1_MaxEffSpread.dzn,SATISFIED,1200.7618989758193,1013,2033304,367160,4046,363112,-19501,291616832,0.185,minimize,0.0,51,51,3050,1953568067,2050,9116,-19501,1381977,1198.961,4045,599125,1.03698,0.0,4000,599125,MaxEff,0.94,1050,0,5060,940.622,2000
Chuffed BB,jobshop,jobshop/jobshop.mzn,jobshop/dzn/ta42_2a_alloc1.dzn:jobshop/generated_bounds/MaxEffSpread/ta42_2a_alloc1_MaxEffSpread.dzn,SATISFIED,1200.5884104128927,610,3069431,269934,2432,267500,-10109,551262863,0.113,minimize,0.0,29,29,1830,-333046938,1230,5482,-10109,2523430,1199.392,2431,528642,0.608165,0.0,2400,528642,MaxEff,0.94,630,0,3052,565.039,1200
Chuffed Prop,jobshop,jobshop/jobshop.mzn,jobshop/dzn/ta56_3a_alloc1.dzn:jobshop/generated_bounds/MaxEffSpread/ta56_3a_alloc1_MaxEffSpread.dzn,SATISFIED,1200.4441533200443,,,,,,-15896,,,minimize,,,61,2300,,1550,6862,,,,3046,,0.769933,,3000,,MaxEff,,800,0,,,1500
Chuffed BBval,jobshop,jobshop/jobshop.mzn,jobshop/dzn/ta77_5a_alloc1.dzn:jobshop/generated_bounds/MaxEffSpread/ta77_5a_alloc1_MaxEffSpread.dzn,SATISFIED,1201.1949864197522,2018,2747563,1001879,8094,993783,-32950,549695120,0.387,minimize,0.0,163,163,6100,1300484236,4100,18214,-32950,2315287,1198.044,8093,102535,1.97587,0.0,8000,102535,MaxEff,2.11,2100,0,10106,885.191,4000
Chuffed BB,jobshop,jobshop/jobshop.mzn,jobshop/dzn/ta65_4a_alloc1.dzn:jobshop/generated_bounds/MaxEffSpread/ta65_4a_alloc1_MaxEffSpread.dzn,SATISFIED,1200.7746349722147,1014,3813813,346499,4047,342450,-17892,325865606,0.19,minimize,0.0,58,58,3050,704076851,2050,9117,-17892,2872421,1198.989,4046,882000,1.008219,0.0,4000,882000,MaxEff,1.41,1050,0,5062,733.537,2000
Chuffed Prop,jobshop,jobshop/jobshop.mzn,jobshop/dzn/ta45_2a_alloc1.dzn:jobshop/generated_bounds/MaxEffSpread/ta45_2a_alloc1_MaxEffSpread.dzn,SATISFIED,1200.4689007252455,,,,,,-10893,,,minimize,,,27,1830,,1230,5478,,,,2427,,0.646078,,2400,,MaxEff,,630,0,,,1200
Chuffed BB,jobshop,jobshop/jobshop.mzn,jobshop/dzn/ta75_6a_alloc1.dzn:jobshop/generated_bounds/MaxEffSpread/ta75_6a_alloc1_MaxEffSpread.dzn,SATISFIED,1201.4495586957783,2020,1984030,1671044,8085,1662957,-43682,182971624,0.384,minimize,0.0,183,183,6100,1521663656,4100,18205,-43682,1231220,1198.114,8084,382356,1.88482,0.0,8000,382356,MaxEff,3.16,2100,0,10088,948.2,4000
Chuffed Prop,jobshop,jobshop/jobshop.mzn,jobshop/dzn/ta77_5a_alloc1.dzn:jobshop/generated_bounds/MaxEffSpread/ta77_5a_alloc1_MaxEffSpread.dzn,SATISFIED,1200.6914862897247,,,,,,-40918,,,minimize,,,288,6100,,4100,18214,,,,8093,,1.90582,,8000,,MaxEff,,2100,0,,,4000
Chuffed Prop,jobshop,jobshop/jobshop.mzn,jobshop/dzn/ta78_7a_alloc1.dzn:jobshop/generated_bounds/MaxEffSpread/ta78_7a_alloc1_MaxEffSpread.dzn,SATISFIED,1200.6876036636531,,,,,,-42811,,,minimize,,,173,6100,,4100,18209,,,,8088,,1.8905,,8000,,MaxEff,,2100,0,,,4000
Chuffed Prop,jobshop,jobshop/jobshop.mzn,jobshop/dzn/ta72_5a_alloc1.dzn:jobshop/generated_bounds/MaxEffSpread/ta72_5a_alloc1_MaxEffSpread.dzn,SATISFIED,1200.6924959477037,,,,,,-44181,,,minimize,,,149,6100,,4100,18207,,,,8086,,1.90945,,8000,,MaxEff,,2100,0,,,4000
Chuffed BBval,jobshop,jobshop/jobshop.mzn,jobshop/dzn/ta71_9a_alloc1.dzn:jobshop/generated_bounds/MaxEffSpread/ta71_9a_alloc1_MaxEffSpread.dzn,SATISFIED,1201.3242930416018,2018,2854521,1520362,8094,1512266,-42420,522656736,0.382,minimize,0.0,229,229,6100,-1436215744,4100,18214,-42420,2285456,1198.031,8093,106905,1.97038,0.0,8000,106905,MaxEff,3.16,2100,0,10106,678.247,4000
Chuffed BBval,jobshop,jobshop/jobshop.mzn,jobshop/dzn/ta43_2a_alloc1.dzn:jobshop/generated_bounds/MaxEffSpread/ta43_2a_alloc1_MaxEffSpread.dzn,SATISFIED,1200.5485492069274,607,3713369,281936,2426,279508,-9869,624703040,0.109,minimize,0.0,35,35,1830,-1201018111,1230,5476,-9869,3323260,1199.353,2425,369825,0.647186,0.0,2400,369825,MaxEff,0.94,630,0,3040,1032.267,1200
Chuffed BBval,jobshop,jobshop/jobshop.mzn,jobshop/dzn/ta72_5a_alloc1.dzn:jobshop/generated_bounds/MaxEffSpread/ta72_5a_alloc1_MaxEffSpread.dzn,SATISFIED,1201.3268439546227,2018,1833390,1512554,8087,1504465,-44181,183046312,0.372,minimize,0.0,149,149,6100,-845887925,4100,18207,-44181,1228556,1198.075,8086,303234,1.92831,0.0,8000,303234,MaxEff,3.16,2100,0,10092,420.188,4000
Chuffed BBval,jobshop,jobshop/jobshop.mzn,jobshop/dzn/ta32_3a_alloc1.dzn:jobshop/generated_bounds/MaxEffSpread/ta32_3a_alloc1_MaxEffSpread.dzn,SATISFIED,1200.5405011679977,459,3108772,239626,1833,237791,-8801,437198393,0.085,minimize,0.0,50,50,1380,-1034886819,930,4128,-8801,2304768,1199.509,1832,781021,0.493145,0.0,1800,781021,MaxEff,0.63,480,0,2299,1051.29,900
Chuffed BB,jobshop,jobshop/jobshop.mzn,jobshop/dzn/ta75_7a_alloc1.dzn:jobshop/generated_bounds/MaxEffSpread/ta75_7a_alloc1_MaxEffSpread.dzn,SATISFIED,1201.3217265550047,2020,1639514,1360731,8086,1352643,-44353,195598833,0.378,minimize,0.0,129,129,6100,1455624690,4100,18206,-44353,1007040,1198.127,8085,370967,1.87307,0.0,8000,370967,MaxEff,3.16,2100,0,10090,61.285,4000
Chuffed Prop,jobshop,jobshop/jobshop.mzn,jobshop/dzn/ta37_2a_alloc1.dzn:jobshop/generated_bounds/MaxEffSpread/ta37_2a_alloc1_MaxEffSpread.dzn,SATISFIED,1200.39890518412,,,,,,-8284,,,minimize,,,28,1380,,930,4128,,,,1832,,0.509317,,1800,,MaxEff,,480,0,,,900
Chuffed BB,jobshop,jobshop/jobshop.mzn,jobshop/dzn/ta56_4a_alloc1.dzn:jobshop/generated_bounds/MaxEffSpread/ta56_4a_alloc1_MaxEffSpread.dzn,SATISFIED,1200.611424220726,765,4873175,284021,3048,280971,-14109,268335089,0.145,minimize,0.0,68,68,2300,-1799299223,1550,6863,-14109,3714624,1199.228,3047,1106166,0.77195,0.0,3000,1106166,MaxEff,0.94,800,0,3809,22.456,1500
Chuffed Prop,jobshop,jobshop/jobshop.mzn,jobshop/dzn/ta74_9a_alloc1.dzn:jobshop/generated_bounds/MaxEffSpread/ta74_9a_alloc1_MaxEffSpread.dzn,SATISFIED,1200.7590978797525,,,,,,-46152,,,minimize,,,213,6100,,4100,18209,,,,8088,,1.88838,,8000,,MaxEff,,2100,0,,,4000
Chuffed BB,jobshop,jobshop/jobshop.mzn,jobshop/dzn/ta41_3a_alloc1.dzn:jobshop/generated_bounds/MaxEffSpread/ta41_3a_alloc1_MaxEffSpread.dzn,SATISFIED,1200.6430929806083,609,3431022,292053,2433,289618,-11012,470961821,0.114,minimize,0.0,46,46,1830,642037790,1230,5483,-11012,2962045,1199.406,2432,442220,0.611942,0.0,2400,442220,MaxEff,0.94,630,0,3054,476.857,1200
Chuffed BBval,jobshop,jobshop/jobshop.mzn,jobshop/dzn/ta75_8a_alloc1.dzn:jobshop/generated_bounds/MaxEffSpread/ta75_8a_alloc1_MaxEffSpread.dzn,SATISFIED,1201.1966379079968,2017,3342016,857962,8087,849873,-30803,657207157,0.373,minimize,0.0,117,117,6100,-882710361,4100,18207,-30803,2971773,1198.099,8086,133472,1.90419,0.0,8000,133472,MaxEff,2.11,2100,0,10092,653.936,4000
Chuffed BBval,jobshop,jobshop/jobshop.mzn,jobshop/dzn/ta36_2a_alloc1.dzn:jobshop/generated_bounds/MaxEffSpread/ta36_2a_alloc1_MaxEffSpread.dzn,SATISFIED,1200.5201324280351,460,3610046,186529,1833,184694,-8472,386740589,0.084,minimize,0.0,31,31,1380,-865897996,930,4128,-8472,2633254,1199.479,1832,962375,0.520202,0.0,1800,962375,MaxEff,0.63,480,0,2299,1155.882,900
Chuffed Prop,jobshop,jobshop/jobshop.mzn,jobshop/dzn/ta35_3a_alloc1.dzn:jobshop/generated_bounds/MaxEffSpread/ta35_3a_alloc1_MaxEffSpread.dzn,SATISFIED,1200.43945774436,,,,,,-7830,,,minimize,,,60,1380,,930,4126,,,,1830,,0.512417,,1800,,MaxEff,,480,0,,,900
Chuffed BB,jobshop,jobshop/jobshop.mzn,jobshop/dzn/ta76_6a_alloc1.dzn:jobshop/generated_bounds/MaxEffSpread/ta76_6a_alloc1_MaxEffSpread.dzn,SATISFIED,1201.4535964503884,2021,2662513,1427019,8086,1418931,-43268,161762387,0.387,minimize,0.0,177,177,6100,1546636290,4100,18206,-43268,1904017,1198.105,8085,399972,1.89495,0.0,8000,399972,MaxEff,3.16,2100,0,10090,733.919,4000
Chuffed BB,jobshop,jobshop/jobshop.mzn,jobshop/dzn/ta67_5a_alloc1.dzn:jobshop/generated_bounds/MaxEffSpread/ta67_5a_alloc1_MaxEffSpread.dzn,SATISFIED,1200.818516742438,1011,2956853,354709,4049,350658,-17895,287369200,0.187,minimize,0.0,52,52,3050,309354704,2050,9119,-17895,2267520,1198.987,4048,636171,1.01279,0.0,4000,636171,MaxEff,0.94,1050,0,5066,89.058,2000
Chuffed BBval,jobshop,jobshop/jobshop.mzn,jobshop/dzn/ta65_5a_alloc1.dzn:jobshop/generated_bounds/MaxEffSpread/ta65_5a_alloc1_MaxEffSpread.dzn,SATISFIED,1200.7530129775405,1013,2053967,350089,4048,346039,-18669,342172707,0.186,minimize,0.0,64,64,3050,-199311517,2050,9118,-18669,1254136,1198.939,4047,734460,1.05892,0.0,4000,734460,MaxEff,1.41,1050,0,5064,400.051,2000
Chuffed BB,jobshop,jobshop/jobshop.mzn,jobshop/dzn/ta72_5a_alloc1.dzn:jobshop/generated_bounds/MaxEffSpread/ta72_5a_alloc1_MaxEffSpread.dzn,SATISFIED,1201.4167584273964,2019,1827083,1513027,8087,1504938,-44181,181209690,0.385,minimize,0.0,149,149,6100,1243427686,4100,18207,-44181,1224410,1198.068,8086,300925,1.93241,0.0,8000,300925,MaxEff,3.16,2100,0,10092,428.011,4000
Chuffed Prop,jobshop,jobshop/jobshop.mzn,jobshop/dzn/ta46_3a_alloc1.dzn:jobshop/generated_bounds/MaxEffSpread/ta46_3a_alloc1_MaxEffSpread.dzn,SATISFIED,1200.4292044341564,,,,,,-10385,,,minimize,,,26,1830,,1230,5483,,,,2432,,0.653466,,2400,,MaxEff,,630,0,,,1200
Chuffed BBval,jobshop,jobshop/jobshop.mzn,jobshop/dzn/ta66_4a_alloc1.dzn:jobshop/generated_bounds/MaxEffSpread/ta66_4a_alloc1_MaxEffSpread.dzn,SATISFIED,1200.778611432761,1012,2146338,339040,4047,334991,-18688,287405051,0.189,minimize,0.0,46,46,3050,-1856270548,2050,9117,-18688,1511081,1198.991,4046,588097,1.007069,0.0,4000,588097,MaxEff,0.94,1050,0,5062,414.913,2000
Chuffed BB,jobshop,jobshop/jobshop.mzn,jobshop/dzn/ta36_3a_alloc1.dzn:jobshop/generated_bounds/MaxEffSpread/ta36_3a_alloc1_MaxEffSpread.dzn,SATISFIED,1200.549162965268,461,4328722,212449,1834,210613,-8278,401479204,0.088,minimize,0.0,29,29,1380,1720903947,930,4129,-8278,3246262,1199.507,1833,1068935,0.491173,0.0,1800,1068935,MaxEff,0.63,480,0,2301,1078.751,900
Chuffed BB,jobshop,jobshop/jobshop.mzn,jobshop/dzn/ta70_5a_alloc1.dzn:jobshop/generated_bounds/MaxEffSpread/ta70_5a_alloc1_MaxEffSpread.dzn,SATISFIED,1200.8116967808455,1014,3071870,350121,4046,346073,-19229,261860969,0.194,minimize,0.0,61,61,3050,1961230440,2050,9116,-19229,2362134,1198.983,4045,647354,1.01624,0.0,4000,647354,MaxEff,1.41,1050,0,5060,15.414,2000
Chuffed Prop,jobshop,jobshop/jobshop.mzn,jobshop/dzn/ta59_3a_alloc1.dzn:jobshop/generated_bounds/MaxEffSpread/ta59_3a_alloc1_MaxEffSpread.dzn,SATISFIED,1200.5725459828973,,,,,,-14640,,,minimize,,,60,2300,,1550,6864,,,,3048,,0.772932,,3000,,MaxEff,,800,0,,,1500
Chuffed Prop,jobshop,jobshop/jobshop.mzn,jobshop/dzn/ta73_10a_alloc1.dzn:jobshop/generated_bounds/MaxEffSpread/ta73_10a_alloc1_MaxEffSpread.dzn,SATISFIED,1200.61754893139,,,,,,-38883,,,minimize,,,258,6100,,4100,18215,,,,8094,,1.88143,,8000,,MaxEff,,2100,0,,,4000
Chuffed Prop,jobshop,jobshop/jobshop.mzn,jobshop/dzn/ta75_10a_alloc1.dzn:jobshop/generated_bounds/MaxEffSpread/ta75_10a_alloc1_MaxEffSpread.dzn,SATISFIED,1200.6748625580221,,,,,,-42970,,,minimize,,,144,6100,,4100,18209,,,,8088,,1.89325,,8000,,MaxEff,,2100,0,,,4000
Chuffed BB,jobshop,jobshop/jobshop.mzn,jobshop/dzn/ta69_5a_alloc1.dzn:jobshop/generated_bounds/MaxEffSpread/ta69_5a_alloc1_MaxEffSpread.dzn,SATISFIED,1200.7984459009022,1017,2825851,418621,4051,414568,-20727,246149327,0.187,minimize,0.0,75,75,3050,1279451232,2050,9121,-20727,2059783,1198.912,4050,689501,1.08914,0.0,4000,689501,MaxEff,1.41,1050,0,5070,33.137,2000
Chuffed BBval,jobshop,jobshop/jobshop.mzn,jobshop/dzn/ta31_3a_alloc1.dzn:jobshop/generated_bounds/MaxEffSpread/ta31_3a_alloc1_MaxEffSpread.dzn,SATISFIED,1200.5599651616067,459,3291933,191222,1830,189390,-8305,422444485,0.082,minimize,0.0,27,27,1380,769648117,930,4125,-8305,2322419,1199.508,1829,956983,0.489429,0.0,1800,956983,MaxEff,0.63,480,0,2293,1198.791,900
Chuffed Prop,jobshop,jobshop/jobshop.mzn,jobshop/dzn/ta79_9a_alloc1.dzn:jobshop/generated_bounds/MaxEffSpread/ta79_9a_alloc1_MaxEffSpread.dzn,SATISFIED,1200.6821615416557,,,,,,-41341,,,minimize,,,242,6100,,4100,18210,,,,8089,,1.92008,,8000,,MaxEff,,2100,0,,,4000
Chuffed Prop,jobshop,jobshop/jobshop.mzn,jobshop/dzn/ta74_10a_alloc1.dzn:jobshop/generated_bounds/MaxEffSpread/ta74_10a_alloc1_MaxEffSpread.dzn,SATISFIED,1200.6748059149832,,,,,,-44133,,,minimize,,,228,6100,,4100,18210,,,,8089,,1.87702,,8000,,MaxEff,,2100,0,,,4000
Chuffed BBval,jobshop,jobshop/jobshop.mzn,jobshop/dzn/ta43_3a_alloc1.dzn:jobshop/generated_bounds/MaxEffSpread/ta43_3a_alloc1_MaxEffSpread.dzn,SATISFIED,1200.5736715551466,606,3575327,297789,2427,295360,-9325,591926636,0.112,minimize,0.0,38,38,1830,-182618566,1230,5477,-9325,3215931,1199.336,2426,337864,0.662235,0.0,2400,337864,MaxEff,0.94,630,0,3042,798.801,1200
Chuffed BBval,jobshop,jobshop/jobshop.mzn,jobshop/dzn/ta53_5a_alloc1.dzn:jobshop/generated_bounds/MaxEffSpread/ta53_5a_alloc1_MaxEffSpread.dzn,SATISFIED,1200.5785891804844,765,3250839,241243,3051,238190,-15127,251234951,0.14,minimize,0.0,51,51,2300,-1854566304,1550,6866,-15127,2222570,1199.214,3050,988879,0.78405,0.0,3000,988879,MaxEff,0.94,800,0,3815,6.547,1500
Chuffed BB,jobshop,jobshop/jobshop.mzn,jobshop/dzn/ta76_10a_alloc1.dzn:jobshop/generated_bounds/MaxEffSpread/ta76_10a_alloc1_MaxEffSpread.dzn,SATISFIED,1201.4741901960224,2021,2299627,1589513,8090,1581421,-42420,385801286,0.387,minimize,0.0,233,233,6100,-375527064,4100,18210,-42420,1604592,1198.141,8089,224238,1.88937,0.0,8000,224238,MaxEff,3.16,2100,0,10098,1069.279,4000
Chuffed BB,jobshop,jobshop/jobshop.mzn,jobshop/dzn/ta75_10a_alloc1.dzn:jobshop/generated_bounds/MaxEffSpread/ta75_10a_alloc1_MaxEffSpread.dzn,SATISFIED,1201.3204121030867,2021,1732219,1375805,8089,1367714,-41717,610906588,0.378,minimize,0.0,134,134,6100,472255230,4100,18209,-41717,1400844,1198.116,8088,60437,1.89651,0.0,8000,60437,MaxEff,3.16,2100,0,10096,1124.82,4000
Chuffed BBval,jobshop,jobshop/jobshop.mzn,jobshop/dzn/ta67_5a_alloc1.dzn:jobshop/generated_bounds/MaxEffSpread/ta67_5a_alloc1_MaxEffSpread.dzn,SATISFIED,1200.7383583262563,1010,2981287,354458,4049,350407,-17895,289648239,0.188,minimize,0.0,52,52,3050,676328395,2050,9119,-17895,2320766,1198.979,4048,607430,1.0223,0.0,4000,607430,MaxEff,0.94,1050,0,5066,86.104,2000
Chuffed BB,jobshop,jobshop/jobshop.mzn,jobshop/dzn/ta72_9a_alloc1.dzn:jobshop/generated_bounds/MaxEffSpread/ta72_9a_alloc1_MaxEffSpread.dzn,SATISFIED,1201.3843347132206,2019,2049921,1516098,8091,1508005,-38730,509842351,0.378,minimize,0.0,189,189,6100,1814485410,4100,18211,-38730,1562124,1198.105,8090,105800,1.89444,0.0,8000,105800,MaxEff,3.16,2100,0,10100,1048.329,4000
Chuffed Prop,jobshop,jobshop/jobshop.mzn,jobshop/dzn/ta51_4a_alloc1.dzn:jobshop/generated_bounds/MaxEffSpread/ta51_4a_alloc1_MaxEffSpread.dzn,SATISFIED,1200.4323357548565,,,,,,-14795,,,minimize,,,56,2300,,1550,6867,,,,3051,,0.775097,,3000,,MaxEff,,800,0,,,1500
Chuffed BB,jobshop,jobshop/jobshop.mzn,jobshop/dzn/ta39_2a_alloc1.dzn:jobshop/generated_bounds/MaxEffSpread/ta39_2a_alloc1_MaxEffSpread.dzn,SATISFIED,1200.5426428727806,459,2568769,219238,1829,217407,-8091,401546257,0.082,minimize,0.0,36,36,1380,1184437285,930,4124,-8091,1698598,1199.51,1828,853529,0.488779,0.0,1800,853529,MaxEff,0.63,480,0,2291,336.963,900
Chuffed BB,jobshop,jobshop/jobshop.mzn,jobshop/dzn/ta37_2a_alloc1.dzn:jobshop/generated_bounds/MaxEffSpread/ta37_2a_alloc1_MaxEffSpread.dzn,SATISFIED,1200.5345248952508,462,3754603,167121,1833,165286,-8284,415941057,0.085,minimize,0.0,28,28,1380,624341006,930,4128,-8284,2697876,1199.514,1832,1043595,0.483625,0.0,1800,1043595,MaxEff,0.63,480,0,2299,228.36,900
Chuffed BBval,jobshop,jobshop/jobshop.mzn,jobshop/dzn/ta64_5a_alloc1.dzn:jobshop/generated_bounds/MaxEffSpread/ta64_5a_alloc1_MaxEffSpread.dzn,SATISFIED,1200.7633602023125,1016,7670758,443302,4040,439260,-17751,634427503,0.182,minimize,0.0,121,121,3050,-1438891394,2050,9110,-17751,6758791,1198.966,4039,788895,1.03111,0.0,4000,788895,MaxEff,0.94,1050,0,5048,705.195,2000
Chuffed BB,jobshop,jobshop/jobshop.mzn,jobshop/dzn/ta65_3a_alloc1.dzn:jobshop/generated_bounds/MaxEffSpread/ta65_3a_alloc1_MaxEffSpread.dzn,SATISFIED,1200.7714795228094,1014,2199114,348327,4046,344279,-18669,342217805,0.187,minimize,0.0,68,68,3050,613631984,2050,9116,-18669,1400384,1198.985,4045,729237,1.01357,0.0,4000,729237,MaxEff,1.41,1050,0,5060,320.648,2000
Chuffed BB,jobshop,jobshop/jobshop.mzn,jobshop/dzn/ta75_9a_alloc1.dzn:jobshop/generated_bounds/MaxEffSpread/ta75_9a_alloc1_MaxEffSpread.dzn,SATISFIED,1201.1508668847382,2017,3316562,685580,8088,677490,-22611,497628928,0.38,minimize,0.0,101,101,6100,-1872698400,4100,18208,-22611,2974179,1198.114,8087,137674,1.90091,0.0,8000,137674,MaxEff,1.41,2100,0,10094,1104.811,4000
Chuffed BBval,jobshop,jobshop/jobshop.mzn,jobshop/dzn/ta40_2a_alloc1.dzn:jobshop/generated_bounds/MaxEffSpread/ta40_2a_alloc1_MaxEffSpread.dzn,SATISFIED,1200.4932166524231,456,4626414,168375,1829,166544,-7212,439894862,0.083,minimize,0.0,22,22,1380,1468084885,930,4124,-7212,3441921,1199.517,1828,1174199,0.481353,0.0,1800,1174199,MaxEff,0.63,480,0,2291,366.251,900
Chuffed BB,jobshop,jobshop/jobshop.mzn,jobshop/dzn/ta74_10a_alloc1.dzn:jobshop/generated_bounds/MaxEffSpread/ta74_10a_alloc1_MaxEffSpread.dzn,SATISFIED,1201.4399519860744,2020,6321119,1677479,8090,1669387,-44133,221171176,0.385,minimize,0.0,228,228,6100,1622136903,4100,18210,-44133,5370300,1198.124,8089,489438,1.87663,0.0,8000,489438,MaxEff,3.16,2100,0,10098,276.469,4000
Chuffed BB,jobshop,jobshop/jobshop.mzn,jobshop/dzn/ta77_9a_alloc1.dzn:jobshop/generated_bounds/MaxEffSpread/ta77_9a_alloc1_MaxEffSpread.dzn,SATISFIED,1201.4394801855087,2020,1859190,1429032,8098,1420932,-43471,189802049,0.386,minimize,0.0,134,134,6100,-486953107,4100,18218,-43471,1311962,1198.101,8097,275513,1.89873,0.0,8000,275513,MaxEff,3.16,2100,0,10114,736.645,4000
Chuffed BBval,jobshop,jobshop/jobshop.mzn,jobshop/dzn/ta60_4a_alloc1.dzn:jobshop/generated_bounds/MaxEffSpread/ta60_4a_alloc1_MaxEffSpread.dzn,SATISFIED,1200.6646467912942,765,3825678,332334,3053,329279,-15124,293928951,0.14,minimize,0.0,78,78,2300,1639471524,1550,6868,-15124,2904119,1199.234,3052,861770,0.773156,0.0,3000,861770,MaxEff,0.94,800,0,3819,450.466,1500
Chuffed BBval,jobshop,jobshop/jobshop.mzn,jobshop/dzn/ta56_5a_alloc1.dzn:jobshop/generated_bounds/MaxEffSpread/ta56_5a_alloc1_MaxEffSpread.dzn,SATISFIED,1200.5995282232761,764,3879658,291209,3049,288158,-16020,228772314,0.142,minimize,0.0,73,73,2300,1370440385,1550,6864,-16020,2806032,1199.198,3048,1017519,0.800787,0.0,3000,1017519,MaxEff,0.94,800,0,3811,12.308,1500
Chuffed BBval,jobshop,jobshop/jobshop.mzn,jobshop/dzn/ta74_6a_alloc1.dzn:jobshop/generated_bounds/MaxEffSpread/ta74_6a_alloc1_MaxEffSpread.dzn,SATISFIED,1201.1194713842124,2014,7978723,583594,8086,575506,-20637,806965273,0.386,minimize,0.0,139,139,6100,419679077,4100,18206,-20637,7363344,1198.067,8085,334225,1.93228,0.0,8000,334225,MaxEff,1.41,2100,0,10090,972.77,4000
Chuffed BBval,jobshop,jobshop/jobshop.mzn,jobshop/dzn/ta80_7a_alloc1.dzn:jobshop/generated_bounds/MaxEffSpread/ta80_7a_alloc1_MaxEffSpread.dzn,SATISFIED,1201.3670945316553,2017,3727156,1426090,8091,1417997,-40296,270239506,0.377,minimize,0.0,163,163,6100,-1439199768,4100,18211,-40296,3032054,1198.097,8090,365284,1.90118,0.0,8000,365284,MaxEff,3.16,2100,0,10100,363.173,4000
Chuffed BBval,jobshop,jobshop/jobshop.mzn,jobshop/dzn/ta79_9a_alloc1.dzn:jobshop/generated_bounds/MaxEffSpread/ta79_9a_alloc1_MaxEffSpread.dzn,SATISFIED,1201.3586170561612,2020,2695593,1392786,8090,1384694,-38436,601083317,0.388,minimize,0.0,200,200,6100,1836879516,4100,18210,-38436,2200077,1198.09,8089,91230,1.90932,0.0,8000,91230,MaxEff,3.16,2100,0,10098,1149.047,4000
Chuffed Prop,jobshop,jobshop/jobshop.mzn,jobshop/dzn/ta72_7a_alloc1.dzn:jobshop/generated_bounds/MaxEffSpread/ta72_7a_alloc1_MaxEffSpread.dzn,SATISFIED,1200.7130228746682,,,,,,-40409,,,minimize,,,384,6100,,4100,18209,,,,8088,,1.96364,,8000,,MaxEff,,2100,0,,,4000
Chuffed Prop,jobshop,jobshop/jobshop.mzn,jobshop/dzn/ta60_5a_alloc1.dzn:jobshop/generated_bounds/MaxEffSpread/ta60_5a_alloc1_MaxEffSpread.dzn,SATISFIED,1200.4277839772403,,,,,,-13619,,,minimize,,,99,2300,,1550,6869,,,,3053,,0.77116,,3000,,MaxEff,,800,0,,,1500
Chuffed BB,jobshop,jobshop/jobshop.mzn,jobshop/dzn/ta38_2a_alloc1.dzn:jobshop/generated_bounds/MaxEffSpread/ta38_2a_alloc1_MaxEffSpread.dzn,SATISFIED,1200.4935138709843,461,2835668,164232,1832,162398,-7270,484239854,0.083,minimize,0.0,28,28,1380,-1751738206,930,4127,-7270,1833368,1199.509,1831,989477,0.489687,0.0,1800,989477,MaxEff,0.63,480,0,2297,436.044,900
Chuffed BB,jobshop,jobshop/jobshop.mzn,jobshop/dzn/ta49_2a_alloc1.dzn:jobshop/generated_bounds/MaxEffSpread/ta49_2a_alloc1_MaxEffSpread.dzn,SATISFIED,1200.6154208090156,610,2431459,241837,2430,239405,-10289,483992433,0.114,minimize,0.0,26,26,1830,541610962,1230,5480,-10289,1804277,1199.389,2429,611138,0.612264,0.0,2400,611138,MaxEff,0.94,630,0,3048,274.082,1200
Chuffed Prop,jobshop,jobshop/jobshop.mzn,jobshop/dzn/ta80_5a_alloc1.dzn:jobshop/generated_bounds/MaxEffSpread/ta80_5a_alloc1_MaxEffSpread.dzn,SATISFIED,1200.688921596855,,,,,,-42044,,,minimize,,,178,6100,,4100,18209,,,,8088,,1.87627,,8000,,MaxEff,,2100,0,,,4000
Chuffed BBval,jobshop,jobshop/jobshop.mzn,jobshop/dzn/ta74_9a_alloc1.dzn:jobshop/generated_bounds/MaxEffSpread/ta74_9a_alloc1_MaxEffSpread.dzn,SATISFIED,1201.4565330911428,2019,4888251,1872774,8089,1864683,-46152,196327445,0.378,minimize,0.0,213,213,6100,609725897,4100,18209,-46152,3921247,1198.119,8088,536174,1.87933,0.0,8000,536174,MaxEff,3.16,2100,0,10096,319.531,4000
Chuffed BB,jobshop,jobshop/jobshop.mzn,jobshop/dzn/ta66_5a_alloc1.dzn:jobshop/generated_bounds/MaxEffSpread/ta66_5a_alloc1_MaxEffSpread.dzn,SATISFIED,1200.7819960732013,1015,3190471,356050,4048,352000,-18662,258305473,0.196,minimize,0.0,68,68,3050,1914281335,2050,9118,-18662,2400413,1198.989,4047,720511,1.010559,0.0,4000,720511,MaxEff,0.94,1050,0,5064,555.85,2000
Chuffed BB,jobshop,jobshop/jobshop.mzn,jobshop/dzn/ta71_7a_alloc1.dzn:jobshop/generated_bounds/MaxEffSpread/ta71_7a_alloc1_MaxEffSpread.dzn,SATISFIED,1201.2655676994473,2018,2368950,1020968,8092,1012874,-33338,565272308,0.383,minimize,0.0,151,151,6100,434441819,4100,18212,-33338,1973396,1198.11,8091,90159,1.89247,0.0,8000,90159,MaxEff,2.11,2100,0,10102,272.189,4000
Chuffed BB,jobshop,jobshop/jobshop.mzn,jobshop/dzn/ta31_2a_alloc1.dzn:jobshop/generated_bounds/MaxEffSpread/ta31_2a_alloc1_MaxEffSpread.dzn,SATISFIED,1200.5066163949668,459,3295656,182058,1829,180227,-7729,459078541,0.084,minimize,0.0,22,22,1380,-1171281804,930,4124,-7729,2288087,1199.508,1828,997223,0.489176,0.0,1800,997223,MaxEff,0.94,480,0,2291,10.859,900
Chuffed BB,jobshop,jobshop/jobshop.mzn,jobshop/dzn/ta45_3a_alloc1.dzn:jobshop/generated_bounds/MaxEffSpread/ta45_3a_alloc1_MaxEffSpread.dzn,SATISFIED,1200.6287844423205,609,2489056,278378,2429,275947,-10778,463284088,0.111,minimize,0.0,32,32,1830,-1390610539,1230,5479,-10778,1836507,1199.388,2428,633452,0.610119,0.0,2400,633452,MaxEff,0.94,630,0,3046,443.186,1200
Chuffed Prop,jobshop,jobshop/jobshop.mzn,jobshop/dzn/ta44_3a_alloc1.dzn:jobshop/generated_bounds/MaxEffSpread/ta44_3a_alloc1_MaxEffSpread.dzn,SATISFIED,1200.4942612554878,,,,,,-10580,,,minimize,,,25,1830,,1230,5482,,,,2431,,0.646839,,2400,,MaxEff,,630,0,,,1200
Chuffed Prop,jobshop,jobshop/jobshop.mzn,jobshop/dzn/ta51_5a_alloc1.dzn:jobshop/generated_bounds/MaxEffSpread/ta51_5a_alloc1_MaxEffSpread.dzn,SATISFIED,1200.5007006321102,,,,,,-14933,,,minimize,,,70,2300,,1550,6868,,,,3052,,0.772156,,3000,,MaxEff,,800,0,,,1500
Chuffed BBval,jobshop,jobshop/jobshop.mzn,jobshop/dzn/ta71_5a_alloc1.dzn:jobshop/generated_bounds/MaxEffSpread/ta71_5a_alloc1_MaxEffSpread.dzn,SATISFIED,1201.2993386816233,2017,3787242,1267246,8090,1259154,-35589,588152996,0.382,minimize,0.0,284,284,6100,752143248,4100,18210,-35589,3076124,1198.13,8089,137956,1.88004,0.0,8000,137956,MaxEff,2.11,2100,0,10098,1134.012,4000
Chuffed BB,jobshop,jobshop/jobshop.mzn,jobshop/dzn/ta75_8a_alloc1.dzn:jobshop/generated_bounds/MaxEffSpread/ta75_8a_alloc1_MaxEffSpread.dzn,SATISFIED,1201.2363707516342,2018,2750077,1011131,8087,1003042,-31084,501863741,0.372,minimize,0.0,132,132,6100,276470466,4100,18207,-31084,2371663,1198.105,8086,111271,1.89489,0.0,8000,111271,MaxEff,2.11,2100,0,10092,724.232,4000
Chuffed Prop,jobshop,jobshop/jobshop.mzn,jobshop/dzn/ta53_3a_alloc1.dzn:jobshop/generated_bounds/MaxEffSpread/ta53_3a_alloc1_MaxEffSpread.dzn,SATISFIED,1200.4649263564497,,,,,,-15127,,,minimize,,,51,2300,,1550,6864,,,,3048,,0.76973,,3000,,MaxEff,,800,0,,,1500
Chuffed Prop,jobshop,jobshop/jobshop.mzn,jobshop/dzn/ta72_10a_alloc1.dzn:jobshop/generated_bounds/MaxEffSpread/ta72_10a_alloc1_MaxEffSpread.dzn,SATISFIED,1200.6357541307807,,,,,,-24897,,,minimize,,,97,6100,,4100,18212,,,,8091,,1.88742,,8000,,MaxEff,,2100,0,,,4000
Chuffed BBval,jobshop,jobshop/jobshop.mzn,jobshop/dzn/ta68_3a_alloc1.dzn:jobshop/generated_bounds/MaxEffSpread/ta68_3a_alloc1_MaxEffSpread.dzn,SATISFIED,1200.743290990591,1013,2174251,353253,4045,349206,-18468,290542277,0.189,minimize,0.0,53,53,3050,-2130235967,2050,9115,-18468,1492186,1198.99,4044,627922,1.008899,0.0,4000,627922,MaxEff,0.94,1050,0,5058,38.337,2000
Chuffed BBval,jobshop,jobshop/jobshop.mzn,jobshop/dzn/ta74_7a_alloc1.dzn:jobshop/generated_bounds/MaxEffSpread/ta74_7a_alloc1_MaxEffSpread.dzn,SATISFIED,1201.1436579469591,2017,3730367,786063,8087,777974,-30253,618986299,0.383,minimize,0.0,121,121,6100,601429235,4100,18207,-30253,3330582,1198.113,8086,154905,1.89374,0.0,8000,154905,MaxEff,2.11,2100,0,10092,246.264,4000
Chuffed BB,jobshop,jobshop/jobshop.mzn,jobshop/dzn/ta45_2a_alloc1.dzn:jobshop/generated_bounds/MaxEffSpread/ta45_2a_alloc1_MaxEffSpread.dzn,SATISFIED,1200.5848103296012,608,3061861,259331,2428,256901,-10893,435495938,0.113,minimize,0.0,27,27,1830,545790470,1230,5478,-10893,2433929,1199.387,2427,611633,0.614788,0.0,2400,611633,MaxEff,0.94,630,0,3044,138.625,1200
Chuffed BBval,jobshop,jobshop/jobshop.mzn,jobshop/dzn/ta80_10a_alloc1.dzn:jobshop/generated_bounds/MaxEffSpread/ta80_10a_alloc1_MaxEffSpread.dzn,SATISFIED,1201.3538509551436,2016,4832126,1542194,8094,1534098,-39808,654711205,0.381,minimize,0.0,219,219,6100,1306365441,4100,18214,-39808,4162561,1198.105,8093,226965,1.89342,0.0,8000,226965,MaxEff,3.16,2100,0,10106,1062.685999,4000
Chuffed Prop,jobshop,jobshop/jobshop.mzn,jobshop/dzn/ta52_4a_alloc1.dzn:jobshop/generated_bounds/MaxEffSpread/ta52_4a_alloc1_MaxEffSpread.dzn,SATISFIED,1200.5154356453568,,,,,,-16628,,,minimize,,,58,2300,,1550,6864,,,,3048,,0.767354,,3000,,MaxEff,,800,0,,,1500
Chuffed BBval,jobshop,jobshop/jobshop.mzn,jobshop/dzn/ta62_5a_alloc1.dzn:jobshop/generated_bounds/MaxEffSpread/ta62_5a_alloc1_MaxEffSpread.dzn,SATISFIED,1200.6588500887156,1011,20430896,240241,4051,236188,-14354,1164170067,0.187,minimize,0.0,54,54,3050,-1698929548,2050,9121,-14354,19404266,1198.989,4050,971515,1.00851,0.0,4000,971515,MaxEff,0.63,1050,0,5070,990.367,2000
Chuffed BB,jobshop,jobshop/jobshop.mzn,jobshop/dzn/ta48_2a_alloc1.dzn:jobshop/generated_bounds/MaxEffSpread/ta48_2a_alloc1_MaxEffSpread.dzn,SATISFIED,1200.5714353006333,609,3277469,259560,2431,257127,-10595,453557404,0.114,minimize,0.0,47,47,1830,1587745479,1230,5481,-10595,2716437,1199.392,2430,533098,0.605351,0.0,2400,533098,MaxEff,0.94,630,0,3050,478.073,1200
Chuffed BB,jobshop,jobshop/jobshop.mzn,jobshop/dzn/ta71_5a_alloc1.dzn:jobshop/generated_bounds/MaxEffSpread/ta71_5a_alloc1_MaxEffSpread.dzn,SATISFIED,1201.5086413770914,2018,2788908,1794067,8090,1785975,-44232,242297086,0.381,minimize,0.0,345,345,6100,1648569150,4100,18210,-44232,1757169,1198.109,8089,334851,1.89338,0.0,8000,334851,MaxEff,3.16,2100,0,10098,747.233,4000
Chuffed BBval,jobshop,jobshop/jobshop.mzn,jobshop/dzn/ta56_4a_alloc1.dzn:jobshop/generated_bounds/MaxEffSpread/ta56_4a_alloc1_MaxEffSpread.dzn,SATISFIED,1200.6350448392332,764,6969966,291588,3048,288538,-14109,592541742,0.139,minimize,0.0,68,68,2300,-402676442,1550,6863,-14109,6120535,1199.234,3047,797095,0.763738,0.0,3000,797095,MaxEff,0.94,800,0,3809,621.258,1500
Chuffed BBval,jobshop,jobshop/jobshop.mzn,jobshop/dzn/ta38_2a_alloc1.dzn:jobshop/generated_bounds/MaxEffSpread/ta38_2a_alloc1_MaxEffSpread.dzn,SATISFIED,1200.4717698991299,460,2658939,164869,1832,163035,-7270,484445726,0.081,minimize,0.0,28,28,1380,452992869,930,4127,-7270,1712914,1199.509,1831,933226,0.489938,0.0,1800,933226,MaxEff,0.63,480,0,2297,419.24,900
Chuffed BB,jobshop,jobshop/jobshop.mzn,jobshop/dzn/ta51_5a_alloc1.dzn:jobshop/generated_bounds/MaxEffSpread/ta51_5a_alloc1_MaxEffSpread.dzn,SATISFIED,1200.5670499596745,764,6247840,226529,3053,223474,-14933,234210584,0.141,minimize,0.0,70,70,2300,-2071439612,1550,6868,-14933,4779657,1199.228,3052,1414357,0.768692,0.0,3000,1414357,MaxEff,0.94,800,0,3819,5.711,1500
Chuffed Prop,jobshop,jobshop/jobshop.mzn,jobshop/dzn/ta74_8a_alloc1.dzn:jobshop/generated_bounds/MaxEffSpread/ta74_8a_alloc1_MaxEffSpread.dzn,SATISFIED,1200.638410113752,,,,,,-46586,,,minimize,,,259,6100,,4100,18208,,,,8087,,1.88505,,8000,,MaxEff,,2100,0,,,4000
Chuffed BBval,jobshop,jobshop/jobshop.mzn,jobshop/dzn/ta54_3a_alloc1.dzn:jobshop/generated_bounds/MaxEffSpread/ta54_3a_alloc1_MaxEffSpread.dzn,SATISFIED,1200.6224982794374,762,2390786,317522,3051,314469,-15857,290210460,0.137,minimize,0.0,53,53,2300,1126500893,1550,6866,-15857,1756364,1199.192,3050,593684,0.806548,0.0,3000,593684,MaxEff,0.94,800,0,3815,6.666,1500
Chuffed BBval,jobshop,jobshop/jobshop.mzn,jobshop/dzn/ta48_3a_alloc1.dzn:jobshop/generated_bounds/MaxEffSpread/ta48_3a_alloc1_MaxEffSpread.dzn,SATISFIED,1200.568306369707,605,3528612,269716,2432,267282,-10438,477043859,0.109,minimize,0.0,32,32,1830,-1867542438,1230,5482,-10438,2988876,1199.336,2431,520717,0.664386,0.0,2400,520717,MaxEff,0.94,630,0,3052,395.466,1200
Chuffed BBval,jobshop,jobshop/jobshop.mzn,jobshop/dzn/ta36_3a_alloc1.dzn:jobshop/generated_bounds/MaxEffSpread/ta36_3a_alloc1_MaxEffSpread.dzn,SATISFIED,1200.5260811522603,460,4412017,213819,1834,211983,-8278,407518339,0.082,minimize,0.0,29,29,1380,77904437,930,4129,-8278,3319532,1199.509,1833,1078992,0.490165,0.0,1800,1078992,MaxEff,0.63,480,0,2301,1011.466,900
Chuffed BBval,jobshop,jobshop/jobshop.mzn,jobshop/dzn/ta37_3a_alloc1.dzn:jobshop/generated_bounds/MaxEffSpread/ta37_3a_alloc1_MaxEffSpread.dzn,SATISFIED,1200.559034127742,461,3460025,166419,1834,164583,-8284,402116796,0.086,minimize,0.0,30,30,1380,2100516200,930,4129,-8284,2406390,1199.508,1833,1039630,0.491203,0.0,1800,1039630,MaxEff,0.63,480,0,2301,179.243,900
Chuffed BBval,jobshop,jobshop/jobshop.mzn,jobshop/dzn/ta71_6a_alloc1.dzn:jobshop/generated_bounds/MaxEffSpread/ta71_6a_alloc1_MaxEffSpread.dzn,SATISFIED,1201.1527119614184,2017,3850113,806190,8091,798097,-31651,610750018,0.386,minimize,0.0,142,142,6100,-1483488179,4100,18211,-31651,3405226,1198.083,8090,157847,1.91724,0.0,8000,157847,MaxEff,2.11,2100,0,10100,950.355,4000
Chuffed Prop,jobshop,jobshop/jobshop.mzn,jobshop/dzn/ta37_3a_alloc1.dzn:jobshop/generated_bounds/MaxEffSpread/ta37_3a_alloc1_MaxEffSpread.dzn,SATISFIED,1200.4129843264818,,,,,,-8284,,,minimize,,,30,1380,,930,4129,,,,1833,,0.517024,,1800,,MaxEff,,480,0,,,900
Chuffed BBval,jobshop,jobshop/jobshop.mzn,jobshop/dzn/ta35_3a_alloc1.dzn:jobshop/generated_bounds/MaxEffSpread/ta35_3a_alloc1_MaxEffSpread.dzn,SATISFIED,1200.5386904347688,460,3926422,223644,1831,221811,-7830,427972387,0.081,minimize,0.0,60,60,1380,-2088540695,930,4126,-7830,2859819,1199.511,1830,1038996,0.489791,0.0,1800,1038996,MaxEff,0.94,480,0,2295,1133.963,900
Chuffed Prop,jobshop,jobshop/jobshop.mzn,jobshop/dzn/ta77_9a_alloc1.dzn:jobshop/generated_bounds/MaxEffSpread/ta77_9a_alloc1_MaxEffSpread.dzn,SATISFIED,1200.7394220754504,,,,,,-43471,,,minimize,,,134,6100,,4100,18218,,,,8097,,1.89621,,8000,,MaxEff,,2100,0,,,4000
Chuffed BB,jobshop,jobshop/jobshop.mzn,jobshop/dzn/ta79_6a_alloc1.dzn:jobshop/generated_bounds/MaxEffSpread/ta79_6a_alloc1_MaxEffSpread.dzn,SATISFIED,1201.2542508505285,2019,3645344,713812,8087,705723,-22636,526630897,0.381,minimize,0.0,119,119,6100,-457731113,4100,18207,-22636,3250623,1198.115,8086,153527,1.88428,0.0,8000,153527,MaxEff,1.41,2100,0,10092,1135.98,4000
Chuffed BBval,jobshop,jobshop/jobshop.mzn,jobshop/dzn/ta57_4a_alloc1.dzn:jobshop/generated_bounds/MaxEffSpread/ta57_4a_alloc1_MaxEffSpread.dzn,SATISFIED,1200.5937747508287,764,8968149,286659,3050,283607,-14881,337131877,0.14,minimize,0.0,77,77,2300,591671527,1550,6865,-14881,7306724,1199.194,3049,1602270,0.804917,0.0,3000,1602270,MaxEff,0.94,800,0,3813,140.149,1500
Chuffed Prop,jobshop,jobshop/jobshop.mzn,jobshop/dzn/ta48_3a_alloc1.dzn:jobshop/generated_bounds/MaxEffSpread/ta48_3a_alloc1_MaxEffSpread.dzn,SATISFIED,1200.4179994557053,,,,,,-10438,,,minimize,,,32,1830,,1230,5482,,,,2431,,0.646612,,2400,,MaxEff,,630,0,,,1200
Chuffed BB,jobshop,jobshop/jobshop.mzn,jobshop/dzn/ta39_3a_alloc1.dzn:jobshop/generated_bounds/MaxEffSpread/ta39_3a_alloc1_MaxEffSpread.dzn,SATISFIED,1200.5136351380497,458,1878643,182270,1830,180438,-8323,475442265,0.082,minimize,0.0,37,37,1380,1561004322,930,4125,-8323,1090412,1199.485,1829,771151,0.513032,0.0,1800,771151,MaxEff,0.94,480,0,2293,120.849,900
Chuffed BB,jobshop,jobshop/jobshop.mzn,jobshop/dzn/ta61_3a_alloc1.dzn:jobshop/generated_bounds/MaxEffSpread/ta61_3a_alloc1_MaxEffSpread.dzn,SATISFIED,1200.8271100074053,1015,2332473,417378,4045,413331,-19606,284090561,0.189,minimize,0.0,90,90,3050,-27851497,2050,9115,-19606,1707324,1198.988,4044,533379,1.01025,0.0,4000,533379,MaxEff,0.94,1050,0,5058,649.432,2000
Chuffed BBval,jobshop,jobshop/jobshop.mzn,jobshop/dzn/ta59_4a_alloc1.dzn:jobshop/generated_bounds/MaxEffSpread/ta59_4a_alloc1_MaxEffSpread.dzn,SATISFIED,1200.5671457666904,762,5518250,247952,3050,244900,-14550,260407807,0.137,minimize,0.0,65,65,2300,-823437765,1550,6865,-14550,4257631,1199.216,3049,1210751,0.782317,0.0,3000,1210751,MaxEff,0.94,800,0,3813,10.836,1500
Chuffed BBval,jobshop,jobshop/jobshop.mzn,jobshop/dzn/ta69_4a_alloc1.dzn:jobshop/generated_bounds/MaxEffSpread/ta69_4a_alloc1_MaxEffSpread.dzn,SATISFIED,1200.7896682526916,1016,2993935,432692,4050,428640,-21628,248924108,0.193,minimize,0.0,71,71,3050,941912850,2050,9120,-21628,2311417,1198.95,4049,609978,1.04928,0.0,4000,609978,MaxEff,1.41,1050,0,5068,812.525,2000
Chuffed BBval,jobshop,jobshop/jobshop.mzn,jobshop/dzn/ta73_8a_alloc1.dzn:jobshop/generated_bounds/MaxEffSpread/ta73_8a_alloc1_MaxEffSpread.dzn,SATISFIED,1201.028861939907,2013,11272974,385713,8093,377618,-15740,848386714,0.379,minimize,0.0,77,77,6100,-1106455178,4100,18213,-15740,10628593,1198.111,8092,488082,1.88824,0.0,8000,488082,MaxEff,0.94,2100,0,10104,683.189,4000
Chuffed BB,jobshop,jobshop/jobshop.mzn,jobshop/dzn/ta76_9a_alloc1.dzn:jobshop/generated_bounds/MaxEffSpread/ta76_9a_alloc1_MaxEffSpread.dzn,SATISFIED,1201.2535004410893,2020,3490221,908720,8089,900629,-27024,474372828,0.384,minimize,0.0,259,259,6100,1990423937,4100,18209,-27024,2839096,1198.11,8088,128213,1.88803,0.0,8000,128213,MaxEff,1.41,2100,0,10096,1176.864,4000
Chuffed BB,jobshop,jobshop/jobshop.mzn,jobshop/dzn/ta66_3a_alloc1.dzn:jobshop/generated_bounds/MaxEffSpread/ta66_3a_alloc1_MaxEffSpread.dzn,SATISFIED,1200.8199945762753,1014,2019945,367436,4046,363388,-19501,309104821,0.188,minimize,0.0,51,51,3050,364163452,2050,9116,-19501,1361129,1198.92,4045,606565,1.07768,0.0,4000,606565,MaxEff,0.94,1050,0,5060,896.077,2000
Chuffed BBval,jobshop,jobshop/jobshop.mzn,jobshop/dzn/ta76_9a_alloc1.dzn:jobshop/generated_bounds/MaxEffSpread/ta76_9a_alloc1_MaxEffSpread.dzn,SATISFIED,1201.0874968282878,2014,8660395,526131,8089,518040,-18262,750895537,0.384,minimize,0.0,144,144,6100,1986464050,4100,18209,-18262,7991135,1198.117,8088,378161,1.88589,0.0,8000,378161,MaxEff,0.94,2100,0,10096,1113.194,4000
Chuffed BBval,jobshop,jobshop/jobshop.mzn,jobshop/dzn/ta79_6a_alloc1.dzn:jobshop/generated_bounds/MaxEffSpread/ta79_6a_alloc1_MaxEffSpread.dzn,SATISFIED,1201.0630074553192,2017,6303732,498950,8087,490861,-20931,822400748,0.383,minimize,0.0,86,86,6100,-141106179,4100,18207,-20931,5864189,1198.075,8086,264975,1.92344,0.0,8000,264975,MaxEff,1.41,2100,0,10092,666.87,4000
Chuffed BBval,jobshop,jobshop/jobshop.mzn,jobshop/dzn/ta48_2a_alloc1.dzn:jobshop/generated_bounds/MaxEffSpread/ta48_2a_alloc1_MaxEffSpread.dzn,SATISFIED,1200.6281383223832,607,3215082,259450,2431,257017,-10595,458871018,0.111,minimize,0.0,47,47,1830,-1675922628,1230,5481,-10595,2671802,1199.346,2430,515467,0.652473,0.0,2400,515467,MaxEff,0.94,630,0,3050,484.833,1200
Chuffed Prop,jobshop,jobshop/jobshop.mzn,jobshop/dzn/ta78_8a_alloc1.dzn:jobshop/generated_bounds/MaxEffSpread/ta78_8a_alloc1_MaxEffSpread.dzn,SATISFIED,1200.5837414897978,,,,,,-25673,,,minimize,,,129,6100,,4100,18210,,,,8089,,1.88584,,8000,,MaxEff,,2100,0,,,4000
Chuffed BBval,jobshop,jobshop/jobshop.mzn,jobshop/dzn/ta67_4a_alloc1.dzn:jobshop/generated_bounds/MaxEffSpread/ta67_4a_alloc1_MaxEffSpread.dzn,SATISFIED,1200.7127008344978,1011,1922583,346326,4048,342276,-18538,309520672,0.181,minimize,0.0,49,49,3050,1053652014,2050,9118,-18538,1322636,1199.007,4047,549794,0.990587,0.0,4000,549794,MaxEff,1.41,1050,0,5064,5.872,2000
Chuffed BBval,jobshop,jobshop/jobshop.mzn,jobshop/dzn/ta75_9a_alloc1.dzn:jobshop/generated_bounds/MaxEffSpread/ta75_9a_alloc1_MaxEffSpread.dzn,SATISFIED,1201.0503112431616,2015,5626515,557838,8088,549748,-22392,752906702,0.378,minimize,0.0,86,86,6100,1402007293,4100,18208,-22392,5208456,1198.139,8087,243658,1.85938,0.0,8000,243658,MaxEff,1.41,2100,0,10094,1150.634,4000
Chuffed Prop,jobshop,jobshop/jobshop.mzn,jobshop/dzn/ta55_5a_alloc1.dzn:jobshop/generated_bounds/MaxEffSpread/ta55_5a_alloc1_MaxEffSpread.dzn,SATISFIED,1200.7113270014524,,,,,,-12972,,,minimize,,,49,2300,,1550,6865,,,,3049,,0.773269,,3000,,MaxEff,,800,0,,,1500
Chuffed BB,jobshop,jobshop/jobshop.mzn,jobshop/dzn/ta80_9a_alloc1.dzn:jobshop/generated_bounds/MaxEffSpread/ta80_9a_alloc1_MaxEffSpread.dzn,SATISFIED,1201.171616397798,2016,3423880,794322,8093,786227,-24789,524904497,0.373,minimize,0.0,163,163,6100,-1294071367,4100,18213,-24789,2952283,1198.115,8092,142164,1.88221,0.0,8000,142164,MaxEff,1.41,2100,0,10104,1159.648,4000
Chuffed BBval,jobshop,jobshop/jobshop.mzn,jobshop/dzn/ta68_4a_alloc1.dzn:jobshop/generated_bounds/MaxEffSpread/ta68_4a_alloc1_MaxEffSpread.dzn,SATISFIED,1200.7944372128695,1012,3947937,352490,4046,348442,-17586,464601413,0.185,minimize,0.0,60,60,3050,-1143060798,2050,9116,-17586,3311260,1198.989,4045,575374,1.00847,0.0,4000,575374,MaxEff,0.94,1050,0,5060,147.019,2000
Chuffed BB,jobshop,jobshop/jobshop.mzn,jobshop/dzn/ta74_8a_alloc1.dzn:jobshop/generated_bounds/MaxEffSpread/ta74_8a_alloc1_MaxEffSpread.dzn,SATISFIED,1201.4087327048182,2020,2129195,1456444,8088,1448354,-40495,526338872,0.387,minimize,0.0,190,190,6100,2017792408,4100,18208,-40495,1672253,1198.105,8087,72751,1.90215,0.0,8000,72751,MaxEff,3.16,2100,0,10094,540.498,4000
Chuffed BB,jobshop,jobshop/jobshop.mzn,jobshop/dzn/ta52_3a_alloc1.dzn:jobshop/generated_bounds/MaxEffSpread/ta52_3a_alloc1_MaxEffSpread.dzn,SATISFIED,1200.6374020706862,763,5393629,249298,3048,246248,-15141,217204347,0.142,minimize,0.0,52,52,2300,-238646028,1550,6863,-15141,4401810,1199.213,3047,951672,0.788239,0.0,3000,951672,MaxEff,0.94,800,0,3809,3.662,1500
Chuffed Prop,jobshop,jobshop/jobshop.mzn,jobshop/dzn/ta71_6a_alloc1.dzn:jobshop/generated_bounds/MaxEffSpread/ta71_6a_alloc1_MaxEffSpread.dzn,SATISFIED,1200.653904311359,,,,,,-32720,,,minimize,,,166,6100,,4100,18211,,,,8090,,1.88931,,8000,,MaxEff,,2100,0,,,4000
Chuffed BBval,jobshop,jobshop/jobshop.mzn,jobshop/dzn/ta57_5a_alloc1.dzn:jobshop/generated_bounds/MaxEffSpread/ta57_5a_alloc1_MaxEffSpread.dzn,SATISFIED,1200.5973193962127,764,7457355,313625,3051,310572,-15793,424593502,0.141,minimize,0.0,101,101,2300,-1677873884,1550,6866,-15793,6368380,1199.21,3050,1011656,0.788664,0.0,3000,1011656,MaxEff,0.94,800,0,3815,252.095,1500
Chuffed BB,jobshop,jobshop/jobshop.mzn,jobshop/dzn/ta53_3a_alloc1.dzn:jobshop/generated_bounds/MaxEffSpread/ta53_3a_alloc1_MaxEffSpread.dzn,SATISFIED,1200.6251552775502,766,3049236,240273,3049,237222,-15127,258318750,0.14,minimize,0.0,51,51,2300,-732590202,1550,6864,-15127,2029968,1199.229,3048,979848,0.768081,0.0,3000,979848,MaxEff,0.94,800,0,3811,16.623,1500
Chuffed BBval,jobshop,jobshop/jobshop.mzn,jobshop/dzn/ta46_3a_alloc1.dzn:jobshop/generated_bounds/MaxEffSpread/ta46_3a_alloc1_MaxEffSpread.dzn,SATISFIED,1200.6463328693062,607,2925988,236916,2433,234481,-10385,492090809,0.113,minimize,0.0,26,26,1830,1444333513,1230,5483,-10385,2230403,1199.346,2432,679790,0.652453,0.0,2400,679790,MaxEff,0.94,630,0,3054,8.857,1200
Chuffed BB,jobshop,jobshop/jobshop.mzn,jobshop/dzn/ta61_4a_alloc1.dzn:jobshop/generated_bounds/MaxEffSpread/ta61_4a_alloc1_MaxEffSpread.dzn,SATISFIED,1200.8389423694462,1015,2581737,454820,4046,450772,-19136,306936560,0.19,minimize,0.0,110,110,3050,1601941345,2050,9116,-19136,1966070,1198.958,4045,503666,1.04617,0.0,4000,503666,MaxEff,1.41,1050,0,5060,121.028,2000
Chuffed BBval,jobshop,jobshop/jobshop.mzn,jobshop/dzn/ta79_7a_alloc1.dzn:jobshop/generated_bounds/MaxEffSpread/ta79_7a_alloc1_MaxEffSpread.dzn,SATISFIED,1201.3715855963528,2021,1653409,1398868,8088,1390778,-44118,217985838,0.372,minimize,0.0,141,141,6100,-871848103,4100,18208,-44118,1077690,1198.053,8087,289834,1.95334,0.0,8000,289834,MaxEff,3.16,2100,0,10094,214.158,4000
Chuffed BBval,jobshop,jobshop/jobshop.mzn,jobshop/dzn/ta54_5a_alloc1.dzn:jobshop/generated_bounds/MaxEffSpread/ta54_5a_alloc1_MaxEffSpread.dzn,SATISFIED,1200.5382128525525,762,10354524,230528,3053,227473,-12519,903404536,0.136,minimize,0.0,69,69,2300,-663973340,1550,6868,-12519,9659062,1199.222,3052,642697,0.777885,0.0,3000,642697,MaxEff,0.63,800,0,3819,844.419,1500
Chuffed BBval,jobshop,jobshop/jobshop.mzn,jobshop/dzn/ta44_2a_alloc1.dzn:jobshop/generated_bounds/MaxEffSpread/ta44_2a_alloc1_MaxEffSpread.dzn,SATISFIED,1200.5859893262386,612,2478102,264690,2431,262257,-11710,451887552,0.114,minimize,0.0,32,32,1830,1602941344,1230,5481,-11710,1835507,1199.346,2430,622838,0.656947,0.0,2400,622838,MaxEff,0.94,630,0,3050,469.543,1200
Chuffed BB,jobshop,jobshop/jobshop.mzn,jobshop/dzn/ta80_7a_alloc1.dzn:jobshop/generated_bounds/MaxEffSpread/ta80_7a_alloc1_MaxEffSpread.dzn,SATISFIED,1201.3490406945348,2018,3709663,1419150,8091,1411057,-40296,183778810,0.381,minimize,0.0,163,163,6100,1000478888,4100,18211,-40296,2971680,1198.082,8090,408030,1.91752,0.0,8000,408030,MaxEff,3.16,2100,0,10100,144.839,4000
Chuffed Prop,jobshop,jobshop/jobshop.mzn,jobshop/dzn/ta62_3a_alloc1.dzn:jobshop/generated_bounds/MaxEffSpread/ta62_3a_alloc1_MaxEffSpread.dzn,SATISFIED,1200.5529911480844,,,,,,-19230,,,minimize,,,45,3050,,2050,9119,,,,4048,,1.01214,,4000,,MaxEff,,1050,0,,,2000
Chuffed BBval,jobshop,jobshop/jobshop.mzn,jobshop/dzn/ta55_4a_alloc1.dzn:jobshop/generated_bounds/MaxEffSpread/ta55_4a_alloc1_MaxEffSpread.dzn,SATISFIED,1200.5567122846842,762,5326817,212369,3049,209318,-12244,274528260,0.14,minimize,0.0,60,60,2300,-2083304162,1550,6864,-12244,3846411,1199.221,3048,1434181,0.776047,0.0,3000,1434181,MaxEff,0.63,800,0,3811,4.608,1500
Chuffed BB,jobshop,jobshop/jobshop.mzn,jobshop/dzn/ta72_10a_alloc1.dzn:jobshop/generated_bounds/MaxEffSpread/ta72_10a_alloc1_MaxEffSpread.dzn,SATISFIED,1201.1276560388505,2018,2970574,591940,8092,583846,-24437,678482634,0.381,minimize,0.0,87,87,6100,23700046,4100,18212,-24437,2673611,1198.123,8091,120436,1.8912,0.0,8000,120436,MaxEff,1.41,2100,0,10102,734.81,4000
Chuffed BBval,jobshop,jobshop/jobshop.mzn,jobshop/dzn/ta58_4a_alloc1.dzn:jobshop/generated_bounds/MaxEffSpread/ta58_4a_alloc1_MaxEffSpread.dzn,SATISFIED,1200.5673079956323,763,1967404,299933,3055,296876,-16400,273992146,0.141,minimize,0.0,65,65,2300,-137501471,1550,6870,-16400,1353422,1199.206,3054,564042,0.790442,0.0,3000,564042,MaxEff,0.94,800,0,3823,5.832,1500
Chuffed Prop,jobshop,jobshop/jobshop.mzn,jobshop/dzn/ta47_2a_alloc1.dzn:jobshop/generated_bounds/MaxEffSpread/ta47_2a_alloc1_MaxEffSpread.dzn,OPTIMAL_SOLUTION,97.4759564306587,602,469408,249105,2431,246672,-9610,62088059,0.114,minimize,0.0,40,40,1830,1772035085,1230,5481,-9610,407517,96.277,2430,43066,0.650524,0.0,2400,43066,MaxEff,0.63,630,0,3050,75.16,1200
Chuffed BBval,jobshop,jobshop/jobshop.mzn,jobshop/dzn/ta73_9a_alloc1.dzn:jobshop/generated_bounds/MaxEffSpread/ta73_9a_alloc1_MaxEffSpread.dzn,SATISFIED,1201.0754421651363,2016,6318808,509260,8094,501164,-23088,770937538,0.388,minimize,0.0,81,81,6100,-533645755,4100,18214,-23088,5880551,1198.038,8093,273803,1.95957,0.0,8000,273803,MaxEff,1.41,2100,0,10106,714.978,4000
Chuffed Prop,jobshop,jobshop/jobshop.mzn,jobshop/dzn/ta73_9a_alloc1.dzn:jobshop/generated_bounds/MaxEffSpread/ta73_9a_alloc1_MaxEffSpread.dzn,SATISFIED,1200.5699051003903,,,,,,-35841,,,minimize,,,254,6100,,4100,18214,,,,8093,,1.90497,,8000,,MaxEff,,2100,0,,,4000
Chuffed BBval,jobshop,jobshop/jobshop.mzn,jobshop/dzn/ta78_6a_alloc1.dzn:jobshop/generated_bounds/MaxEffSpread/ta78_6a_alloc1_MaxEffSpread.dzn,SATISFIED,1201.0740701239556,2017,6617934,586592,8088,578502,-23744,799598363,0.379,minimize,0.0,103,103,6100,360097599,4100,18208,-23744,6125865,1198.167,8087,283201,1.83655,0.0,8000,283201,MaxEff,1.41,2100,0,10094,1085.214,4000
Chuffed BB,jobshop,jobshop/jobshop.mzn,jobshop/dzn/ta53_5a_alloc1.dzn:jobshop/generated_bounds/MaxEffSpread/ta53_5a_alloc1_MaxEffSpread.dzn,SATISFIED,1200.6690596528351,766,3228738,240998,3051,237945,-15127,253084436,0.141,minimize,0.0,51,51,2300,167339943,1550,6866,-15127,2212944,1199.229,3050,976364,0.770073,0.0,3000,976364,MaxEff,0.94,800,0,3815,7.273,1500
Chuffed BB,jobshop,jobshop/jobshop.mzn,jobshop/dzn/ta77_6a_alloc1.dzn:jobshop/generated_bounds/MaxEffSpread/ta77_6a_alloc1_MaxEffSpread.dzn,SATISFIED,1201.30540558137,2020,1980453,1270803,8095,1262706,-41750,199321555,0.384,minimize,0.0,135,135,6100,894001754,4100,18215,-41750,1333641,1198.113,8094,372990,1.88458,0.0,8000,372990,MaxEff,3.16,2100,0,10108,1141.224,4000
Chuffed Prop,jobshop,jobshop/jobshop.mzn,jobshop/dzn/ta64_5a_alloc1.dzn:jobshop/generated_bounds/MaxEffSpread/ta64_5a_alloc1_MaxEffSpread.dzn,SATISFIED,1200.5268564913422,,,,,,-17751,,,minimize,,,121,3050,,2050,9110,,,,4039,,1.00755,,4000,,MaxEff,,1050,0,,,2000
Chuffed BB,jobshop,jobshop/jobshop.mzn,jobshop/dzn/ta42_3a_alloc1.dzn:jobshop/generated_bounds/MaxEffSpread/ta42_3a_alloc1_MaxEffSpread.dzn,SATISFIED,1200.5859755836427,609,3438651,281442,2433,279007,-10712,526830290,0.114,minimize,0.0,30,30,1830,1355985252,1230,5483,-10712,2990609,1199.388,2432,430228,0.611195,0.0,2400,430228,MaxEff,0.63,630,0,3054,513.08,1200
Chuffed BB,jobshop,jobshop/jobshop.mzn,jobshop/dzn/ta69_3a_alloc1.dzn:jobshop/generated_bounds/MaxEffSpread/ta69_3a_alloc1_MaxEffSpread.dzn,SATISFIED,1200.7940088305622,1017,2849202,417652,4049,413601,-21599,247467492,0.19,minimize,0.0,62,62,3050,1445016618,2050,9119,-21599,2173891,1198.998,4048,611883,1.00389,0.0,4000,611883,MaxEff,1.41,1050,0,5066,675.028,2000
Chuffed Prop,jobshop,jobshop/jobshop.mzn,jobshop/dzn/ta69_4a_alloc1.dzn:jobshop/generated_bounds/MaxEffSpread/ta69_4a_alloc1_MaxEffSpread.dzn,SATISFIED,1200.5021588392556,,,,,,-21628,,,minimize,,,71,3050,,2050,9120,,,,4049,,1.001409,,4000,,MaxEff,,1050,0,,,2000
Chuffed BBval,jobshop,jobshop/jobshop.mzn,jobshop/dzn/ta42_2a_alloc1.dzn:jobshop/generated_bounds/MaxEffSpread/ta42_2a_alloc1_MaxEffSpread.dzn,SATISFIED,1200.5725112687796,609,3321587,271769,2432,269335,-10109,549993194,0.11,minimize,0.0,29,29,1830,999690817,1230,5482,-10109,2786705,1199.357,2431,517559,0.641358,0.0,2400,517559,MaxEff,0.94,630,0,3052,610.597,1200
Chuffed BB,jobshop,jobshop/jobshop.mzn,jobshop/dzn/ta56_3a_alloc1.dzn:jobshop/generated_bounds/MaxEffSpread/ta56_3a_alloc1_MaxEffSpread.dzn,SATISFIED,1200.6574639808387,765,3500482,285672,3047,282623,-15896,257421280,0.141,minimize,0.0,61,61,2300,1334192220,1550,6862,-15896,2614031,1199.222,3046,839425,0.775965,0.0,3000,839425,MaxEff,0.94,800,0,3807,7.101,1500
Chuffed BBval,jobshop,jobshop/jobshop.mzn,jobshop/dzn/ta76_7a_alloc1.dzn:jobshop/generated_bounds/MaxEffSpread/ta76_7a_alloc1_MaxEffSpread.dzn,SATISFIED,1201.1399604305625,2020,3488458,874835,8087,866746,-32226,687159199,0.385,minimize,0.0,149,149,6100,-1385475005,4100,18207,-32226,3052668,1198.047,8086,134499,1.95282,0.0,8000,134499,MaxEff,2.11,2100,0,10092,1193.473,4000
Chuffed BB,jobshop,jobshop/jobshop.mzn,jobshop/dzn/ta79_8a_alloc1.dzn:jobshop/generated_bounds/MaxEffSpread/ta79_8a_alloc1_MaxEffSpread.dzn,SATISFIED,1201.3582614529878,2022,1716760,1414471,8089,1406380,-44118,207697084,0.388,minimize,0.0,147,147,6100,1541705266,4100,18209,-44118,1128283,1198.125,8088,290360,1.8737,0.0,8000,290360,MaxEff,3.16,2100,0,10096,226.397,4000
Chuffed BB,jobshop,jobshop/jobshop.mzn,jobshop/dzn/ta63_3a_alloc1.dzn:jobshop/generated_bounds/MaxEffSpread/ta63_3a_alloc1_MaxEffSpread.dzn,SATISFIED,1200.771769279614,1016,3307722,325790,4050,321738,-16919,277215347,0.186,minimize,0.0,51,51,3050,388150206,2050,9120,-16919,2524135,1198.987,4049,731195,1.01132,0.0,4000,731195,MaxEff,0.94,1050,0,5068,154.85,2000
Chuffed BBval,jobshop,jobshop/jobshop.mzn,jobshop/dzn/ta53_4a_alloc1.dzn:jobshop/generated_bounds/MaxEffSpread/ta53_4a_alloc1_MaxEffSpread.dzn,SATISFIED,1200.6796941328794,765,6433269,243641,3050,240589,-15213,230119306,0.14,minimize,0.0,60,60,2300,-1982316293,1550,6865,-15213,5153635,1199.229,3049,1233391,0.769386,0.0,3000,1233391,MaxEff,0.63,800,0,3813,4.712,1500
Chuffed Prop,jobshop,jobshop/jobshop.mzn,jobshop/dzn/ta36_2a_alloc1.dzn:jobshop/generated_bounds/MaxEffSpread/ta36_2a_alloc1_MaxEffSpread.dzn,SATISFIED,1200.307646298781,,,,,,-8472,,,minimize,,,31,1380,,930,4128,,,,1832,,0.513962,,1800,,MaxEff,,480,0,,,900
Chuffed Prop,jobshop,jobshop/jobshop.mzn,jobshop/dzn/ta53_5a_alloc1.dzn:jobshop/generated_bounds/MaxEffSpread/ta53_5a_alloc1_MaxEffSpread.dzn,SATISFIED,1200.4345893431455,,,,,,-15127,,,minimize,,,51,2300,,1550,6866,,,,3050,,0.773089,,3000,,MaxEff,,800,0,,,1500
Chuffed BB,jobshop,jobshop/jobshop.mzn,jobshop/dzn/ta57_4a_alloc1.dzn:jobshop/generated_bounds/MaxEffSpread/ta57_4a_alloc1_MaxEffSpread.dzn,SATISFIED,1200.6788107249886,765,7856104,281866,3050,278814,-14881,228536750,0.143,minimize,0.0,77,77,2300,1938860161,1550,6865,-14881,6267111,1199.214,3049,1529737,0.7843,0.0,3000,1529737,MaxEff,0.94,800,0,3813,35.662,1500
Chuffed Prop,jobshop,jobshop/jobshop.mzn,jobshop/dzn/ta79_10a_alloc1.dzn:jobshop/generated_bounds/MaxEffSpread/ta79_10a_alloc1_MaxEffSpread.dzn,SATISFIED,1200.6510526277125,,,,,,-29154,,,minimize,,,283,6100,,4100,18211,,,,8090,,1.8928,,8000,,MaxEff,,2100,0,,,4000
Chuffed BB,jobshop,jobshop/jobshop.mzn,jobshop/dzn/ta33_3a_alloc1.dzn:jobshop/generated_bounds/MaxEffSpread/ta33_3a_alloc1_MaxEffSpread.dzn,SATISFIED,1200.5381347239017,461,3172352,208575,1833,206740,-8977,445436615,0.085,minimize,0.0,55,55,1380,1007645615,930,4128,-8977,2199234,1199.507,1832,947685,0.491442,0.0,1800,947685,MaxEff,0.63,480,0,2299,334.274,900
Chuffed BB,jobshop,jobshop/jobshop.mzn,jobshop/dzn/ta35_3a_alloc1.dzn:jobshop/generated_bounds/MaxEffSpread/ta35_3a_alloc1_MaxEffSpread.dzn,SATISFIED,1200.5464352928102,461,4073091,217243,1831,215410,-7830,436275044,0.085,minimize,0.0,60,60,1380,1608563279,930,4126,-7830,2921989,1199.51,1830,1123446,0.489201,0.0,1800,1123446,MaxEff,0.94,480,0,2295,1111.629,900
Chuffed BBval,jobshop,jobshop/jobshop.mzn,jobshop/dzn/ta75_10a_alloc1.dzn:jobshop/generated_bounds/MaxEffSpread/ta75_10a_alloc1_MaxEffSpread.dzn,SATISFIED,1201.2386910859495,2018,2339175,1164348,8089,1156257,-40988,586598640,0.375,minimize,0.0,123,123,6100,-1660448917,4100,18209,-40988,2001602,1198.13,8088,88896,1.88125,0.0,8000,88896,MaxEff,3.16,2100,0,10096,155.473,4000
Chuffed Prop,jobshop,jobshop/jobshop.mzn,jobshop/dzn/ta58_3a_alloc1.dzn:jobshop/generated_bounds/MaxEffSpread/ta58_3a_alloc1_MaxEffSpread.dzn,SATISFIED,1200.435218244791,,,,,,-15650,,,minimize,,,76,2300,,1550,6869,,,,3053,,0.77054,,3000,,MaxEff,,800,0,,,1500
Chuffed BB,jobshop,jobshop/jobshop.mzn,jobshop/dzn/ta80_8a_alloc1.dzn:jobshop/generated_bounds/MaxEffSpread/ta80_8a_alloc1_MaxEffSpread.dzn,SATISFIED,1201.4053769428283,2018,1572000,1372364,8092,1364270,-41113,201770847,0.381,minimize,0.0,181,181,6100,-1292063144,4100,18212,-41113,852579,1197.997,8091,353320,2.01355,0.0,8000,353320,MaxEff,3.16,2100,0,10102,70.098,4000
Chuffed Prop,jobshop,jobshop/jobshop.mzn,jobshop/dzn/ta64_4a_alloc1.dzn:jobshop/generated_bounds/MaxEffSpread/ta64_4a_alloc1_MaxEffSpread.dzn,SATISFIED,1200.513585343957,,,,,,-18229,,,minimize,,,66,3050,,2050,9109,,,,4038,,1.00661,,4000,,MaxEff,,1050,0,,,2000
Chuffed BB,jobshop,jobshop/jobshop.mzn,jobshop/dzn/ta71_9a_alloc1.dzn:jobshop/generated_bounds/MaxEffSpread/ta71_9a_alloc1_MaxEffSpread.dzn,SATISFIED,1201.456919254735,2019,2953234,1642367,8094,1634271,-43360,340704366,0.393,minimize,0.0,235,235,6100,1990074432,4100,18214,-43360,2259431,1198.026,8093,218615,1.97311,0.0,8000,218615,MaxEff,3.16,2100,0,10106,670.45,4000
Chuffed BB,jobshop,jobshop/jobshop.mzn,jobshop/dzn/ta77_10a_alloc1.dzn:jobshop/generated_bounds/MaxEffSpread/ta77_10a_alloc1_MaxEffSpread.dzn,SATISFIED,1201.1368850115687,2018,3615869,628100,8099,619999,-24537,477008455,0.389,minimize,0.0,89,89,6100,1427754321,4100,18219,-24537,3282647,1198.085,8098,152555,1.91642,0.0,8000,152555,MaxEff,1.41,2100,0,10116,805.808,4000
Chuffed BB,jobshop,jobshop/jobshop.mzn,jobshop/dzn/ta58_5a_alloc1.dzn:jobshop/generated_bounds/MaxEffSpread/ta58_5a_alloc1_MaxEffSpread.dzn,SATISFIED,1200.6526927705854,764,1808878,358992,3056,355934,-17217,292535657,0.144,minimize,0.0,71,71,2300,-1060755319,1550,6871,-17217,1142036,1199.178,3055,612306,0.819666,0.0,3000,612306,MaxEff,0.94,800,0,3825,51.029,1500
Chuffed BB,jobshop,jobshop/jobshop.mzn,jobshop/dzn/ta44_2a_alloc1.dzn:jobshop/generated_bounds/MaxEffSpread/ta44_2a_alloc1_MaxEffSpread.dzn,SATISFIED,1200.6224571522325,613,2418392,264926,2431,262493,-11710,453407846,0.113,minimize,0.0,32,32,1830,-245247116,1230,5481,-11710,1767356,1199.389,2430,631235,0.609115,0.0,2400,631235,MaxEff,0.94,630,0,3050,465.291,1200
Chuffed Prop,jobshop,jobshop/jobshop.mzn,jobshop/dzn/ta78_9a_alloc1.dzn:jobshop/generated_bounds/MaxEffSpread/ta78_9a_alloc1_MaxEffSpread.dzn,SATISFIED,1200.595959642902,,,,,,-37204,,,minimize,,,187,6100,,4100,18211,,,,8090,,2.0285,,8000,,MaxEff,,2100,0,,,4000
Chuffed Prop,jobshop,jobshop/jobshop.mzn,jobshop/dzn/ta77_10a_alloc1.dzn:jobshop/generated_bounds/MaxEffSpread/ta77_10a_alloc1_MaxEffSpread.dzn,SATISFIED,1200.6195115856826,,,,,,-28279,,,minimize,,,166,6100,,4100,18219,,,,8098,,1.93671,,8000,,MaxEff,,2100,0,,,4000
Chuffed BB,jobshop,jobshop/jobshop.mzn,jobshop/dzn/ta63_5a_alloc1.dzn:jobshop/generated_bounds/MaxEffSpread/ta63_5a_alloc1_MaxEffSpread.dzn,SATISFIED,1200.8026387225837,1015,2661494,385726,4052,381672,-16625,323374776,0.187,minimize,0.0,94,94,3050,997322238,2050,9122,-16625,1878052,1198.989,4051,687665,1.014829,0.0,4000,687665,MaxEff,0.94,1050,0,5072,44.405,2000
Chuffed BB,jobshop,jobshop/jobshop.mzn,jobshop/dzn/ta74_6a_alloc1.dzn:jobshop/generated_bounds/MaxEffSpread/ta74_6a_alloc1_MaxEffSpread.dzn,SATISFIED,1201.5949181001633,2020,4756051,1976240,8086,1968152,-45120,171414001,0.387,minimize,0.0,453,453,6100,78940,4100,18206,-45120,3355176,1198.117,8085,485935,1.88235,0.0,8000,485935,MaxEff,3.16,2100,0,10090,352.748,4000
Chuffed BB,jobshop,jobshop/jobshop.mzn,jobshop/dzn/ta34_3a_alloc1.dzn:jobshop/generated_bounds/MaxEffSpread/ta34_3a_alloc1_MaxEffSpread.dzn,SATISFIED,1200.5415035411716,461,2837492,155979,1834,154143,-8217,535108844,0.085,minimize,0.0,25,25,1380,-1904331363,930,4129,-8217,1745146,1199.506,1833,1080610,0.492529,0.0,1800,1080610,MaxEff,0.94,480,0,2301,2.323,900
Chuffed BBval,jobshop,jobshop/jobshop.mzn,jobshop/dzn/ta49_2a_alloc1.dzn:jobshop/generated_bounds/MaxEffSpread/ta49_2a_alloc1_MaxEffSpread.dzn,SATISFIED,1200.5497195590287,609,2376141,226686,2430,224254,-10289,469281840,0.109,minimize,0.0,26,26,1830,-1668065164,1230,5480,-10289,1731478,1199.327,2429,628608,0.671232,0.0,2400,628608,MaxEff,0.94,630,0,3048,282.776,1200
Chuffed Prop,jobshop,jobshop/jobshop.mzn,jobshop/dzn/ta71_7a_alloc1.dzn:jobshop/generated_bounds/MaxEffSpread/ta71_7a_alloc1_MaxEffSpread.dzn,SATISFIED,1200.7458851914853,,,,,,-33458,,,minimize,,,162,6100,,4100,18212,,,,8091,,1.8942,,8000,,MaxEff,,2100,0,,,4000
Chuffed Prop,jobshop,jobshop/jobshop.mzn,jobshop/dzn/ta40_3a_alloc1.dzn:jobshop/generated_bounds/MaxEffSpread/ta40_3a_alloc1_MaxEffSpread.dzn,SATISFIED,1200.4032771252096,,,,,,-7215,,,minimize,,,20,1380,,930,4125,,,,1829,,0.50974,,1800,,MaxEff,,480,0,,,900
Chuffed BBval,jobshop,jobshop/jobshop.mzn,jobshop/dzn/ta70_5a_alloc1.dzn:jobshop/generated_bounds/MaxEffSpread/ta70_5a_alloc1_MaxEffSpread.dzn,SATISFIED,1200.7246877476573,1013,2951474,354183,4046,350135,-19229,280704622,0.186,minimize,0.0,61,61,3050,1120348054,2050,9116,-19229,2233521,1198.972,4045,655621,1.02529,0.0,4000,655621,MaxEff,0.94,1050,0,5060,16.007,2000
Chuffed BB,jobshop,jobshop/jobshop.mzn,jobshop/dzn/ta62_3a_alloc1.dzn:jobshop/generated_bounds/MaxEffSpread/ta62_3a_alloc1_MaxEffSpread.dzn,SATISFIED,1200.8064780402929,1013,2306982,371329,4049,367278,-19230,368153688,0.189,minimize,0.0,45,45,3050,119452504,2050,9119,-19230,1681451,1198.995,4048,579384,1.004629,0.0,4000,579384,MaxEff,0.94,1050,0,5066,4.585,2000
Chuffed Prop,jobshop,jobshop/jobshop.mzn,jobshop/dzn/ta78_10a_alloc1.dzn:jobshop/generated_bounds/MaxEffSpread/ta78_10a_alloc1_MaxEffSpread.dzn,SATISFIED,1200.6275968607515,,,,,,-40708,,,minimize,,,194,6100,,4100,18212,,,,8091,,1.88249,,8000,,MaxEff,,2100,0,,,4000
Chuffed BBval,jobshop,jobshop/jobshop.mzn,jobshop/dzn/ta60_5a_alloc1.dzn:jobshop/generated_bounds/MaxEffSpread/ta60_5a_alloc1_MaxEffSpread.dzn,SATISFIED,1200.6651806440204,764,6554904,274426,3054,271370,-13619,294577195,0.14,minimize,0.0,99,99,2300,-1105760661,1550,6869,-13619,4703983,1199.225,3053,1775108,0.772496,0.0,3000,1775108,MaxEff,0.63,800,0,3821,48.711,1500
Chuffed Prop,jobshop,jobshop/jobshop.mzn,jobshop/dzn/ta52_5a_alloc1.dzn:jobshop/generated_bounds/MaxEffSpread/ta52_5a_alloc1_MaxEffSpread.dzn,SATISFIED,1200.4295130949467,,,,,,-16112,,,minimize,,,50,2300,,1550,6865,,,,3049,,0.768542,,3000,,MaxEff,,800,0,,,1500
Chuffed Prop,jobshop,jobshop/jobshop.mzn,jobshop/dzn/ta75_7a_alloc1.dzn:jobshop/generated_bounds/MaxEffSpread/ta75_7a_alloc1_MaxEffSpread.dzn,SATISFIED,1200.6789881028235,,,,,,-44353,,,minimize,,,129,6100,,4100,18206,,,,8085,,1.89703,,8000,,MaxEff,,2100,0,,,4000
Chuffed BB,jobshop,jobshop/jobshop.mzn,jobshop/dzn/ta80_6a_alloc1.dzn:jobshop/generated_bounds/MaxEffSpread/ta80_6a_alloc1_MaxEffSpread.dzn,SATISFIED,1201.3942131940275,2018,2067900,1631736,8090,1623644,-37543,409391637,0.372,minimize,0.0,301,301,6100,86889567,4100,18210,-37543,1397844,1198.106,8089,62621,1.89136,0.0,8000,62621,MaxEff,3.16,2100,0,10098,1115.259,4000
Chuffed Prop,jobshop,jobshop/jobshop.mzn,jobshop/dzn/ta58_5a_alloc1.dzn:jobshop/generated_bounds/MaxEffSpread/ta58_5a_alloc1_MaxEffSpread.dzn,SATISFIED,1200.4060723204166,,,,,,-17217,,,minimize,,,71,2300,,1550,6871,,,,3055,,0.811192,,3000,,MaxEff,,800,0,,,1500
Chuffed BB,jobshop,jobshop/jobshop.mzn,jobshop/dzn/ta51_3a_alloc1.dzn:jobshop/generated_bounds/MaxEffSpread/ta51_3a_alloc1_MaxEffSpread.dzn,SATISFIED,1200.5662621688098,763,8733445,256369,3051,253316,-14399,200317650,0.141,minimize,0.0,72,72,2300,782810767,1550,6866,-14399,6965620,1199.233,3050,1712437,0.766017,0.0,3000,1712437,MaxEff,0.63,800,0,3815,14.905,1500
Chuffed BBval,jobshop,jobshop/jobshop.mzn,jobshop/dzn/ta75_7a_alloc1.dzn:jobshop/generated_bounds/MaxEffSpread/ta75_7a_alloc1_MaxEffSpread.dzn,SATISFIED,1201.3255478031933,2019,1624385,1361625,8086,1353537,-44353,189657884,0.38,minimize,0.0,129,129,6100,294930889,4100,18206,-44353,1010284,1198.086,8085,352752,1.9118,0.0,8000,352752,MaxEff,3.16,2100,0,10090,57.023,4000
Chuffed BB,jobshop,jobshop/jobshop.mzn,jobshop/dzn/ta79_7a_alloc1.dzn:jobshop/generated_bounds/MaxEffSpread/ta79_7a_alloc1_MaxEffSpread.dzn,SATISFIED,1201.3836396355182,2022,1627299,1399303,8088,1391213,-44118,208562883,0.389,minimize,0.0,141,141,6100,-1478364612,4100,18208,-44118,1061246,1197.999,8087,280039,2.000649,0.0,8000,280039,MaxEff,3.16,2100,0,10094,220.897,4000
Chuffed BB,jobshop,jobshop/jobshop.mzn,jobshop/dzn/ta50_2a_alloc1.dzn:jobshop/generated_bounds/MaxEffSpread/ta50_2a_alloc1_MaxEffSpread.dzn,SATISFIED,1200.5520117282867,602,3303699,284970,2433,282535,-9588,583015910,0.113,minimize,0.0,39,39,1830,-1006671075,1230,5483,-9588,2970406,1199.384,2432,312302,0.615487,0.0,2400,312302,MaxEff,0.63,630,0,3054,615.807,1200
Chuffed BBval,jobshop,jobshop/jobshop.mzn,jobshop/dzn/ta73_6a_alloc1.dzn:jobshop/generated_bounds/MaxEffSpread/ta73_6a_alloc1_MaxEffSpread.dzn,SATISFIED,1201.049662400037,2013,11998405,407875,8091,399782,-17261,865160399,0.39,minimize,0.0,65,65,6100,-2146589361,4100,18211,-17261,11338042,1198.05,8090,528121,1.94826,0.0,8000,528121,MaxEff,0.94,2100,0,10100,999.733,4000
Chuffed Prop,jobshop,jobshop/jobshop.mzn,jobshop/dzn/ta32_2a_alloc1.dzn:jobshop/generated_bounds/MaxEffSpread/ta32_2a_alloc1_MaxEffSpread.dzn,SATISFIED,1200.4222914762795,,,,,,-8832,,,minimize,,,36,1380,,930,4127,,,,1831,,0.545148,,1800,,MaxEff,,480,0,,,900
Chuffed Prop,jobshop,jobshop/jobshop.mzn,jobshop/dzn/ta60_3a_alloc1.dzn:jobshop/generated_bounds/MaxEffSpread/ta60_3a_alloc1_MaxEffSpread.dzn,SATISFIED,1200.4329965021461,,,,,,-14327,,,minimize,,,61,2300,,1550,6867,,,,3051,,0.771755,,3000,,MaxEff,,800,0,,,1500
Chuffed BBval,jobshop,jobshop/jobshop.mzn,jobshop/dzn/ta76_10a_alloc1.dzn:jobshop/generated_bounds/MaxEffSpread/ta76_10a_alloc1_MaxEffSpread.dzn,SATISFIED,1201.1523015592247,2019,3763298,864981,8090,856889,-30804,677284792,0.38,minimize,0.0,146,146,6100,-1160601860,4100,18210,-30804,3317817,1198.128,8089,150222,1.87602,0.0,8000,150222,MaxEff,2.11,2100,0,10098,858.045,4000
Chuffed BBval,jobshop,jobshop/jobshop.mzn,jobshop/dzn/ta61_3a_alloc1.dzn:jobshop/generated_bounds/MaxEffSpread/ta61_3a_alloc1_MaxEffSpread.dzn,SATISFIED,1200.7737794015557,1014,2318261,419186,4045,415139,-19606,283419091,0.185,minimize,0.0,90,90,3050,1657347433,2050,9115,-19606,1735870,1198.984,4044,490687,1.01567,0.0,4000,490687,MaxEff,0.94,1050,0,5058,766.136,2000
Chuffed BB,jobshop,jobshop/jobshop.mzn,jobshop/dzn/ta44_3a_alloc1.dzn:jobshop/generated_bounds/MaxEffSpread/ta44_3a_alloc1_MaxEffSpread.dzn,SATISFIED,1200.56639729999,612,2430329,241846,2432,239412,-10580,474260205,0.113,minimize,0.0,25,25,1830,773899531,1230,5482,-10580,1695975,1199.396,2431,718827,0.606528,0.0,2400,718827,MaxEff,0.94,630,0,3052,22.391,1200
Chuffed Prop,jobshop,jobshop/jobshop.mzn,jobshop/dzn/ta69_3a_alloc1.dzn:jobshop/generated_bounds/MaxEffSpread/ta69_3a_alloc1_MaxEffSpread.dzn,SATISFIED,1200.5106792394072,,,,,,-21599,,,minimize,,,62,3050,,2050,9119,,,,4048,,1.015949,,4000,,MaxEff,,1050,0,,,2000
Chuffed BBval,jobshop,jobshop/jobshop.mzn,jobshop/dzn/ta60_3a_alloc1.dzn:jobshop/generated_bounds/MaxEffSpread/ta60_3a_alloc1_MaxEffSpread.dzn,SATISFIED,1200.5841777808964,764,2969426,247588,3052,244534,-14327,312795939,0.14,minimize,0.0,61,61,2300,-257886170,1550,6867,-14327,1739252,1199.23,3051,1183286,0.769336,0.0,3000,1183286,MaxEff,0.94,800,0,3817,13.249,1500
Chuffed BBval,jobshop,jobshop/jobshop.mzn,jobshop/dzn/ta77_10a_alloc1.dzn:jobshop/generated_bounds/MaxEffSpread/ta77_10a_alloc1_MaxEffSpread.dzn,SATISFIED,1201.029885089025,2016,8529048,432114,8099,424013,-20272,943850083,0.379,minimize,0.0,63,63,6100,-1161092020,4100,18219,-20272,8019887,1198.106,8098,380835,1.89252,0.0,8000,380835,MaxEff,0.94,2100,0,10116,1034.718,4000
Chuffed Prop,jobshop,jobshop/jobshop.mzn,jobshop/dzn/ta77_6a_alloc1.dzn:jobshop/generated_bounds/MaxEffSpread/ta77_6a_alloc1_MaxEffSpread.dzn,SATISFIED,1200.7408562600613,,,,,,-40408,,,minimize,,,128,6100,,4100,18215,,,,8094,,1.87802,,8000,,MaxEff,,2100,0,,,4000
Chuffed BB,jobshop,jobshop/jobshop.mzn,jobshop/dzn/ta33_2a_alloc1.dzn:jobshop/generated_bounds/MaxEffSpread/ta33_2a_alloc1_MaxEffSpread.dzn,SATISFIED,1200.5466701481491,463,2809782,208252,1832,206418,-9438,450281255,0.085,minimize,0.0,31,31,1380,-726600143,930,4127,-9438,1885254,1199.516,1831,910125,0.486077,0.0,1800,910125,MaxEff,0.63,480,0,2297,419.794,900
Chuffed Prop,jobshop,jobshop/jobshop.mzn,jobshop/dzn/ta56_4a_alloc1.dzn:jobshop/generated_bounds/MaxEffSpread/ta56_4a_alloc1_MaxEffSpread.dzn,SATISFIED,1200.4316202830523,,,,,,-14109,,,minimize,,,68,2300,,1550,6863,,,,3047,,0.772521,,3000,,MaxEff,,800,0,,,1500
Chuffed Prop,jobshop,jobshop/jobshop.mzn,jobshop/dzn/ta80_6a_alloc1.dzn:jobshop/generated_bounds/MaxEffSpread/ta80_6a_alloc1_MaxEffSpread.dzn,SATISFIED,1200.6838051229715,,,,,,-39851,,,minimize,,,318,6100,,4100,18210,,,,8089,,1.89372,,8000,,MaxEff,,2100,0,,,4000
Chuffed BBval,jobshop,jobshop/jobshop.mzn,jobshop/dzn/ta53_3a_alloc1.dzn:jobshop/generated_bounds/MaxEffSpread/ta53_3a_alloc1_MaxEffSpread.dzn,SATISFIED,1200.571411345154,765,3054865,240192,3049,237141,-15127,259118187,0.137,minimize,0.0,51,51,2300,-1207125420,1550,6864,-15127,2032251,1199.227,3048,983235,0.77153,0.0,3000,983235,MaxEff,0.94,800,0,3811,16.178999,1500
Chuffed BBval,jobshop,jobshop/jobshop.mzn,jobshop/dzn/ta73_5a_alloc1.dzn:jobshop/generated_bounds/MaxEffSpread/ta73_5a_alloc1_MaxEffSpread.dzn,SATISFIED,1201.4327665641904,2019,3455784,1510052,8090,1501960,-43211,533487248,0.396,minimize,0.0,205,205,6100,1581574660,4100,18210,-43211,2873218,1198.011,8089,167798,1.98866,0.0,8000,167798,MaxEff,3.16,2100,0,10098,1026.538,4000
Chuffed BB,jobshop,jobshop/jobshop.mzn,jobshop/dzn/ta50_3a_alloc1.dzn:jobshop/generated_bounds/MaxEffSpread/ta50_3a_alloc1_MaxEffSpread.dzn,OPTIMAL_SOLUTION,668.9239468108863,602,2098041,291888,2434,289452,-9429,303238896,0.114,minimize,0.0,47,47,1830,1999424263,1230,5484,-9429,1889977,667.753,2433,183930,0.608728,0.0,2400,183930,MaxEff,0.63,630,0,3056,384.44,1200
Chuffed BB,jobshop,jobshop/jobshop.mzn,jobshop/dzn/ta68_5a_alloc1.dzn:jobshop/generated_bounds/MaxEffSpread/ta68_5a_alloc1_MaxEffSpread.dzn,SATISFIED,1200.7977399639785,1014,1835010,356131,4047,352082,-18487,324981284,0.189,minimize,0.0,86,86,3050,1329433067,2050,9117,-18487,1213365,1198.984,4046,534070,1.01847,0.0,4000,534070,MaxEff,1.41,1050,0,5062,37.858,2000
Chuffed BBval,jobshop,jobshop/jobshop.mzn,jobshop/dzn/ta77_6a_alloc1.dzn:jobshop/generated_bounds/MaxEffSpread/ta77_6a_alloc1_MaxEffSpread.dzn,SATISFIED,1201.3558105621487,2019,1982505,1275791,8095,1267694,-41750,202913778,0.383,minimize,0.0,135,135,6100,1713780687,4100,18215,-41750,1351314,1198.104,8094,357504,1.90387,0.0,8000,357504,MaxEff,3.16,2100,0,10108,1124.544,4000
Chuffed Prop,jobshop,jobshop/jobshop.mzn,jobshop/dzn/ta68_5a_alloc1.dzn:jobshop/generated_bounds/MaxEffSpread/ta68_5a_alloc1_MaxEffSpread.dzn,SATISFIED,1200.500734999776,,,,,,-18487,,,minimize,,,86,3050,,2050,9117,,,,4046,,1.01079,,4000,,MaxEff,,1050,0,,,2000
Chuffed BBval,jobshop,jobshop/jobshop.mzn,jobshop/dzn/ta51_4a_alloc1.dzn:jobshop/generated_bounds/MaxEffSpread/ta51_4a_alloc1_MaxEffSpread.dzn,SATISFIED,1200.550349259749,762,3906882,217742,3052,214688,-14795,302072631,0.138,minimize,0.0,56,56,2300,49508042,1550,6867,-14795,2576232,1199.208,3051,1287541,0.789529,0.0,3000,1287541,MaxEff,0.94,800,0,3817,3.221,1500
Chuffed BB,jobshop,jobshop/jobshop.mzn,jobshop/dzn/ta40_3a_alloc1.dzn:jobshop/generated_bounds/MaxEffSpread/ta40_3a_alloc1_MaxEffSpread.dzn,SATISFIED,1200.5327164437622,458,4565696,161542,1830,159710,-7215,402467395,0.082,minimize,0.0,20,20,1380,-1134721059,930,4125,-7215,3413739,1199.51,1829,1142480,0.489394,0.0,1800,1142480,MaxEff,0.63,480,0,2293,195.436,900
Chuffed Prop,jobshop,jobshop/jobshop.mzn,jobshop/dzn/ta59_4a_alloc1.dzn:jobshop/generated_bounds/MaxEffSpread/ta59_4a_alloc1_MaxEffSpread.dzn,SATISFIED,1200.4248828962445,,,,,,-14550,,,minimize,,,65,2300,,1550,6865,,,,3049,,0.771436,,3000,,MaxEff,,800,0,,,1500
Chuffed BB,jobshop,jobshop/jobshop.mzn,jobshop/dzn/ta66_4a_alloc1.dzn:jobshop/generated_bounds/MaxEffSpread/ta66_4a_alloc1_MaxEffSpread.dzn,SATISFIED,1200.7451899405569,1013,2174512,338351,4047,334302,-18688,285862388,0.187,minimize,0.0,46,46,3050,-1905439545,2050,9117,-18688,1523848,1198.994,4046,603460,1.00743,0.0,4000,603460,MaxEff,0.94,1050,0,5062,454.915,2000
Chuffed BBval,jobshop,jobshop/jobshop.mzn,jobshop/dzn/ta33_2a_alloc1.dzn:jobshop/generated_bounds/MaxEffSpread/ta33_2a_alloc1_MaxEffSpread.dzn,SATISFIED,1200.4849054925144,462,2763804,208633,1832,206799,-9438,472300190,0.083,minimize,0.0,31,31,1380,1598610695,930,4127,-9438,1870769,1199.49,1831,878661,0.508343,0.0,1800,878661,MaxEff,0.63,480,0,2297,424.052,900
Chuffed Prop,jobshop,jobshop/jobshop.mzn,jobshop/dzn/ta52_3a_alloc1.dzn:jobshop/generated_bounds/MaxEffSpread/ta52_3a_alloc1_MaxEffSpread.dzn,SATISFIED,1200.4357980452478,,,,,,-15141,,,minimize,,,52,2300,,1550,6863,,,,3047,,0.769245,,3000,,MaxEff,,800,0,,,1500
Chuffed BB,jobshop,jobshop/jobshop.mzn,jobshop/dzn/ta73_10a_alloc1.dzn:jobshop/generated_bounds/MaxEffSpread/ta73_10a_alloc1_MaxEffSpread.dzn,SATISFIED,1201.310200130567,2020,3190739,898008,8095,889911,-30458,571866117,0.392,minimize,0.0,151,151,6100,-1384607499,4100,18215,-30458,2763474,1198.103,8094,121688,1.91577,0.0,8000,121688,MaxEff,1.41,2100,0,10108,1197.847,4000
Chuffed Prop,jobshop,jobshop/jobshop.mzn,jobshop/dzn/ta55_3a_alloc1.dzn:jobshop/generated_bounds/MaxEffSpread/ta55_3a_alloc1_MaxEffSpread.dzn,SATISFIED,1200.462518947199,,,,,,-12972,,,minimize,,,47,2300,,1550,6863,,,,3047,,0.771853,,3000,,MaxEff,,800,0,,,1500
Chuffed Prop,jobshop,jobshop/jobshop.mzn,jobshop/dzn/ta38_2a_alloc1.dzn:jobshop/generated_bounds/MaxEffSpread/ta38_2a_alloc1_MaxEffSpread.dzn,SATISFIED,1200.3927490115166,,,,,,-7270,,,minimize,,,28,1380,,930,4127,,,,1831,,0.512027,,1800,,MaxEff,,480,0,,,900
Chuffed BB,jobshop,jobshop/jobshop.mzn,jobshop/dzn/ta57_3a_alloc1.dzn:jobshop/generated_bounds/MaxEffSpread/ta57_3a_alloc1_MaxEffSpread.dzn,SATISFIED,1200.57499672845,765,8259035,229619,3049,226568,-14840,202355962,0.141,minimize,0.0,74,74,2300,1298956579,1550,6864,-14840,6801505,1199.234,3048,1400611,0.765508,0.0,3000,1400611,MaxEff,0.94,800,0,3811,5.029,1500
Chuffed BBval,jobshop,jobshop/jobshop.mzn,jobshop/dzn/ta80_5a_alloc1.dzn:jobshop/generated_bounds/MaxEffSpread/ta80_5a_alloc1_MaxEffSpread.dzn,SATISFIED,1201.3883925639093,2017,3048390,1482498,8089,1474407,-41830,614936059,0.384,minimize,0.0,177,177,6100,-80560858,4100,18209,-41830,2554671,1198.032,8088,135863,1.97504,0.0,8000,135863,MaxEff,3.16,2100,0,10096,1173.418,4000
Chuffed BBval,jobshop,jobshop/jobshop.mzn,jobshop/dzn/ta32_2a_alloc1.dzn:jobshop/generated_bounds/MaxEffSpread/ta32_2a_alloc1_MaxEffSpread.dzn,SATISFIED,1200.5742183290422,459,3124836,231179,1832,229345,-8878,442767508,0.085,minimize,0.0,37,37,1380,-610588910,930,4127,-8878,2341367,1199.507,1831,766420,0.491622,0.0,1800,766420,MaxEff,0.63,480,0,2297,835.578,900
Chuffed Prop,jobshop,jobshop/jobshop.mzn,jobshop/dzn/ta73_6a_alloc1.dzn:jobshop/generated_bounds/MaxEffSpread/ta73_6a_alloc1_MaxEffSpread.dzn,SATISFIED,1200.6685147043318,,,,,,-45238,,,minimize,,,211,6100,,4100,18211,,,,8090,,1.98898,,8000,,MaxEff,,2100,0,,,4000
Chuffed BB,jobshop,jobshop/jobshop.mzn,jobshop/dzn/ta67_4a_alloc1.dzn:jobshop/generated_bounds/MaxEffSpread/ta67_4a_alloc1_MaxEffSpread.dzn,SATISFIED,1200.7634332794696,1012,1907884,346332,4048,342282,-18538,306676250,0.188,minimize,0.0,49,49,3050,1659654690,2050,9118,-18538,1313827,1198.984,4047,543865,1.0132,0.0,4000,543865,MaxEff,1.41,1050,0,5064,6.482,2000
Chuffed Prop,jobshop,jobshop/jobshop.mzn,jobshop/dzn/ta68_3a_alloc1.dzn:jobshop/generated_bounds/MaxEffSpread/ta68_3a_alloc1_MaxEffSpread.dzn,SATISFIED,1200.5027926303446,,,,,,-18468,,,minimize,,,53,3050,,2050,9115,,,,4044,,1.00231,,4000,,MaxEff,,1050,0,,,2000
Chuffed BB,jobshop,jobshop/jobshop.mzn,jobshop/dzn/ta71_8a_alloc1.dzn:jobshop/generated_bounds/MaxEffSpread/ta71_8a_alloc1_MaxEffSpread.dzn,SATISFIED,1201.4361222926527,2019,2473227,1466728,8093,1458633,-43450,180836467,0.387,minimize,0.0,186,186,6100,-145312307,4100,18213,-43450,1718203,1198.097,8092,378667,1.90121,0.0,8000,378667,MaxEff,3.16,2100,0,10104,734.069,4000
Chuffed BBval,jobshop,jobshop/jobshop.mzn,jobshop/dzn/ta72_9a_alloc1.dzn:jobshop/generated_bounds/MaxEffSpread/ta72_9a_alloc1_MaxEffSpread.dzn,SATISFIED,1201.3174216523767,2018,2519554,1263422,8091,1255329,-36804,494349026,0.378,minimize,0.0,160,160,6100,1576941867,4100,18211,-36804,2055699,1198.127,8090,140415,1.88261,0.0,8000,140415,MaxEff,3.16,2100,0,10100,1103.096,4000
Chuffed BB,jobshop,jobshop/jobshop.mzn,jobshop/dzn/ta62_5a_alloc1.dzn:jobshop/generated_bounds/MaxEffSpread/ta62_5a_alloc1_MaxEffSpread.dzn,SATISFIED,1200.8811099026352,1014,4603918,488366,4051,484313,-18895,427108291,0.191,minimize,0.0,85,85,3050,1877166,2050,9121,-18895,4142103,1198.991,4050,375476,1.008429,0.0,4000,375476,MaxEff,1.41,1050,0,5070,980.25,2000
Chuffed BBval,jobshop,jobshop/jobshop.mzn,jobshop/dzn/ta67_3a_alloc1.dzn:jobshop/generated_bounds/MaxEffSpread/ta67_3a_alloc1_MaxEffSpread.dzn,SATISFIED,1200.7633095327765,1010,3383572,364759,4047,360710,-17753,292559498,0.186,minimize,0.0,67,67,3050,-881459290,2050,9117,-17753,2619458,1198.983,4046,695893,1.01522,0.0,4000,695893,MaxEff,0.94,1050,0,5062,136.505,2000
Chuffed Prop,jobshop,jobshop/jobshop.mzn,jobshop/dzn/ta80_10a_alloc1.dzn:jobshop/generated_bounds/MaxEffSpread/ta80_10a_alloc1_MaxEffSpread.dzn,SATISFIED,1200.703882748261,,,,,,-39808,,,minimize,,,219,6100,,4100,18214,,,,8093,,1.88157,,8000,,MaxEff,,2100,0,,,4000
Chuffed Prop,jobshop,jobshop/jobshop.mzn,jobshop/dzn/ta79_5a_alloc1.dzn:jobshop/generated_bounds/MaxEffSpread/ta79_5a_alloc1_MaxEffSpread.dzn,SATISFIED,1200.6727078296244,,,,,,-44118,,,minimize,,,130,6100,,4100,18206,,,,8085,,1.88564,,8000,,MaxEff,,2100,0,,,4000
Chuffed BB,jobshop,jobshop/jobshop.mzn,jobshop/dzn/ta72_7a_alloc1.dzn:jobshop/generated_bounds/MaxEffSpread/ta72_7a_alloc1_MaxEffSpread.dzn,SATISFIED,1201.5836940761656,2019,2936260,1787149,8089,1779058,-40409,319102718,0.379,minimize,0.0,384,384,6100,907648367,4100,18209,-40409,1942041,1198.063,8088,218473,1.93986,0.0,8000,218473,MaxEff,3.16,2100,0,10096,712.413,4000
Chuffed Prop,jobshop,jobshop/jobshop.mzn,jobshop/dzn/ta72_9a_alloc1.dzn:jobshop/generated_bounds/MaxEffSpread/ta72_9a_alloc1_MaxEffSpread.dzn,SATISFIED,1201.1795362140983,,,,,,-39185,,,minimize,,,207,6100,,4100,18211,,,,8090,,1.8833,,8000,,MaxEff,,2100,0,,,4000
Chuffed BB,jobshop,jobshop/jobshop.mzn,jobshop/dzn/ta38_3a_alloc1.dzn:jobshop/generated_bounds/MaxEffSpread/ta38_3a_alloc1_MaxEffSpread.dzn,SATISFIED,1200.5334978643805,460,3216833,189079,1833,187244,-7796,495056884,0.085,minimize,0.0,23,23,1380,2075418058,930,4128,-7796,2215289,1199.51,1832,990905,0.488823,0.0,1800,990905,MaxEff,0.63,480,0,2299,1031.123,900
Chuffed BB,jobshop,jobshop/jobshop.mzn,jobshop/dzn/ta78_8a_alloc1.dzn:jobshop/generated_bounds/MaxEffSpread/ta78_8a_alloc1_MaxEffSpread.dzn,SATISFIED,1201.1439827922732,2019,3557483,635512,8090,627420,-23853,530131297,0.386,minimize,0.0,107,107,6100,-1254289810,4100,18210,-23853,3191715,1198.092,8089,148840,1.91239,0.0,8000,148840,MaxEff,1.41,2100,0,10098,1155.183,4000
Chuffed BB,jobshop,jobshop/jobshop.mzn,jobshop/dzn/ta59_4a_alloc1.dzn:jobshop/generated_bounds/MaxEffSpread/ta59_4a_alloc1_MaxEffSpread.dzn,SATISFIED,1200.6110845860094,763,5887558,246450,3050,243398,-14550,272796127,0.14,minimize,0.0,65,65,2300,-413980405,1550,6865,-14550,4563514,1199.233,3049,1274115,0.765948,0.0,3000,1274115,MaxEff,0.94,800,0,3813,10.824,1500
Chuffed BB,jobshop,jobshop/jobshop.mzn,jobshop/dzn/ta64_3a_alloc1.dzn:jobshop/generated_bounds/MaxEffSpread/ta64_3a_alloc1_MaxEffSpread.dzn,SATISFIED,1200.778693471104,1017,2236448,335648,4038,331608,-18154,263460790,0.186,minimize,0.0,64,64,3050,1246092590,2050,9108,-18154,1457430,1198.986,4037,713515,1.01259,0.0,4000,713515,MaxEff,0.94,1050,0,5044,91.795,2000
Chuffed Prop,jobshop,jobshop/jobshop.mzn,jobshop/dzn/ta39_2a_alloc1.dzn:jobshop/generated_bounds/MaxEffSpread/ta39_2a_alloc1_MaxEffSpread.dzn,SATISFIED,1200.3941341284662,,,,,,-8091,,,minimize,,,36,1380,,930,4124,,,,1828,,0.512506,,1800,,MaxEff,,480,0,,,900
Chuffed BB,jobshop,jobshop/jobshop.mzn,jobshop/dzn/ta32_2a_alloc1.dzn:jobshop/generated_bounds/MaxEffSpread/ta32_2a_alloc1_MaxEffSpread.dzn,SATISFIED,1200.5512936599553,460,3246732,230735,1832,228901,-8878,452796315,0.085,minimize,0.0,37,37,1380,-1878444192,930,4127,-8878,2458334,1199.481,1831,771314,0.516395,0.0,1800,771314,MaxEff,0.63,480,0,2297,978.958,900
Chuffed Prop,jobshop,jobshop/jobshop.mzn,jobshop/dzn/ta48_2a_alloc1.dzn:jobshop/generated_bounds/MaxEffSpread/ta48_2a_alloc1_MaxEffSpread.dzn,SATISFIED,1200.4205047283322,,,,,,-10595,,,minimize,,,47,1830,,1230,5481,,,,2430,,0.649474,,2400,,MaxEff,,630,0,,,1200
Chuffed Prop,jobshop,jobshop/jobshop.mzn,jobshop/dzn/ta32_3a_alloc1.dzn:jobshop/generated_bounds/MaxEffSpread/ta32_3a_alloc1_MaxEffSpread.dzn,SATISFIED,1200.4367141220719,,,,,,-8801,,,minimize,,,50,1380,,930,4128,,,,1832,,0.546676,,1800,,MaxEff,,480,0,,,900
Chuffed BB,jobshop,jobshop/jobshop.mzn,jobshop/dzn/ta37_3a_alloc1.dzn:jobshop/generated_bounds/MaxEffSpread/ta37_3a_alloc1_MaxEffSpread.dzn,SATISFIED,1200.5549594070762,462,3545108,166623,1834,164787,-8284,415342704,0.085,minimize,0.0,30,30,1380,-1924030914,930,4129,-8284,2465708,1199.506,1833,1065369,0.494215,0.0,1800,1065369,MaxEff,0.63,480,0,2301,174.808,900
Chuffed Prop,jobshop,jobshop/jobshop.mzn,jobshop/dzn/ta79_8a_alloc1.dzn:jobshop/generated_bounds/MaxEffSpread/ta79_8a_alloc1_MaxEffSpread.dzn,SATISFIED,1200.6782155968249,,,,,,-44118,,,minimize,,,147,6100,,4100,18209,,,,8088,,1.89313,,8000,,MaxEff,,2100,0,,,4000
Chuffed BB,jobshop,jobshop/jobshop.mzn,jobshop/dzn/ta74_5a_alloc1.dzn:jobshop/generated_bounds/MaxEffSpread/ta74_5a_alloc1_MaxEffSpread.dzn,SATISFIED,1201.3946520294994,2020,1879678,1534428,8085,1526341,-47213,193594596,0.377,minimize,0.0,133,133,6100,-91424775,4100,18205,-47213,1375819,1198.119,8084,234190,1.87931,0.0,8000,234190,MaxEff,3.16,2100,0,10088,410.372,4000
Chuffed BB,jobshop,jobshop/jobshop.mzn,jobshop/dzn/ta67_3a_alloc1.dzn:jobshop/generated_bounds/MaxEffSpread/ta67_3a_alloc1_MaxEffSpread.dzn,SATISFIED,1200.8133766837418,1011,3314152,357159,4047,353110,-17753,288370320,0.187,minimize,0.0,67,67,3050,1028271263,2050,9117,-17753,2545581,1198.974,4046,700262,1.02479,0.0,4000,700262,MaxEff,1.41,1050,0,5062,136.174,2000
Chuffed BBval,jobshop,jobshop/jobshop.mzn,jobshop/dzn/ta68_5a_alloc1.dzn:jobshop/generated_bounds/MaxEffSpread/ta68_5a_alloc1_MaxEffSpread.dzn,SATISFIED,1200.7316449545324,1013,1847445,363138,4047,359089,-18487,324116391,0.186,minimize,0.0,86,86,3050,746114776,2050,9117,-18487,1221664,1198.974,4046,538286,1.02789,0.0,4000,538286,MaxEff,1.41,1050,0,5062,45.109,2000
Chuffed Prop,jobshop,jobshop/jobshop.mzn,jobshop/dzn/ta76_7a_alloc1.dzn:jobshop/generated_bounds/MaxEffSpread/ta76_7a_alloc1_MaxEffSpread.dzn,SATISFIED,1200.6017666887492,,,,,,-36901,,,minimize,,,211,6100,,4100,18207,,,,8086,,1.88833,,8000,,MaxEff,,2100,0,,,4000
Chuffed Prop,jobshop,jobshop/jobshop.mzn,jobshop/dzn/ta73_5a_alloc1.dzn:jobshop/generated_bounds/MaxEffSpread/ta73_5a_alloc1_MaxEffSpread.dzn,SATISFIED,1200.6758187450469,,,,,,-44299,,,minimize,,,211,6100,,4100,18210,,,,8089,,1.89955,,8000,,MaxEff,,2100,0,,,4000
Chuffed BBval,jobshop,jobshop/jobshop.mzn,jobshop/dzn/ta52_3a_alloc1.dzn:jobshop/generated_bounds/MaxEffSpread/ta52_3a_alloc1_MaxEffSpread.dzn,SATISFIED,1200.5943894386292,762,5591313,249667,3048,246617,-15141,223709015,0.14,minimize,0.0,52,52,2300,1083551573,1550,6863,-15141,4568949,1199.23,3047,982241,0.767754,0.0,3000,982241,MaxEff,0.94,800,0,3809,3.054,1500
Chuffed BB,jobshop,jobshop/jobshop.mzn,jobshop/dzn/ta35_2a_alloc1.dzn:jobshop/generated_bounds/MaxEffSpread/ta35_2a_alloc1_MaxEffSpread.dzn,SATISFIED,1200.54920277372,460,3289521,208643,1830,206811,-8448,410093194,0.085,minimize,0.0,38,38,1380,1196144148,930,4125,-8448,2325593,1199.511,1829,946260,0.488812,0.0,1800,946260,MaxEff,0.94,480,0,2293,507.36,900
Chuffed BBval,jobshop,jobshop/jobshop.mzn,jobshop/dzn/ta65_4a_alloc1.dzn:jobshop/generated_bounds/MaxEffSpread/ta65_4a_alloc1_MaxEffSpread.dzn,SATISFIED,1200.7236032038927,1013,4656896,339204,4047,335155,-17892,273007864,0.18,minimize,0.0,58,58,3050,1300645388,2050,9117,-17892,3620440,1198.989,4046,977102,1.00946,0.0,4000,977102,MaxEff,0.94,1050,0,5062,1144.99,2000
Chuffed Prop,jobshop,jobshop/jobshop.mzn,jobshop/dzn/ta75_5a_alloc1.dzn:jobshop/generated_bounds/MaxEffSpread/ta75_5a_alloc1_MaxEffSpread.dzn,SATISFIED,1200.6891573425382,,,,,,-43933,,,minimize,,,145,6100,,4100,18204,,,,8083,,2.00353,,8000,,MaxEff,,2100,0,,,4000
Chuffed BB,jobshop,jobshop/jobshop.mzn,jobshop/dzn/ta70_3a_alloc1.dzn:jobshop/generated_bounds/MaxEffSpread/ta70_3a_alloc1_MaxEffSpread.dzn,SATISFIED,1200.8119038138539,1014,2890020,357757,4044,353711,-19299,274382505,0.19,minimize,0.0,62,62,3050,1030645764,2050,9114,-19299,2321009,1198.986,4043,505600,1.01232,0.0,4000,505600,MaxEff,0.94,1050,0,5056,13.019,2000
Chuffed BB,jobshop,jobshop/jobshop.mzn,jobshop/dzn/ta57_5a_alloc1.dzn:jobshop/generated_bounds/MaxEffSpread/ta57_5a_alloc1_MaxEffSpread.dzn,SATISFIED,1200.6686432976276,765,4511741,297420,3051,294367,-15793,313003616,0.144,minimize,0.0,101,101,2300,2073340565,1550,6866,-15793,3439027,1199.174,3050,995291,0.824401,0.0,3000,995291,MaxEff,0.94,800,0,3815,14.556,1500
Chuffed BB,jobshop,jobshop/jobshop.mzn,jobshop/dzn/ta80_10a_alloc1.dzn:jobshop/generated_bounds/MaxEffSpread/ta80_10a_alloc1_MaxEffSpread.dzn,SATISFIED,1201.4214951694012,2017,2441810,1548344,8094,1540248,-39808,266449225,0.377,minimize,0.0,219,219,6100,-2036856255,4100,18214,-39808,1687960,1198.117,8093,311058,1.88089,0.0,8000,311058,MaxEff,3.16,2100,0,10106,244.493,4000
Chuffed Prop,jobshop,jobshop/jobshop.mzn,jobshop/dzn/ta79_7a_alloc1.dzn:jobshop/generated_bounds/MaxEffSpread/ta79_7a_alloc1_MaxEffSpread.dzn,SATISFIED,1200.6522784847766,,,,,,-44118,,,minimize,,,141,6100,,4100,18208,,,,8087,,2.00843,,8000,,MaxEff,,2100,0,,,4000
Chuffed BB,jobshop,jobshop/jobshop.mzn,jobshop/dzn/ta77_7a_alloc1.dzn:jobshop/generated_bounds/MaxEffSpread/ta77_7a_alloc1_MaxEffSpread.dzn,SATISFIED,1201.5037763286382,2020,2022428,1577950,8096,1569852,-42140,305669947,0.385,minimize,0.0,174,174,6100,974837910,4100,18216,-42140,1455010,1198.12,8095,215032,1.87719,0.0,8000,215032,MaxEff,3.16,2100,0,10110,1037.708,4000
Chuffed BBval,jobshop,jobshop/jobshop.mzn,jobshop/dzn/ta33_3a_alloc1.dzn:jobshop/generated_bounds/MaxEffSpread/ta33_3a_alloc1_MaxEffSpread.dzn,SATISFIED,1200.5105300880969,460,6471325,214848,1833,213013,-8977,538140527,0.086,minimize,0.0,55,55,1380,-978609008,930,4128,-8977,5388687,1199.486,1832,1057262,0.512791,0.0,1800,1057262,MaxEff,0.63,480,0,2299,625.787,900
Chuffed BB,jobshop,jobshop/jobshop.mzn,jobshop/dzn/ta61_5a_alloc1.dzn:jobshop/generated_bounds/MaxEffSpread/ta61_5a_alloc1_MaxEffSpread.dzn,SATISFIED,1200.7930054087192,1015,2433395,429335,4047,425286,-19581,282698957,0.19,minimize,0.0,82,82,3050,-741154908,2050,9117,-19581,1856116,1198.994,4046,493713,1.00525,0.0,4000,493713,MaxEff,1.41,1050,0,5062,46.052,2000
Chuffed BB,jobshop,jobshop/jobshop.mzn,jobshop/dzn/ta77_5a_alloc1.dzn:jobshop/generated_bounds/MaxEffSpread/ta77_5a_alloc1_MaxEffSpread.dzn,SATISFIED,1201.4118966516107,2020,2949931,1388779,8094,1380683,-37631,412295087,0.386,minimize,0.0,239,239,6100,-994891080,4100,18214,-37631,2360974,1198.104,8093,105905,1.90259,0.0,8000,105905,MaxEff,2.11,2100,0,10106,1194.439,4000
Chuffed BB,jobshop,jobshop/jobshop.mzn,jobshop/dzn/ta65_5a_alloc1.dzn:jobshop/generated_bounds/MaxEffSpread/ta65_5a_alloc1_MaxEffSpread.dzn,SATISFIED,1200.821479814127,1014,2011348,350044,4048,345994,-18669,332115744,0.188,minimize,0.0,64,64,3050,-1985351904,2050,9118,-18669,1226815,1198.983,4047,719099,1.02227,0.0,4000,719099,MaxEff,1.41,1050,0,5064,410.987,2000
Chuffed BBval,jobshop,jobshop/jobshop.mzn,jobshop/dzn/ta40_3a_alloc1.dzn:jobshop/generated_bounds/MaxEffSpread/ta40_3a_alloc1_MaxEffSpread.dzn,SATISFIED,1200.4703160449862,457,4457721,161549,1830,159717,-7215,403495271,0.081,minimize,0.0,20,20,1380,-1374467868,930,4125,-7215,3306715,1199.482,1829,1141553,0.517638,0.0,1800,1141553,MaxEff,0.63,480,0,2293,206.339,900
Chuffed BBval,jobshop,jobshop/jobshop.mzn,jobshop/dzn/ta73_10a_alloc1.dzn:jobshop/generated_bounds/MaxEffSpread/ta73_10a_alloc1_MaxEffSpread.dzn,SATISFIED,1201.05584711954,2016,6640955,509117,8095,501020,-23072,807280940,0.378,minimize,0.0,79,79,6100,-1809753681,4100,18215,-23072,6190203,1198.107,8094,290334,1.89079,0.0,8000,290334,MaxEff,1.41,2100,0,10108,502.831,4000
Chuffed Prop,jobshop,jobshop/jobshop.mzn,jobshop/dzn/ta64_3a_alloc1.dzn:jobshop/generated_bounds/MaxEffSpread/ta64_3a_alloc1_MaxEffSpread.dzn,SATISFIED,1200.5159556735307,,,,,,-18154,,,minimize,,,64,3050,,2050,9108,,,,4037,,1.00071,,4000,,MaxEff,,1050,0,,,2000
Chuffed Prop,jobshop,jobshop/jobshop.mzn,jobshop/dzn/ta43_3a_alloc1.dzn:jobshop/generated_bounds/MaxEffSpread/ta43_3a_alloc1_MaxEffSpread.dzn,SATISFIED,1200.4098847173154,,,,,,-9919,,,minimize,,,42,1830,,1230,5477,,,,2426,,0.648368,,2400,,MaxEff,,630,0,,,1200
Chuffed BBval,jobshop,jobshop/jobshop.mzn,jobshop/dzn/ta63_3a_alloc1.dzn:jobshop/generated_bounds/MaxEffSpread/ta63_3a_alloc1_MaxEffSpread.dzn,SATISFIED,1200.730596318841,1015,3638501,329802,4050,325750,-16919,291707550,0.18,minimize,0.0,51,51,3050,1655170865,2050,9120,-16919,2791016,1199.009,4049,795108,0.991446,0.0,4000,795108,MaxEff,0.94,1050,0,5068,218.411,2000
Chuffed BB,jobshop,jobshop/jobshop.mzn,jobshop/dzn/ta46_2a_alloc1.dzn:jobshop/generated_bounds/MaxEffSpread/ta46_2a_alloc1_MaxEffSpread.dzn,SATISFIED,1200.597296781838,607,3000617,253201,2432,250767,-10385,470423559,0.114,minimize,0.0,22,22,1830,783348870,1230,5482,-10385,2345397,1199.388,2431,641829,0.607284,0.0,2400,641829,MaxEff,0.94,630,0,3052,13.205,1200
Chuffed BBval,jobshop,jobshop/jobshop.mzn,jobshop/dzn/ta78_7a_alloc1.dzn:jobshop/generated_bounds/MaxEffSpread/ta78_7a_alloc1_MaxEffSpread.dzn,SATISFIED,1201.3624060433358,2020,3490992,1505055,8089,1496964,-42811,499435227,0.373,minimize,0.0,173,173,6100,-2089022254,4100,18209,-42811,2795160,1198.102,8088,345184,1.8963,0.0,8000,345184,MaxEff,3.16,2100,0,10096,743.151,4000
Chuffed Prop,jobshop,jobshop/jobshop.mzn,jobshop/dzn/ta79_6a_alloc1.dzn:jobshop/generated_bounds/MaxEffSpread/ta79_6a_alloc1_MaxEffSpread.dzn,SATISFIED,1200.6832482870668,,,,,,-42397,,,minimize,,,302,6100,,4100,18207,,,,8086,,1.91954,,8000,,MaxEff,,2100,0,,,4000
Chuffed Prop,jobshop,jobshop/jobshop.mzn,jobshop/dzn/ta80_8a_alloc1.dzn:jobshop/generated_bounds/MaxEffSpread/ta80_8a_alloc1_MaxEffSpread.dzn,SATISFIED,1200.6860804520547,,,,,,-41113,,,minimize,,,181,6100,,4100,18212,,,,8091,,2.012249,,8000,,MaxEff,,2100,0,,,4000
Chuffed BBval,jobshop,jobshop/jobshop.mzn,jobshop/dzn/ta59_5a_alloc1.dzn:jobshop/generated_bounds/MaxEffSpread/ta59_5a_alloc1_MaxEffSpread.dzn,SATISFIED,1200.5641618799418,761,7948521,244628,3051,241575,-12718,326144089,0.141,minimize,0.0,48,48,2300,-2021941029,1550,6866,-12718,6930652,1199.163,3050,980852,0.83556,0.0,3000,980852,MaxEff,0.94,800,0,3815,85.868,1500
Chuffed BBval,jobshop,jobshop/jobshop.mzn,jobshop/dzn/ta80_9a_alloc1.dzn:jobshop/generated_bounds/MaxEffSpread/ta80_9a_alloc1_MaxEffSpread.dzn,SATISFIED,1201.0672348886728,2013,7853348,459248,8093,451153,-17918,817706374,0.378,minimize,0.0,92,92,6100,-1101514346,4100,18213,-17918,7317380,1198.078,8092,349489,1.91943,0.0,8000,349489,MaxEff,0.94,2100,0,10104,679.728,4000
Chuffed Prop,jobshop,jobshop/jobshop.mzn,jobshop/dzn/ta67_3a_alloc1.dzn:jobshop/generated_bounds/MaxEffSpread/ta67_3a_alloc1_MaxEffSpread.dzn,SATISFIED,1200.517078673467,,,,,,-17753,,,minimize,,,67,3050,,2050,9117,,,,4046,,1.00814,,4000,,MaxEff,,1050,0,,,2000
Chuffed BB,jobshop,jobshop/jobshop.mzn,jobshop/dzn/ta51_4a_alloc1.dzn:jobshop/generated_bounds/MaxEffSpread/ta51_4a_alloc1_MaxEffSpread.dzn,SATISFIED,1200.6021641157568,763,3915975,217736,3052,214682,-14795,299146654,0.14,minimize,0.0,56,56,2300,-1207051168,1550,6867,-14795,2558567,1199.232,3051,1314246,0.766883,0.0,3000,1314246,MaxEff,0.94,800,0,3817,4.077,1500
Chuffed BBval,jobshop,jobshop/jobshop.mzn,jobshop/dzn/ta35_2a_alloc1.dzn:jobshop/generated_bounds/MaxEffSpread/ta35_2a_alloc1_MaxEffSpread.dzn,SATISFIED,1200.528449891135,459,3196585,208595,1830,206763,-8448,397087663,0.082,minimize,0.0,38,38,1380,1407777843,930,4125,-8448,2262223,1199.503,1829,916741,0.495365,0.0,1800,916741,MaxEff,0.94,480,0,2293,524.284999,900
Chuffed BB,jobshop,jobshop/jobshop.mzn,jobshop/dzn/ta52_5a_alloc1.dzn:jobshop/generated_bounds/MaxEffSpread/ta52_5a_alloc1_MaxEffSpread.dzn,SATISFIED,1200.620031055063,763,2342393,312226,3050,309174,-16112,283959030,0.14,minimize,0.0,50,50,2300,-528051801,1550,6865,-16112,1563248,1199.226,3049,740586,0.770565,0.0,3000,740586,MaxEff,0.94,800,0,3813,22.162,1500
Chuffed Prop,jobshop,jobshop/jobshop.mzn,jobshop/dzn/ta70_3a_alloc1.dzn:jobshop/generated_bounds/MaxEffSpread/ta70_3a_alloc1_MaxEffSpread.dzn,SATISFIED,1200.5093872081488,,,,,,-19299,,,minimize,,,62,3050,,2050,9114,,,,4043,,1.01737,,4000,,MaxEff,,1050,0,,,2000
Chuffed Prop,jobshop,jobshop/jobshop.mzn,jobshop/dzn/ta41_2a_alloc1.dzn:jobshop/generated_bounds/MaxEffSpread/ta41_2a_alloc1_MaxEffSpread.dzn,SATISFIED,1200.4279987644404,,,,,,-11169,,,minimize,,,34,1830,,1230,5482,,,,2431,,0.645544,,2400,,MaxEff,,630,0,,,1200
Chuffed BBval,jobshop,jobshop/jobshop.mzn,jobshop/dzn/ta52_4a_alloc1.dzn:jobshop/generated_bounds/MaxEffSpread/ta52_4a_alloc1_MaxEffSpread.dzn,SATISFIED,1200.6338786836714,763,3332653,337570,3049,334519,-16628,316700273,0.137,minimize,0.0,58,58,2300,1211455430,1550,6864,-16628,2517201,1199.203,3048,770825,0.79742,0.0,3000,770825,MaxEff,0.94,800,0,3811,128.726,1500
Chuffed BBval,jobshop,jobshop/jobshop.mzn,jobshop/dzn/ta72_8a_alloc1.dzn:jobshop/generated_bounds/MaxEffSpread/ta72_8a_alloc1_MaxEffSpread.dzn,SATISFIED,1201.2363556344062,2018,2832884,1220390,8090,1212298,-37057,602747476,0.369,minimize,0.0,213,213,6100,-183495829,4100,18210,-37057,2304526,1198.12,8089,98161,1.87796,0.0,8000,98161,MaxEff,2.11,2100,0,10098,1177.335,4000
Chuffed BBval,jobshop,jobshop/jobshop.mzn,jobshop/dzn/ta50_2a_alloc1.dzn:jobshop/generated_bounds/MaxEffSpread/ta50_2a_alloc1_MaxEffSpread.dzn,SATISFIED,1200.5788212846965,602,3411448,287802,2433,285367,-9588,649629567,0.112,minimize,0.0,39,39,1830,-1235300714,1230,5483,-9588,3109432,1199.33,2432,280909,0.668419,0.0,2400,280909,MaxEff,0.63,630,0,3054,842.809,1200
Chuffed Prop,jobshop,jobshop/jobshop.mzn,jobshop/dzn/ta45_3a_alloc1.dzn:jobshop/generated_bounds/MaxEffSpread/ta45_3a_alloc1_MaxEffSpread.dzn,SATISFIED,1200.4354484472424,,,,,,-10778,,,minimize,,,32,1830,,1230,5479,,,,2428,,0.649707,,2400,,MaxEff,,630,0,,,1200
Chuffed BBval,jobshop,jobshop/jobshop.mzn,jobshop/dzn/ta56_3a_alloc1.dzn:jobshop/generated_bounds/MaxEffSpread/ta56_3a_alloc1_MaxEffSpread.dzn,SATISFIED,1200.5853785779327,764,3195351,286945,3047,283896,-15896,262365460,0.138,minimize,0.0,61,61,2300,-744669391,1550,6862,-15896,2338130,1199.245,3046,810257,0.756404,0.0,3000,810257,MaxEff,0.94,800,0,3807,6.51,1500
Chuffed Prop,jobshop,jobshop/jobshop.mzn,jobshop/dzn/ta75_8a_alloc1.dzn:jobshop/generated_bounds/MaxEffSpread/ta75_8a_alloc1_MaxEffSpread.dzn,SATISFIED,1200.7120875939727,,,,,,-35987,,,minimize,,,220,6100,,4100,18207,,,,8086,,1.90154,,8000,,MaxEff,,2100,0,,,4000
Chuffed Prop,jobshop,jobshop/jobshop.mzn,jobshop/dzn/ta61_5a_alloc1.dzn:jobshop/generated_bounds/MaxEffSpread/ta61_5a_alloc1_MaxEffSpread.dzn,SATISFIED,1200.5060200374573,,,,,,-19581,,,minimize,,,82,3050,,2050,9117,,,,4046,,1.014969,,4000,,MaxEff,,1050,0,,,2000
Chuffed Prop,jobshop,jobshop/jobshop.mzn,jobshop/dzn/ta59_5a_alloc1.dzn:jobshop/generated_bounds/MaxEffSpread/ta59_5a_alloc1_MaxEffSpread.dzn,SATISFIED,1200.5205587893724,,,,,,-12718,,,minimize,,,48,2300,,1550,6866,,,,3050,,0.769539,,3000,,MaxEff,,800,0,,,1500
Chuffed BBval,jobshop,jobshop/jobshop.mzn,jobshop/dzn/ta77_9a_alloc1.dzn:jobshop/generated_bounds/MaxEffSpread/ta77_9a_alloc1_MaxEffSpread.dzn,SATISFIED,1201.3826428633183,2019,1735966,1429052,8098,1420952,-43471,194395261,0.389,minimize,0.0,134,134,6100,-859460353,4100,18218,-43471,1203617,1198.028,8097,260757,1.97009,0.0,8000,260757,MaxEff,3.16,2100,0,10114,646.445,4000
Chuffed BBval,jobshop,jobshop/jobshop.mzn,jobshop/dzn/ta52_5a_alloc1.dzn:jobshop/generated_bounds/MaxEffSpread/ta52_5a_alloc1_MaxEffSpread.dzn,SATISFIED,1200.6265764143318,762,2285275,321403,3050,318351,-16112,271904361,0.14,minimize,0.0,50,50,2300,-819177440,1550,6865,-16112,1609997,1199.199,3049,636789,0.801852,0.0,3000,636789,MaxEff,0.94,800,0,3813,28.769,1500
Chuffed BB,jobshop,jobshop/jobshop.mzn,jobshop/dzn/ta58_3a_alloc1.dzn:jobshop/generated_bounds/MaxEffSpread/ta58_3a_alloc1_MaxEffSpread.dzn,SATISFIED,1200.6099971849471,764,3247843,282158,3054,279102,-15650,256977580,0.144,minimize,0.0,76,76,2300,790474825,1550,6869,-15650,2144268,1199.22,3053,1045229,0.777695,0.0,3000,1045229,MaxEff,0.94,800,0,3821,10.105,1500
Chuffed Prop,jobshop,jobshop/jobshop.mzn,jobshop/dzn/ta70_4a_alloc1.dzn:jobshop/generated_bounds/MaxEffSpread/ta70_4a_alloc1_MaxEffSpread.dzn,SATISFIED,1200.4958644416183,,,,,,-20191,,,minimize,,,65,3050,,2050,9115,,,,4044,,1.01553,,4000,,MaxEff,,1050,0,,,2000
Chuffed Prop,jobshop,jobshop/jobshop.mzn,jobshop/dzn/ta31_3a_alloc1.dzn:jobshop/generated_bounds/MaxEffSpread/ta31_3a_alloc1_MaxEffSpread.dzn,SATISFIED,1200.3599730953574,,,,,,-8168,,,minimize,,,26,1380,,930,4125,,,,1829,,0.532521,,1800,,MaxEff,,480,0,,,900
Chuffed BBval,jobshop,jobshop/jobshop.mzn,jobshop/dzn/ta47_2a_alloc1.dzn:jobshop/generated_bounds/MaxEffSpread/ta47_2a_alloc1_MaxEffSpread.dzn,OPTIMAL_SOLUTION,138.3408595956862,602,594895,250656,2431,248223,-9610,87998191,0.11,minimize,0.0,40,40,1830,-256343116,1230,5481,-9610,526811,137.213,2430,49298,0.65265,0.0,2400,49298,MaxEff,0.63,630,0,3050,97.557,1200
Chuffed BB,jobshop,jobshop/jobshop.mzn,jobshop/dzn/ta55_5a_alloc1.dzn:jobshop/generated_bounds/MaxEffSpread/ta55_5a_alloc1_MaxEffSpread.dzn,SATISFIED,1200.5773708932102,763,7544055,196078,3050,193026,-12972,226257137,0.141,minimize,0.0,49,49,2300,-1933357277,1550,6865,-12972,5784494,1199.221,3049,1721693,0.776696,0.0,3000,1721693,MaxEff,0.63,800,0,3813,3.473,1500
Chuffed BBval,jobshop,jobshop/jobshop.mzn,jobshop/dzn/ta62_3a_alloc1.dzn:jobshop/generated_bounds/MaxEffSpread/ta62_3a_alloc1_MaxEffSpread.dzn,SATISFIED,1200.7634607441723,1012,2433688,378554,4049,374503,-19230,369773940,0.192,minimize,0.0,45,45,3050,-86919059,2050,9119,-19230,1806998,1198.988,4048,580580,1.010529,0.0,4000,580580,MaxEff,0.94,1050,0,5066,4.759,2000
Chuffed BBval,jobshop,jobshop/jobshop.mzn,jobshop/dzn/ta50_3a_alloc1.dzn:jobshop/generated_bounds/MaxEffSpread/ta50_3a_alloc1_MaxEffSpread.dzn,SATISFIED,1200.5645543616265,602,4155739,292226,2434,289790,-9429,641890946,0.111,minimize,0.0,47,47,1830,2105762805,1230,5484,-9429,3851567,1199.324,2433,279900,0.674713,0.0,2400,279900,MaxEff,0.63,630,0,3056,876.278,1200
Chuffed Prop,jobshop,jobshop/jobshop.mzn,jobshop/dzn/ta78_6a_alloc1.dzn:jobshop/generated_bounds/MaxEffSpread/ta78_6a_alloc1_MaxEffSpread.dzn,SATISFIED,1200.6730253081769,,,,,,-43913,,,minimize,,,298,6100,,4100,18208,,,,8087,,1.89407,,8000,,MaxEff,,2100,0,,,4000
Chuffed BB,jobshop,jobshop/jobshop.mzn,jobshop/dzn/ta71_10a_alloc1.dzn:jobshop/generated_bounds/MaxEffSpread/ta71_10a_alloc1_MaxEffSpread.dzn,SATISFIED,1201.2466619927436,2018,1952554,1052284,8095,1044187,-35635,633448830,0.391,minimize,0.0,145,145,6100,625857571,4100,18215,-35635,1589536,1198.113,8094,69769,1.9038,0.0,8000,69769,MaxEff,2.11,2100,0,10108,608.994,4000
Chuffed Prop,jobshop,jobshop/jobshop.mzn,jobshop/dzn/ta55_4a_alloc1.dzn:jobshop/generated_bounds/MaxEffSpread/ta55_4a_alloc1_MaxEffSpread.dzn,SATISFIED,1200.4297062531114,,,,,,-12244,,,minimize,,,60,2300,,1550,6864,,,,3048,,0.782919,,3000,,MaxEff,,800,0,,,1500
Chuffed Prop,jobshop,jobshop/jobshop.mzn,jobshop/dzn/ta73_7a_alloc1.dzn:jobshop/generated_bounds/MaxEffSpread/ta73_7a_alloc1_MaxEffSpread.dzn,SATISFIED,1200.7727710269392,,,,,,-43570,,,minimize,,,178,6100,,4100,18212,,,,8091,,1.88854,,8000,,MaxEff,,2100,0,,,4000
Chuffed Prop,jobshop,jobshop/jobshop.mzn,jobshop/dzn/ta31_2a_alloc1.dzn:jobshop/generated_bounds/MaxEffSpread/ta31_2a_alloc1_MaxEffSpread.dzn,SATISFIED,1200.3930446524173,,,,,,-7729,,,minimize,,,22,1380,,930,4124,,,,1828,,0.509237,,1800,,MaxEff,,480,0,,,900
Chuffed Prop,jobshop,jobshop/jobshop.mzn,jobshop/dzn/ta61_4a_alloc1.dzn:jobshop/generated_bounds/MaxEffSpread/ta61_4a_alloc1_MaxEffSpread.dzn,SATISFIED,1200.4833549894392,,,,,,-19136,,,minimize,,,110,3050,,2050,9116,,,,4045,,1.0297,,4000,,MaxEff,,1050,0,,,2000
Chuffed BB,jobshop,jobshop/jobshop.mzn,jobshop/dzn/ta64_4a_alloc1.dzn:jobshop/generated_bounds/MaxEffSpread/ta64_4a_alloc1_MaxEffSpread.dzn,SATISFIED,1200.8105003703386,1017,2029214,358763,4039,354722,-18229,328541248,0.186,minimize,0.0,66,66,3050,-1094752072,2050,9109,-18229,1477873,1198.974,4038,483848,1.02418,0.0,4000,483848,MaxEff,1.41,1050,0,5046,103.095,2000
Chuffed BBval,jobshop,jobshop/jobshop.mzn,jobshop/dzn/ta75_5a_alloc1.dzn:jobshop/generated_bounds/MaxEffSpread/ta75_5a_alloc1_MaxEffSpread.dzn,SATISFIED,1201.3898831941187,2018,2451704,1406518,8084,1398432,-43933,213627465,0.375,minimize,0.0,145,145,6100,-1938089029,4100,18204,-43933,1722674,1198.112,8083,435350,1.88661,0.0,8000,435350,MaxEff,3.16,2100,0,10086,84.439,4000
Chuffed BBval,jobshop,jobshop/jobshop.mzn,jobshop/dzn/ta64_3a_alloc1.dzn:jobshop/generated_bounds/MaxEffSpread/ta64_3a_alloc1_MaxEffSpread.dzn,SATISFIED,1200.726169988513,1016,2395990,336276,4038,332236,-18154,243004190,0.186,minimize,0.0,64,64,3050,-1527071464,2050,9108,-18154,1564822,1198.974,4037,765732,1.02468,0.0,4000,765732,MaxEff,0.94,1050,0,5044,92.004,2000
Chuffed BBval,jobshop,jobshop/jobshop.mzn,jobshop/dzn/ta45_3a_alloc1.dzn:jobshop/generated_bounds/MaxEffSpread/ta45_3a_alloc1_MaxEffSpread.dzn,SATISFIED,1200.6041872594506,608,2490087,280471,2429,278040,-10778,466052024,0.113,minimize,0.0,32,32,1830,1338562245,1230,5479,-10778,1844009,1199.339,2428,627036,0.659532,0.0,2400,627036,MaxEff,0.94,630,0,3046,566.945,1200
Chuffed BBval,jobshop,jobshop/jobshop.mzn,jobshop/dzn/ta63_4a_alloc1.dzn:jobshop/generated_bounds/MaxEffSpread/ta63_4a_alloc1_MaxEffSpread.dzn,SATISFIED,1200.8209198527038,1014,7550012,367850,4051,363797,-16393,611638745,0.184,minimize,0.0,80,80,3050,1444262139,2050,9121,-16393,6690814,1198.984,4050,777597,1.01421,0.0,4000,777597,MaxEff,0.94,1050,0,5070,489.494,2000
Chuffed BB,jobshop,jobshop/jobshop.mzn,jobshop/dzn/ta47_3a_alloc1.dzn:jobshop/generated_bounds/MaxEffSpread/ta47_3a_alloc1_MaxEffSpread.dzn,OPTIMAL_SOLUTION,66.49090333469212,603,334937,240578,2432,238144,-9610,37673444,0.114,minimize,0.0,35,35,1830,-1272487251,1230,5482,-9610,286783,65.369,2431,31989,0.607576,0.0,2400,31989,MaxEff,0.63,630,0,3052,52.772,1200
Chuffed Prop,jobshop,jobshop/jobshop.mzn,jobshop/dzn/ta41_3a_alloc1.dzn:jobshop/generated_bounds/MaxEffSpread/ta41_3a_alloc1_MaxEffSpread.dzn,SATISFIED,1200.4230983834714,,,,,,-11012,,,minimize,,,46,1830,,1230,5483,,,,2432,,0.658074,,2400,,MaxEff,,630,0,,,1200
Chuffed Prop,jobshop,jobshop/jobshop.mzn,jobshop/dzn/ta80_9a_alloc1.dzn:jobshop/generated_bounds/MaxEffSpread/ta80_9a_alloc1_MaxEffSpread.dzn,SATISFIED,1200.7273923270404,,,,,,-24934,,,minimize,,,175,6100,,4100,18213,,,,8092,,1.87678,,8000,,MaxEff,,2100,0,,,4000
Chuffed Prop,jobshop,jobshop/jobshop.mzn,jobshop/dzn/ta47_3a_alloc1.dzn:jobshop/generated_bounds/MaxEffSpread/ta47_3a_alloc1_MaxEffSpread.dzn,OPTIMAL_SOLUTION,51.53581152483821,602,313006,240043,2432,237609,-9610,32234951,0.111,minimize,0.0,35,35,1830,1772026101,1230,5482,-9610,266875,50.351,2431,29938,0.654158,0.0,2400,29938,MaxEff,0.63,630,0,3052,40.342,1200
Chuffed BBval,jobshop,jobshop/jobshop.mzn,jobshop/dzn/ta46_2a_alloc1.dzn:jobshop/generated_bounds/MaxEffSpread/ta46_2a_alloc1_MaxEffSpread.dzn,SATISFIED,1200.5980766583234,606,2957421,253813,2432,251379,-10385,485656030,0.112,minimize,0.0,22,22,1830,-180001996,1230,5482,-10385,2309005,1199.335,2431,635033,0.665608,0.0,2400,635033,MaxEff,0.94,630,0,3052,15.6,1200
Chuffed BB,jobshop,jobshop/jobshop.mzn,jobshop/dzn/ta62_4a_alloc1.dzn:jobshop/generated_bounds/MaxEffSpread/ta62_4a_alloc1_MaxEffSpread.dzn,SATISFIED,1200.7620671018958,1015,3977025,378464,4050,374412,-18319,296167576,0.19,minimize,0.0,67,67,3050,774394782,2050,9120,-18319,3083019,1198.996,4049,825515,1.002729,0.0,4000,825515,MaxEff,0.94,1050,0,5068,82.771,2000
Chuffed BBval,jobshop,jobshop/jobshop.mzn,jobshop/dzn/ta79_10a_alloc1.dzn:jobshop/generated_bounds/MaxEffSpread/ta79_10a_alloc1_MaxEffSpread.dzn,SATISFIED,1201.0966358277947,2015,7200199,504727,8091,496634,-18852,848903275,0.376,minimize,0.0,104,104,6100,-632326879,4100,18211,-18852,6678075,1198.092,8090,311354,1.91076,0.0,8000,311354,MaxEff,0.94,2100,0,10100,890.21,4000
Chuffed Prop,jobshop,jobshop/jobshop.mzn,jobshop/dzn/ta36_3a_alloc1.dzn:jobshop/generated_bounds/MaxEffSpread/ta36_3a_alloc1_MaxEffSpread.dzn,SATISFIED,1200.33708326146,,,,,,-8278,,,minimize,,,29,1380,,930,4129,,,,1833,,0.518642,,1800,,MaxEff,,480,0,,,900
Chuffed BB,jobshop,jobshop/jobshop.mzn,jobshop/dzn/ta68_4a_alloc1.dzn:jobshop/generated_bounds/MaxEffSpread/ta68_4a_alloc1_MaxEffSpread.dzn,SATISFIED,1200.7449235189706,1013,2767579,343291,4046,339243,-17586,351975182,0.186,minimize,0.0,60,60,3050,1776196290,2050,9116,-17586,2146512,1198.995,4045,559722,1.00597,0.0,4000,559722,MaxEff,0.94,1050,0,5060,19.75,2000
Chuffed Prop,jobshop,jobshop/jobshop.mzn,jobshop/dzn/ta72_8a_alloc1.dzn:jobshop/generated_bounds/MaxEffSpread/ta72_8a_alloc1_MaxEffSpread.dzn,SATISFIED,1200.6730980724096,,,,,,-42346,,,minimize,,,256,6100,,4100,18210,,,,8089,,1.88387,,8000,,MaxEff,,2100,0,,,4000
Chuffed BB,jobshop,jobshop/jobshop.mzn,jobshop/dzn/ta73_7a_alloc1.dzn:jobshop/generated_bounds/MaxEffSpread/ta73_7a_alloc1_MaxEffSpread.dzn,SATISFIED,1201.4568150062114,2020,1713765,1622380,8092,1614286,-43570,345538384,0.382,minimize,0.0,178,178,6100,-1144145334,4100,18212,-43570,1172030,1198.095,8091,181306,1.90557,0.0,8000,181306,MaxEff,3.16,2100,0,10102,479.995,4000
Chuffed BB,jobshop,jobshop/jobshop.mzn,jobshop/dzn/ta53_4a_alloc1.dzn:jobshop/generated_bounds/MaxEffSpread/ta53_4a_alloc1_MaxEffSpread.dzn,SATISFIED,1200.6196444481611,766,5599187,242061,3050,239009,-15213,221894520,0.14,minimize,0.0,60,60,2300,1457481649,1550,6865,-15213,4327648,1199.23,3049,1225232,0.770916,0.0,3000,1225232,MaxEff,0.94,800,0,3813,5.232,1500
Chuffed BBval,jobshop,jobshop/jobshop.mzn,jobshop/dzn/ta65_3a_alloc1.dzn:jobshop/generated_bounds/MaxEffSpread/ta65_3a_alloc1_MaxEffSpread.dzn,SATISFIED,1200.7513354159892,1013,2116216,348247,4046,344199,-18669,362341006,0.188,minimize,0.0,68,68,3050,1605843402,2050,9116,-18669,1366883,1198.991,4045,679895,1.0077,0.0,4000,679895,MaxEff,1.41,1050,0,5060,244.534,2000
Chuffed BBval,jobshop,jobshop/jobshop.mzn,jobshop/dzn/ta70_3a_alloc1.dzn:jobshop/generated_bounds/MaxEffSpread/ta70_3a_alloc1_MaxEffSpread.dzn,SATISFIED,1200.755973238498,1013,2847294,357661,4044,353615,-19299,270492951,0.186,minimize,0.0,62,62,3050,599708900,2050,9114,-19299,2285858,1198.978,4043,498104,1.01984,0.0,4000,498104,MaxEff,0.94,1050,0,5056,12.543,2000
Chuffed Prop,jobshop,jobshop/jobshop.mzn,jobshop/dzn/ta57_5a_alloc1.dzn:jobshop/generated_bounds/MaxEffSpread/ta57_5a_alloc1_MaxEffSpread.dzn,SATISFIED,1200.4616206791252,,,,,,-15793,,,minimize,,,101,2300,,1550,6866,,,,3050,,0.825648,,3000,,MaxEff,,800,0,,,1500
Chuffed Prop,jobshop,jobshop/jobshop.mzn,jobshop/dzn/ta63_5a_alloc1.dzn:jobshop/generated_bounds/MaxEffSpread/ta63_5a_alloc1_MaxEffSpread.dzn,SATISFIED,1200.5087844450027,,,,,,-16625,,,minimize,,,94,3050,,2050,9122,,,,4051,,1.013039,,4000,,MaxEff,,1050,0,,,2000
Chuffed Prop,jobshop,jobshop/jobshop.mzn,jobshop/dzn/ta43_2a_alloc1.dzn:jobshop/generated_bounds/MaxEffSpread/ta43_2a_alloc1_MaxEffSpread.dzn,SATISFIED,1200.4112074766308,,,,,,-9869,,,minimize,,,35,1830,,1230,5476,,,,2425,,0.651838,,2400,,MaxEff,,630,0,,,1200
Chuffed BB,jobshop,jobshop/jobshop.mzn,jobshop/dzn/ta76_7a_alloc1.dzn:jobshop/generated_bounds/MaxEffSpread/ta76_7a_alloc1_MaxEffSpread.dzn,SATISFIED,1201.3087520822883,2021,2583725,975665,8087,967576,-32319,509239716,0.385,minimize,0.0,160,160,6100,791408901,4100,18207,-32319,2161554,1198.113,8086,98516,1.88715,0.0,8000,98516,MaxEff,2.11,2100,0,10092,449.359,4000
Chuffed Prop,jobshop,jobshop/jobshop.mzn,jobshop/dzn/ta67_4a_alloc1.dzn:jobshop/generated_bounds/MaxEffSpread/ta67_4a_alloc1_MaxEffSpread.dzn,SATISFIED,1200.500222845003,,,,,,-18538,,,minimize,,,49,3050,,2050,9118,,,,4047,,1.01098,,4000,,MaxEff,,1050,0,,,2000
Chuffed BB,jobshop,jobshop/jobshop.mzn,jobshop/dzn/ta55_3a_alloc1.dzn:jobshop/generated_bounds/MaxEffSpread/ta55_3a_alloc1_MaxEffSpread.dzn,SATISFIED,1200.687362164259,763,7728166,196422,3048,193372,-12972,237527022,0.14,minimize,0.0,47,47,2300,-2013254052,1550,6863,-12972,5872607,1199.228,3047,1819172,0.769537,0.0,3000,1819172,MaxEff,0.63,800,0,3809,2.882,1500
Chuffed Prop,jobshop,jobshop/jobshop.mzn,jobshop/dzn/ta72_6a_alloc1.dzn:jobshop/generated_bounds/MaxEffSpread/ta72_6a_alloc1_MaxEffSpread.dzn,SATISFIED,1200.6848058365285,,,,,,-43043,,,minimize,,,158,6100,,4100,18208,,,,8087,,1.87792,,8000,,MaxEff,,2100,0,,,4000
Chuffed BBval,jobshop,jobshop/jobshop.mzn,jobshop/dzn/ta80_6a_alloc1.dzn:jobshop/generated_bounds/MaxEffSpread/ta80_6a_alloc1_MaxEffSpread.dzn,SATISFIED,1201.3361318837851,2016,2822890,1503398,8090,1495306,-36828,522284523,0.372,minimize,0.0,281,281,6100,794590211,4100,18210,-36828,2159608,1198.11,8089,96366,1.89,0.0,8000,96366,MaxEff,3.16,2100,0,10098,1102.345,4000
Chuffed Prop,jobshop,jobshop/jobshop.mzn,jobshop/dzn/ta73_8a_alloc1.dzn:jobshop/generated_bounds/MaxEffSpread/ta73_8a_alloc1_MaxEffSpread.dzn,SATISFIED,1200.7665553521365,,,,,,-41671,,,minimize,,,524,6100,,4100,18213,,,,8092,,1.89616,,8000,,MaxEff,,2100,0,,,4000
Chuffed Prop,jobshop,jobshop/jobshop.mzn,jobshop/dzn/ta66_5a_alloc1.dzn:jobshop/generated_bounds/MaxEffSpread/ta66_5a_alloc1_MaxEffSpread.dzn,SATISFIED,1200.574454953894,,,,,,-18662,,,minimize,,,68,3050,,2050,9118,,,,4047,,1.02272,,4000,,MaxEff,,1050,0,,,2000
Chuffed BBval,jobshop,jobshop/jobshop.mzn,jobshop/dzn/ta34_3a_alloc1.dzn:jobshop/generated_bounds/MaxEffSpread/ta34_3a_alloc1_MaxEffSpread.dzn,SATISFIED,1200.4455922842026,460,3205494,155202,1834,153366,-8217,519558557,0.085,minimize,0.0,25,25,1380,-2085769936,930,4129,-8217,2029387,1199.472,1833,1164395,0.524345,0.0,1800,1164395,MaxEff,0.94,480,0,2301,1.954,900
Chuffed BB,jobshop,jobshop/jobshop.mzn,jobshop/dzn/ta41_2a_alloc1.dzn:jobshop/generated_bounds/MaxEffSpread/ta41_2a_alloc1_MaxEffSpread.dzn,SATISFIED,1200.5759195368737,609,3284174,288876,2432,286442,-11169,503181085,0.113,minimize,0.0,34,34,1830,-396869046,1230,5482,-11169,2798939,1199.388,2431,465270,0.612831,0.0,2400,465270,MaxEff,0.94,630,0,3052,821.527,1200
Chuffed BB,jobshop,jobshop/jobshop.mzn,jobshop/dzn/ta58_4a_alloc1.dzn:jobshop/generated_bounds/MaxEffSpread/ta58_4a_alloc1_MaxEffSpread.dzn,SATISFIED,1200.6607417855412,764,2124319,303643,3055,300586,-16400,281283139,0.143,minimize,0.0,65,65,2300,1839186091,1550,6870,-16400,1505810,1199.234,3054,568523,0.765331,0.0,3000,568523,MaxEff,0.94,800,0,3823,6.374,1500
Chuffed BB,jobshop,jobshop/jobshop.mzn,jobshop/dzn/ta71_6a_alloc1.dzn:jobshop/generated_bounds/MaxEffSpread/ta71_6a_alloc1_MaxEffSpread.dzn,SATISFIED,1201.241913979873,2018,2943510,1034304,8091,1026211,-32692,463241074,0.386,minimize,0.0,163,163,6100,-2094959323,4100,18211,-32692,2499925,1198.137,8090,114096,1.87138,0.0,8000,114096,MaxEff,2.11,2100,0,10100,340.373,4000
Chuffed Prop,jobshop,jobshop/jobshop.mzn,jobshop/dzn/ta40_2a_alloc1.dzn:jobshop/generated_bounds/MaxEffSpread/ta40_2a_alloc1_MaxEffSpread.dzn,SATISFIED,1200.3941273968667,,,,,,-7212,,,minimize,,,22,1380,,930,4124,,,,1828,,0.509499,,1800,,MaxEff,,480,0,,,900
Chuffed BB,jobshop,jobshop/jobshop.mzn,jobshop/dzn/ta76_5a_alloc1.dzn:jobshop/generated_bounds/MaxEffSpread/ta76_5a_alloc1_MaxEffSpread.dzn,SATISFIED,1201.3961525335908,2021,1736143,1386635,8085,1378548,-43025,195582127,0.388,minimize,0.0,171,171,6100,-888609744,4100,18205,-43025,1059575,1198.121,8084,330224,1.87627,0.0,8000,330224,MaxEff,3.16,2100,0,10088,62.669,4000
Chuffed BB,jobshop,jobshop/jobshop.mzn,jobshop/dzn/ta73_9a_alloc1.dzn:jobshop/generated_bounds/MaxEffSpread/ta73_9a_alloc1_MaxEffSpread.dzn,SATISFIED,1201.1732122674584,2017,3713971,567525,8094,559429,-23098,434854488,0.391,minimize,0.0,83,83,6100,-306770102,4100,18214,-23098,3389582,1198.085,8093,155841,1.9248,0.0,8000,155841,MaxEff,1.41,2100,0,10106,307.611,4000
Chuffed BB,jobshop,jobshop/jobshop.mzn,jobshop/dzn/ta72_8a_alloc1.dzn:jobshop/generated_bounds/MaxEffSpread/ta72_8a_alloc1_MaxEffSpread.dzn,SATISFIED,1201.396142764017,2019,1949512,1344288,8090,1336196,-37389,556734077,0.384,minimize,0.0,224,224,6100,1977548568,4100,18210,-37389,1429379,1198.12,8089,67541,1.91069,0.0,8000,67541,MaxEff,2.11,2100,0,10098,1059.519,4000
Chuffed BB,jobshop,jobshop/jobshop.mzn,jobshop/dzn/ta73_8a_alloc1.dzn:jobshop/generated_bounds/MaxEffSpread/ta73_8a_alloc1_MaxEffSpread.dzn,SATISFIED,1201.40967258811,2020,3885496,1270729,8093,1262634,-33826,341777572,0.385,minimize,0.0,316,316,6100,-1266773135,4100,18213,-33826,3111928,1198.102,8092,135686,1.89646,0.0,8000,135686,MaxEff,2.11,2100,0,10104,1188.989,4000
Chuffed BBval,jobshop,jobshop/jobshop.mzn,jobshop/dzn/ta39_2a_alloc1.dzn:jobshop/generated_bounds/MaxEffSpread/ta39_2a_alloc1_MaxEffSpread.dzn,SATISFIED,1200.526240967214,458,2591475,221635,1829,219804,-8091,412629915,0.082,minimize,0.0,36,36,1380,-319174206,930,4124,-8091,1734079,1199.511,1828,840780,0.490665,0.0,1800,840780,MaxEff,0.63,480,0,2291,283.908,900
Chuffed BB,jobshop,jobshop/jobshop.mzn,jobshop/dzn/ta74_9a_alloc1.dzn:jobshop/generated_bounds/MaxEffSpread/ta74_9a_alloc1_MaxEffSpread.dzn,SATISFIED,1201.5351320374757,2020,5043596,1867656,8089,1859565,-46152,166994496,0.389,minimize,0.0,213,213,6100,-1002333132,4100,18209,-46152,4015815,1198.108,8088,596744,1.89231,0.0,8000,596744,MaxEff,3.16,2100,0,10096,261.401,4000
Chuffed Prop,jobshop,jobshop/jobshop.mzn,jobshop/dzn/ta49_3a_alloc1.dzn:jobshop/generated_bounds/MaxEffSpread/ta49_3a_alloc1_MaxEffSpread.dzn,SATISFIED,1200.4262832123786,,,,,,-9637,,,minimize,,,34,1830,,1230,5481,,,,2430,,0.653547,,2400,,MaxEff,,630,0,,,1200
Chuffed BBval,jobshop,jobshop/jobshop.mzn,jobshop/dzn/ta44_3a_alloc1.dzn:jobshop/generated_bounds/MaxEffSpread/ta44_3a_alloc1_MaxEffSpread.dzn,SATISFIED,1200.6041301880032,611,2377868,241651,2432,239217,-10580,463137778,0.111,minimize,0.0,25,25,1830,-1146512611,1230,5482,-10580,1657727,1199.349,2431,704643,0.654504,0.0,2400,704643,MaxEff,0.94,630,0,3052,22.523,1200
Chuffed BB,jobshop,jobshop/jobshop.mzn,jobshop/dzn/ta78_5a_alloc1.dzn:jobshop/generated_bounds/MaxEffSpread/ta78_5a_alloc1_MaxEffSpread.dzn,SATISFIED,1201.373277772218,2021,1702276,1404718,8087,1396629,-43882,182848097,0.382,minimize,0.0,155,155,6100,228790033,4100,18207,-43882,1081393,1198.071,8086,306547,1.92943,0.0,8000,306547,MaxEff,3.16,2100,0,10092,87.527,4000
Chuffed BBval,jobshop,jobshop/jobshop.mzn,jobshop/dzn/ta62_4a_alloc1.dzn:jobshop/generated_bounds/MaxEffSpread/ta62_4a_alloc1_MaxEffSpread.dzn,SATISFIED,1200.73530648835,1014,7600670,385073,4050,381021,-18319,660409284,0.186,minimize,0.0,67,67,3050,-1622797596,2050,9120,-18319,6862901,1198.997,4049,669333,1.003039,0.0,4000,669333,MaxEff,0.94,1050,0,5068,735.607,2000
Chuffed Prop,jobshop,jobshop/jobshop.mzn,jobshop/dzn/ta54_4a_alloc1.dzn:jobshop/generated_bounds/MaxEffSpread/ta54_4a_alloc1_MaxEffSpread.dzn,SATISFIED,1200.4360956754535,,,,,,-14912,,,minimize,,,70,2300,,1550,6867,,,,3051,,0.76983,,3000,,MaxEff,,800,0,,,1500
Chuffed BB,jobshop,jobshop/jobshop.mzn,jobshop/dzn/ta78_7a_alloc1.dzn:jobshop/generated_bounds/MaxEffSpread/ta78_7a_alloc1_MaxEffSpread.dzn,SATISFIED,1201.3844985160977,2021,2769539,1494223,8089,1486132,-42811,192444973,0.375,minimize,0.0,173,173,6100,-496576673,4100,18209,-42811,1901686,1198.091,8088,517070,1.90625,0.0,8000,517070,MaxEff,3.16,2100,0,10096,157.485,4000
Chuffed Prop,jobshop,jobshop/jobshop.mzn,jobshop/dzn/ta75_6a_alloc1.dzn:jobshop/generated_bounds/MaxEffSpread/ta75_6a_alloc1_MaxEffSpread.dzn,SATISFIED,1200.7728073745966,,,,,,-43682,,,minimize,,,183,6100,,4100,18205,,,,8084,,1.8777,,8000,,MaxEff,,2100,0,,,4000
Chuffed Prop,jobshop,jobshop/jobshop.mzn,jobshop/dzn/ta42_2a_alloc1.dzn:jobshop/generated_bounds/MaxEffSpread/ta42_2a_alloc1_MaxEffSpread.dzn,SATISFIED,1200.422147186473,,,,,,-10109,,,minimize,,,29,1830,,1230,5482,,,,2431,,0.652416,,2400,,MaxEff,,630,0,,,1200
Chuffed BBval,jobshop,jobshop/jobshop.mzn,jobshop/dzn/ta63_5a_alloc1.dzn:jobshop/generated_bounds/MaxEffSpread/ta63_5a_alloc1_MaxEffSpread.dzn,SATISFIED,1200.7547013945878,1014,5470756,402120,4052,398066,-16625,504039919,0.189,minimize,0.0,94,94,3050,1922941604,2050,9122,-16625,4695922,1199.008,4051,679138,0.992532,0.0,4000,679138,MaxEff,0.94,1050,0,5072,225.567,2000
Chuffed BBval,jobshop,jobshop/jobshop.mzn,jobshop/dzn/ta78_5a_alloc1.dzn:jobshop/generated_bounds/MaxEffSpread/ta78_5a_alloc1_MaxEffSpread.dzn,SATISFIED,1201.3678376507014,2020,1696401,1404080,8087,1395991,-43882,181120645,0.388,minimize,0.0,155,155,6100,-94023386,4100,18207,-43882,1077126,1198.075,8086,305092,1.92408,0.0,8000,305092,MaxEff,3.16,2100,0,10092,84.161,4000
Chuffed Prop,jobshop,jobshop/jobshop.mzn,jobshop/dzn/ta77_7a_alloc1.dzn:jobshop/generated_bounds/MaxEffSpread/ta77_7a_alloc1_MaxEffSpread.dzn,SATISFIED,1200.6828950028867,,,,,,-42140,,,minimize,,,174,6100,,4100,18216,,,,8095,,1.88146,,8000,,MaxEff,,2100,0,,,4000
Chuffed BBval,jobshop,jobshop/jobshop.mzn,jobshop/dzn/ta72_7a_alloc1.dzn:jobshop/generated_bounds/MaxEffSpread/ta72_7a_alloc1_MaxEffSpread.dzn,SATISFIED,1201.1079771798104,2015,7957738,462936,8089,454845,-17846,851558050,0.372,minimize,0.0,97,97,6100,1564185749,4100,18209,-17846,7407954,1198.108,8088,353170,1.89075,0.0,8000,353170,MaxEff,0.94,2100,0,10096,739.973,4000
Chuffed BBval,jobshop,jobshop/jobshop.mzn,jobshop/dzn/ta66_5a_alloc1.dzn:jobshop/generated_bounds/MaxEffSpread/ta66_5a_alloc1_MaxEffSpread.dzn,SATISFIED,1200.8097738157958,1014,3362533,361036,4048,356986,-18662,258575193,0.189,minimize,0.0,68,68,3050,-837500159,2050,9118,-18662,2572062,1198.982,4047,720988,1.01502,0.0,4000,720988,MaxEff,0.94,1050,0,5064,479.842,2000
Chuffed BB,jobshop,jobshop/jobshop.mzn,jobshop/dzn/ta43_3a_alloc1.dzn:jobshop/generated_bounds/MaxEffSpread/ta43_3a_alloc1_MaxEffSpread.dzn,SATISFIED,1200.5803186353296,607,3248813,298116,2427,295687,-9630,543238334,0.111,minimize,0.0,39,39,1830,-491977676,1230,5477,-9630,2850447,1199.391,2426,376488,0.606601,0.0,2400,376488,MaxEff,0.94,630,0,3042,871.322,1200
Chuffed BB,jobshop,jobshop/jobshop.mzn,jobshop/dzn/ta78_9a_alloc1.dzn:jobshop/generated_bounds/MaxEffSpread/ta78_9a_alloc1_MaxEffSpread.dzn,SATISFIED,1201.1666075401008,2021,2628113,769675,8091,761582,-29692,620868246,0.392,minimize,0.0,117,117,6100,-704372747,4100,18211,-29692,2287730,1197.99,8090,103218,2.008649,0.0,8000,103218,MaxEff,2.11,2100,0,10100,850.116,4000
Chuffed BBval,jobshop,jobshop/jobshop.mzn,jobshop/dzn/ta58_3a_alloc1.dzn:jobshop/generated_bounds/MaxEffSpread/ta58_3a_alloc1_MaxEffSpread.dzn,SATISFIED,1200.6022996976972,763,3109530,285170,3054,282114,-15650,231139242,0.143,minimize,0.0,76,76,2300,-1464567315,1550,6869,-15650,2101877,1199.226,3053,949377,0.772053,0.0,3000,949377,MaxEff,0.94,800,0,3821,10.005,1500
Chuffed Prop,jobshop,jobshop/jobshop.mzn,jobshop/dzn/ta70_5a_alloc1.dzn:jobshop/generated_bounds/MaxEffSpread/ta70_5a_alloc1_MaxEffSpread.dzn,SATISFIED,1200.5310328360647,,,,,,-19229,,,minimize,,,61,3050,,2050,9116,,,,4045,,1.00593,,4000,,MaxEff,,1050,0,,,2000
Chuffed Prop,jobshop,jobshop/jobshop.mzn,jobshop/dzn/ta49_2a_alloc1.dzn:jobshop/generated_bounds/MaxEffSpread/ta49_2a_alloc1_MaxEffSpread.dzn,SATISFIED,1200.4255440235138,,,,,,-10289,,,minimize,,,26,1830,,1230,5480,,,,2429,,0.64817,,2400,,MaxEff,,630,0,,,1200
Chuffed BBval,jobshop,jobshop/jobshop.mzn,jobshop/dzn/ta75_6a_alloc1.dzn:jobshop/generated_bounds/MaxEffSpread/ta75_6a_alloc1_MaxEffSpread.dzn,SATISFIED,1201.4624697659165,2019,2125309,1682064,8085,1673977,-43682,206777790,0.378,minimize,0.0,183,183,6100,262871000,4100,18205,-43682,1405358,1198.12,8084,349697,1.87831,0.0,8000,349697,MaxEff,3.16,2100,0,10088,1011.266,4000
Chuffed BB,jobshop,jobshop/jobshop.mzn,jobshop/dzn/ta59_3a_alloc1.dzn:jobshop/generated_bounds/MaxEffSpread/ta59_3a_alloc1_MaxEffSpread.dzn,SATISFIED,1200.5631059836596,761,5068181,223537,3049,220486,-14640,294973680,0.137,minimize,0.0,60,60,2300,-349967065,1550,6864,-14640,3603012,1199.225,3048,1419023,0.773131,0.0,3000,1419023,MaxEff,0.94,800,0,3811,5.359,1500
Chuffed BB,jobshop,jobshop/jobshop.mzn,jobshop/dzn/ta73_5a_alloc1.dzn:jobshop/generated_bounds/MaxEffSpread/ta73_5a_alloc1_MaxEffSpread.dzn,SATISFIED,1201.4422856401652,2021,1826710,1592142,8090,1584050,-44299,282851913,0.39,minimize,0.0,211,211,6100,1930928018,4100,18210,-44299,1197440,1198.112,8089,202244,1.89106,0.0,8000,202244,MaxEff,3.16,2100,0,10098,547.141,4000
Chuffed BBval,jobshop,jobshop/jobshop.mzn,jobshop/dzn/ta71_10a_alloc1.dzn:jobshop/generated_bounds/MaxEffSpread/ta71_10a_alloc1_MaxEffSpread.dzn,SATISFIED,1201.2139348387718,2017,2633459,1008475,8095,1000378,-35571,606621958,0.385,minimize,0.0,143,143,6100,-373288397,4100,18215,-35571,2243038,1198.042,8094,101347,1.9611,0.0,8000,101347,MaxEff,2.11,2100,0,10108,557.556,4000
Chuffed Prop,jobshop,jobshop/jobshop.mzn,jobshop/dzn/ta65_5a_alloc1.dzn:jobshop/generated_bounds/MaxEffSpread/ta65_5a_alloc1_MaxEffSpread.dzn,SATISFIED,1200.5002000313252,,,,,,-18669,,,minimize,,,64,3050,,2050,9118,,,,4047,,1.00671,,4000,,MaxEff,,1050,0,,,2000
Chuffed BB,jobshop,jobshop/jobshop.mzn,jobshop/dzn/ta60_3a_alloc1.dzn:jobshop/generated_bounds/MaxEffSpread/ta60_3a_alloc1_MaxEffSpread.dzn,SATISFIED,1200.6024790797383,765,2844980,244566,3052,241512,-14327,292735465,0.141,minimize,0.0,61,61,2300,1403364233,1550,6867,-14327,1701045,1199.234,3051,1096981,0.770129,0.0,3000,1096981,MaxEff,0.94,800,0,3817,8.629,1500
Chuffed Prop,jobshop,jobshop/jobshop.mzn,jobshop/dzn/ta69_5a_alloc1.dzn:jobshop/generated_bounds/MaxEffSpread/ta69_5a_alloc1_MaxEffSpread.dzn,SATISFIED,1200.542231950909,,,,,,-20727,,,minimize,,,75,3050,,2050,9121,,,,4050,,1.06409,,4000,,MaxEff,,1050,0,,,2000
Chuffed BB,jobshop,jobshop/jobshop.mzn,jobshop/dzn/ta31_3a_alloc1.dzn:jobshop/generated_bounds/MaxEffSpread/ta31_3a_alloc1_MaxEffSpread.dzn,SATISFIED,1200.5180960018188,460,3421687,191366,1830,189534,-8305,439193297,0.083,minimize,0.0,27,27,1380,463185507,930,4125,-8305,2442930,1199.497,1829,966192,0.503839,0.0,1800,966192,MaxEff,0.63,480,0,2293,1191.732,900
Chuffed Prop,jobshop,jobshop/jobshop.mzn,jobshop/dzn/ta34_2a_alloc1.dzn:jobshop/generated_bounds/MaxEffSpread/ta34_2a_alloc1_MaxEffSpread.dzn,SATISFIED,1200.3940157163888,,,,,,-10261,,,minimize,,,33,1380,,930,4128,,,,1832,,0.51371,,1800,,MaxEff,,480,0,,,900
Chuffed BB,jobshop,jobshop/jobshop.mzn,jobshop/dzn/ta48_3a_alloc1.dzn:jobshop/generated_bounds/MaxEffSpread/ta48_3a_alloc1_MaxEffSpread.dzn,SATISFIED,1200.5731719527394,606,3550035,266033,2432,263599,-10438,448527330,0.112,minimize,0.0,32,32,1830,212786788,1230,5482,-10438,2971645,1199.392,2431,559311,0.617215,0.0,2400,559311,MaxEff,0.94,630,0,3052,335.625,1200
Chuffed BBval,jobshop,jobshop/jobshop.mzn,jobshop/dzn/ta74_10a_alloc1.dzn:jobshop/generated_bounds/MaxEffSpread/ta74_10a_alloc1_MaxEffSpread.dzn,SATISFIED,1201.4196812398732,2019,6226922,1678801,8090,1670709,-44133,446221865,0.382,minimize,0.0,228,228,6100,-1397693223,4100,18210,-44133,5375661,1198.065,8089,390109,1.92997,0.0,8000,390109,MaxEff,3.16,2100,0,10098,665.939,4000
Chuffed Prop,jobshop,jobshop/jobshop.mzn,jobshop/dzn/ta34_3a_alloc1.dzn:jobshop/generated_bounds/MaxEffSpread/ta34_3a_alloc1_MaxEffSpread.dzn,SATISFIED,1200.414778303355,,,,,,-8217,,,minimize,,,25,1380,,930,4129,,,,1833,,0.516441,,1800,,MaxEff,,480,0,,,900
Chuffed BB,jobshop,jobshop/jobshop.mzn,jobshop/dzn/ta59_5a_alloc1.dzn:jobshop/generated_bounds/MaxEffSpread/ta59_5a_alloc1_MaxEffSpread.dzn,SATISFIED,1200.6196724250913,762,6964057,239653,3051,236600,-12718,256675023,0.14,minimize,0.0,48,48,2300,1488658648,1550,6866,-12718,5927843,1199.219,3050,999144,0.778797,0.0,3000,999144,MaxEff,0.94,800,0,3815,23.335,1500
Chuffed BBval,jobshop,jobshop/jobshop.mzn,jobshop/dzn/ta78_8a_alloc1.dzn:jobshop/generated_bounds/MaxEffSpread/ta78_8a_alloc1_MaxEffSpread.dzn,SATISFIED,1201.076224340126,2017,6989489,490480,8090,482388,-21638,810484420,0.381,minimize,0.0,90,90,6100,1221302011,4100,18210,-21638,6508314,1198.034,8089,298582,1.9677,0.0,8000,298582,MaxEff,1.41,2100,0,10098,481.659,4000
Chuffed BB,jobshop,jobshop/jobshop.mzn,jobshop/dzn/ta54_4a_alloc1.dzn:jobshop/generated_bounds/MaxEffSpread/ta54_4a_alloc1_MaxEffSpread.dzn,SATISFIED,1200.68141544424,763,4262402,285024,3052,281970,-14912,282528702,0.14,minimize,0.0,70,70,2300,-1404421302,1550,6867,-14912,3346276,1199.235,3051,862408,0.763642,0.0,3000,862408,MaxEff,0.94,800,0,3817,8.000999,1500
Chuffed BBval,jobshop,jobshop/jobshop.mzn,jobshop/dzn/ta69_3a_alloc1.dzn:jobshop/generated_bounds/MaxEffSpread/ta69_3a_alloc1_MaxEffSpread.dzn,SATISFIED,1200.8109277356416,1016,2815682,417471,4049,413420,-21599,244087735,0.188,minimize,0.0,62,62,3050,1219947589,2050,9119,-21599,2147139,1198.993,4048,605177,1.0042,0.0,4000,605177,MaxEff,1.41,1050,0,5066,690.34,2000
Chuffed BBval,jobshop,jobshop/jobshop.mzn,jobshop/dzn/ta74_5a_alloc1.dzn:jobshop/generated_bounds/MaxEffSpread/ta74_5a_alloc1_MaxEffSpread.dzn,SATISFIED,1201.3657813388854,2019,1853178,1533172,8085,1525085,-47213,189805341,0.379,minimize,0.0,133,133,6100,-867302425,4100,18205,-47213,1353525,1198.137,8084,230172,1.86289,0.0,8000,230172,MaxEff,3.16,2100,0,10088,417.488,4000
Chuffed Prop,jobshop,jobshop/jobshop.mzn,jobshop/dzn/ta54_3a_alloc1.dzn:jobshop/generated_bounds/MaxEffSpread/ta54_3a_alloc1_MaxEffSpread.dzn,SATISFIED,1200.4294175188988,,,,,,-15857,,,minimize,,,53,2300,,1550,6866,,,,3050,,0.772058,,3000,,MaxEff,,800,0,,,1500
Chuffed BBval,jobshop,jobshop/jobshop.mzn,jobshop/dzn/ta42_3a_alloc1.dzn:jobshop/generated_bounds/MaxEffSpread/ta42_3a_alloc1_MaxEffSpread.dzn,SATISFIED,1200.5873646568507,608,3317039,281176,2433,278741,-10712,555335648,0.111,minimize,0.0,30,30,1830,1059615906,1230,5483,-10712,2872059,1199.351,2432,427091,0.649085,0.0,2400,427091,MaxEff,0.94,630,0,3054,598.152,1200
Chuffed BBval,jobshop,jobshop/jobshop.mzn,jobshop/dzn/ta41_2a_alloc1.dzn:jobshop/generated_bounds/MaxEffSpread/ta41_2a_alloc1_MaxEffSpread.dzn,SATISFIED,1200.6677912250161,608,3416763,290476,2432,288042,-11169,513259174,0.112,minimize,0.0,34,34,1830,580015493,1230,5482,-11169,2915887,1199.351,2431,480905,0.649163,0.0,2400,480905,MaxEff,0.94,630,0,3052,954.514,1200
Chuffed BB,jobshop,jobshop/jobshop.mzn,jobshop/dzn/ta74_7a_alloc1.dzn:jobshop/generated_bounds/MaxEffSpread/ta74_7a_alloc1_MaxEffSpread.dzn,SATISFIED,1201.4929417278618,2020,2919815,1747796,8087,1739707,-46430,313174404,0.388,minimize,0.0,206,206,6100,1952336856,4100,18207,-46430,2191138,1197.997,8086,311777,2.00497,0.0,8000,311777,MaxEff,3.16,2100,0,10092,540.741,4000
Chuffed BBval,jobshop,jobshop/jobshop.mzn,jobshop/dzn/ta57_3a_alloc1.dzn:jobshop/generated_bounds/MaxEffSpread/ta57_3a_alloc1_MaxEffSpread.dzn,SATISFIED,1200.5626679584384,764,8430377,230687,3049,227636,-14840,217533348,0.139,minimize,0.0,74,74,2300,-640701868,1550,6864,-14840,6903702,1199.227,3048,1469818,0.771537,0.0,3000,1469818,MaxEff,0.94,800,0,3811,4.236,1500
Chuffed BBval,jobshop,jobshop/jobshop.mzn,jobshop/dzn/ta54_4a_alloc1.dzn:jobshop/generated_bounds/MaxEffSpread/ta54_4a_alloc1_MaxEffSpread.dzn,SATISFIED,1200.5871505513787,762,4095411,288709,3052,285655,-14912,301010948,0.135,minimize,0.0,70,70,2300,2079929688,1550,6867,-14912,3197023,1199.243,3051,844751,0.757303,0.0,3000,844751,MaxEff,0.94,800,0,3817,11.609,1500
Chuffed BB,jobshop,jobshop/jobshop.mzn,jobshop/dzn/ta80_5a_alloc1.dzn:jobshop/generated_bounds/MaxEffSpread/ta80_5a_alloc1_MaxEffSpread.dzn,SATISFIED,1201.4044105727226,2018,1874109,1532694,8089,1524603,-42044,263698995,0.374,minimize,0.0,178,178,6100,-398247849,4100,18209,-42044,1287937,1198.117,8088,226112,1.88492,0.0,8000,226112,MaxEff,3.16,2100,0,10096,344.672,4000
Chuffed BB,jobshop,jobshop/jobshop.mzn,jobshop/dzn/ta68_3a_alloc1.dzn:jobshop/generated_bounds/MaxEffSpread/ta68_3a_alloc1_MaxEffSpread.dzn,SATISFIED,1200.7459556348622,1014,2063701,353976,4045,349929,-18468,290335271,0.187,minimize,0.0,53,53,3050,647301470,2050,9115,-18468,1411188,1198.984,4044,598309,1.01576,0.0,4000,598309,MaxEff,0.94,1050,0,5058,44.158,2000
Chuffed Prop,jobshop,jobshop/jobshop.mzn,jobshop/dzn/ta50_3a_alloc1.dzn:jobshop/generated_bounds/MaxEffSpread/ta50_3a_alloc1_MaxEffSpread.dzn,OPTIMAL_SOLUTION,568.7678225524724,601,2062941,296905,2434,294469,-9429,274455216,0.114,minimize,0.0,47,47,1830,1772026132,1230,5484,-9429,1854304,567.514,2433,184690,0.650165,0.0,2400,184690,MaxEff,0.63,630,0,3056,298.037,1200
Chuffed Prop,jobshop,jobshop/jobshop.mzn,jobshop/dzn/ta71_8a_alloc1.dzn:jobshop/generated_bounds/MaxEffSpread/ta71_8a_alloc1_MaxEffSpread.dzn,SATISFIED,1200.6989507544786,,,,,,-43450,,,minimize,,,186,6100,,4100,18213,,,,8092,,1.89022,,8000,,MaxEff,,2100,0,,,4000
Chuffed BB,jobshop,jobshop/jobshop.mzn,jobshop/dzn/ta69_4a_alloc1.dzn:jobshop/generated_bounds/MaxEffSpread/ta69_4a_alloc1_MaxEffSpread.dzn,SATISFIED,1200.80037682876,1017,3161119,444555,4050,440503,-21629,257151469,0.19,minimize,0.0,72,72,3050,917138173,2050,9120,-21629,2465228,1198.994,4049,622272,1.00876,0.0,4000,622272,MaxEff,1.41,1050,0,5068,1135.144,2000
Chuffed Prop,jobshop,jobshop/jobshop.mzn,jobshop/dzn/ta71_10a_alloc1.dzn:jobshop/generated_bounds/MaxEffSpread/ta71_10a_alloc1_MaxEffSpread.dzn,SATISFIED,1200.6879352033138,,,,,,-42392,,,minimize,,,193,6100,,4100,18215,,,,8094,,1.88833,,8000,,MaxEff,,2100,0,,,4000
Chuffed BBval,jobshop,jobshop/jobshop.mzn,jobshop/dzn/ta38_3a_alloc1.dzn:jobshop/generated_bounds/MaxEffSpread/ta38_3a_alloc1_MaxEffSpread.dzn,SATISFIED,1200.4738110676408,459,3028291,175345,1833,173510,-7574,500503762,0.081,minimize,0.0,21,21,1380,2107993859,930,4128,-7574,1997499,1199.522,1832,1021028,0.476948,0.0,1800,1021028,MaxEff,0.63,480,0,2299,851.479,900
Chuffed BBval,jobshop,jobshop/jobshop.mzn,jobshop/dzn/ta72_10a_alloc1.dzn:jobshop/generated_bounds/MaxEffSpread/ta72_10a_alloc1_MaxEffSpread.dzn,SATISFIED,1201.0863973759115,2017,5201824,547070,8092,538976,-24411,845845653,0.377,minimize,0.0,86,86,6100,726521782,4100,18212,-24411,4808364,1198.081,8091,219034,1.9241,0.0,8000,219034,MaxEff,1.41,2100,0,10102,1094.203,4000
Chuffed BBval,jobshop,jobshop/jobshop.mzn,jobshop/dzn/ta80_8a_alloc1.dzn:jobshop/generated_bounds/MaxEffSpread/ta80_8a_alloc1_MaxEffSpread.dzn,SATISFIED,1201.3947037905455,2017,1648005,1373895,8092,1365801,-41113,203782105,0.371,minimize,0.0,181,181,6100,879518683,4100,18212,-41113,910715,1198.102,8091,371358,1.9008,0.0,8000,371358,MaxEff,3.16,2100,0,10102,62.511,4000
Chuffed BB,jobshop,jobshop/jobshop.mzn,jobshop/dzn/ta56_5a_alloc1.dzn:jobshop/generated_bounds/MaxEffSpread/ta56_5a_alloc1_MaxEffSpread.dzn,SATISFIED,1200.673073463142,765,4099338,293188,3049,290137,-16020,238873606,0.141,minimize,0.0,73,73,2300,691886605,1550,6864,-16020,3030720,1199.218,3048,1012465,0.781322,0.0,3000,1012465,MaxEff,0.94,800,0,3811,13.066,1500
Chuffed BB,jobshop,jobshop/jobshop.mzn,jobshop/dzn/ta54_5a_alloc1.dzn:jobshop/generated_bounds/MaxEffSpread/ta54_5a_alloc1_MaxEffSpread.dzn,SATISFIED,1200.6444410532713,763,3796205,387474,3053,384419,-16651,338933500,0.138,minimize,0.0,104,104,2300,-1474998543,1550,6868,-16651,3100401,1199.231,3052,616328,0.767352,0.0,3000,616328,MaxEff,0.94,800,0,3819,385.669,1500
Chuffed Prop,jobshop,jobshop/jobshop.mzn,jobshop/dzn/ta75_9a_alloc1.dzn:jobshop/generated_bounds/MaxEffSpread/ta75_9a_alloc1_MaxEffSpread.dzn,SATISFIED,1200.6239681877196,,,,,,-24739,,,minimize,,,165,6100,,4100,18208,,,,8087,,1.89926,,8000,,MaxEff,,2100,0,,,4000
Chuffed Prop,jobshop,jobshop/jobshop.mzn,jobshop/dzn/ta54_5a_alloc1.dzn:jobshop/generated_bounds/MaxEffSpread/ta54_5a_alloc1_MaxEffSpread.dzn,SATISFIED,1200.4346597958356,,,,,,-16651,,,minimize,,,104,2300,,1550,6868,,,,3052,,0.77211,,3000,,MaxEff,,800,0,,,1500
Chuffed Prop,jobshop,jobshop/jobshop.mzn,jobshop/dzn/ta76_6a_alloc1.dzn:jobshop/generated_bounds/MaxEffSpread/ta76_6a_alloc1_MaxEffSpread.dzn,SATISFIED,1200.6960392221808,,,,,,-43268,,,minimize,,,177,6100,,4100,18206,,,,8085,,1.89903,,8000,,MaxEff,,2100,0,,,4000
Chuffed BBval,jobshop,jobshop/jobshop.mzn,jobshop/dzn/ta76_8a_alloc1.dzn:jobshop/generated_bounds/MaxEffSpread/ta76_8a_alloc1_MaxEffSpread.dzn,SATISFIED,1201.3849874846637,2020,4907561,1433604,8088,1425514,-42332,207857420,0.39,minimize,0.0,294,294,6100,929463755,4100,18208,-42332,3823458,1198.013,8087,489996,1.98644,0.0,8000,489996,MaxEff,3.16,2100,0,10094,186.257,4000
Chuffed BB,jobshop,jobshop/jobshop.mzn,jobshop/dzn/ta72_6a_alloc1.dzn:jobshop/generated_bounds/MaxEffSpread/ta72_6a_alloc1_MaxEffSpread.dzn,SATISFIED,1201.4332376383245,2019,2368123,1453227,8088,1445137,-43043,172432945,0.384,minimize,0.0,158,158,6100,-922696171,4100,18208,-43043,1661713,1198.104,8087,386342,1.89672,0.0,8000,386342,MaxEff,3.16,2100,0,10094,1068.132,4000
Chuffed BB,jobshop,jobshop/jobshop.mzn,jobshop/dzn/ta43_2a_alloc1.dzn:jobshop/generated_bounds/MaxEffSpread/ta43_2a_alloc1_MaxEffSpread.dzn,SATISFIED,1200.5524953920394,608,3417335,278993,2426,276565,-9869,581161936,0.112,minimize,0.0,35,35,1830,-1027498421,1230,5476,-9869,3041277,1199.395,2425,355840,0.607409,0.0,2400,355840,MaxEff,0.94,630,0,3040,825.898,1200
Chuffed Prop,jobshop,jobshop/jobshop.mzn,jobshop/dzn/ta76_9a_alloc1.dzn:jobshop/generated_bounds/MaxEffSpread/ta76_9a_alloc1_MaxEffSpread.dzn,SATISFIED,1200.6544940713793,,,,,,-29394,,,minimize,,,307,6100,,4100,18209,,,,8088,,1.89407,,8000,,MaxEff,,2100,0,,,4000
Chuffed Prop,jobshop,jobshop/jobshop.mzn,jobshop/dzn/ta46_2a_alloc1.dzn:jobshop/generated_bounds/MaxEffSpread/ta46_2a_alloc1_MaxEffSpread.dzn,SATISFIED,1200.424523146823,,,,,,-10385,,,minimize,,,22,1830,,1230,5482,,,,2431,,0.650531,,2400,,MaxEff,,630,0,,,1200
Chuffed BB,jobshop,jobshop/jobshop.mzn,jobshop/dzn/ta78_6a_alloc1.dzn:jobshop/generated_bounds/MaxEffSpread/ta78_6a_alloc1_MaxEffSpread.dzn,SATISFIED,1201.4835946988314,2022,2921545,1745517,8088,1737427,-43913,419559489,0.382,minimize,0.0,298,298,6100,-1668115550,4100,18208,-43913,2218072,1198.109,8087,100391,1.89485,0.0,8000,100391,MaxEff,3.16,2100,0,10094,1191.78,4000
Chuffed BBval,jobshop,jobshop/jobshop.mzn,jobshop/dzn/ta76_5a_alloc1.dzn:jobshop/generated_bounds/MaxEffSpread/ta76_5a_alloc1_MaxEffSpread.dzn,SATISFIED,1201.3748814482242,2020,1666090,1386063,8085,1377976,-43025,187901581,0.39,minimize,0.0,171,171,6100,587890450,4100,18205,-43025,982257,1198.08,8084,337664,1.92509,0.0,8000,337664,MaxEff,3.16,2100,0,10088,61.82,4000
Chuffed Prop,jobshop,jobshop/jobshop.mzn,jobshop/dzn/ta53_4a_alloc1.dzn:jobshop/generated_bounds/MaxEffSpread/ta53_4a_alloc1_MaxEffSpread.dzn,SATISFIED,1200.4294288232923,,,,,,-15213,,,minimize,,,60,2300,,1550,6865,,,,3049,,0.768173,,3000,,MaxEff,,800,0,,,1500
Chuffed BBval,jobshop,jobshop/jobshop.mzn,jobshop/dzn/ta47_3a_alloc1.dzn:jobshop/generated_bounds/MaxEffSpread/ta47_3a_alloc1_MaxEffSpread.dzn,OPTIMAL_SOLUTION,113.66865002177656,602,541475,246262,2432,243828,-9610,72928128,0.113,minimize,0.0,35,35,1830,-1779853838,1230,5482,-9610,482030,112.526,2431,43384,0.647968,0.0,2400,43384,MaxEff,0.63,630,0,3052,84.853,1200
Chuffed BBval,jobshop,jobshop/jobshop.mzn,jobshop/dzn/ta72_6a_alloc1.dzn:jobshop/generated_bounds/MaxEffSpread/ta72_6a_alloc1_MaxEffSpread.dzn,SATISFIED,1201.3991681281477,2018,2264233,1510616,8088,1502526,-43834,167871190,0.38,minimize,0.0,160,160,6100,2075701310,4100,18208,-43834,1585499,1198.109,8087,354819,1.88989,0.0,8000,354819,MaxEff,3.16,2100,0,10094,1196.927,4000
Chuffed BB,jobshop,jobshop/jobshop.mzn,jobshop/dzn/ta75_5a_alloc1.dzn:jobshop/generated_bounds/MaxEffSpread/ta75_5a_alloc1_MaxEffSpread.dzn,SATISFIED,1201.3611199688166,2019,2002318,1401879,8084,1393793,-43933,198705546,0.383,minimize,0.0,145,145,6100,653031053,4100,18204,-43933,1284317,1198.029,8083,424171,1.97053,0.0,8000,424171,MaxEff,3.16,2100,0,10086,72.104,4000
Chuffed BBval,jobshop,jobshop/jobshop.mzn,jobshop/dzn/ta71_7a_alloc1.dzn:jobshop/generated_bounds/MaxEffSpread/ta71_7a_alloc1_MaxEffSpread.dzn,SATISFIED,1201.186276819557,2017,4028349,1002475,8092,994381,-33338,637200709,0.382,minimize,0.0,151,151,6100,634813226,4100,18212,-33338,3563079,1198.158,8091,160002,1.84304,0.0,8000,160002,MaxEff,2.11,2100,0,10102,1047.099999,4000
Chuffed BB,jobshop,jobshop/jobshop.mzn,jobshop/dzn/ta77_8a_alloc1.dzn:jobshop/generated_bounds/MaxEffSpread/ta77_8a_alloc1_MaxEffSpread.dzn,SATISFIED,1201.3972413074225,2020,2122830,1441248,8097,1433149,-42791,194684281,0.387,minimize,0.0,140,140,6100,-2005740396,4100,18217,-42791,1517461,1198.135,8096,321486,1.86435,0.0,8000,321486,MaxEff,3.16,2100,0,10112,1150.862,4000
Chuffed Prop,jobshop,jobshop/jobshop.mzn,jobshop/dzn/ta38_3a_alloc1.dzn:jobshop/generated_bounds/MaxEffSpread/ta38_3a_alloc1_MaxEffSpread.dzn,SATISFIED,1200.4747882392257,,,,,,-7574,,,minimize,,,21,1380,,930,4128,,,,1832,,0.513484,,1800,,MaxEff,,480,0,,,900
Chuffed Prop,jobshop,jobshop/jobshop.mzn,jobshop/dzn/ta35_2a_alloc1.dzn:jobshop/generated_bounds/MaxEffSpread/ta35_2a_alloc1_MaxEffSpread.dzn,SATISFIED,1200.4788275696337,,,,,,-8448,,,minimize,,,38,1380,,930,4125,,,,1829,,0.510275,,1800,,MaxEff,,480,0,,,900
Chuffed BB,jobshop,jobshop/jobshop.mzn,jobshop/dzn/ta34_2a_alloc1.dzn:jobshop/generated_bounds/MaxEffSpread/ta34_2a_alloc1_MaxEffSpread.dzn,SATISFIED,1200.5227045398206,462,2240605,203527,1833,201692,-10261,420534043,0.087,minimize,0.0,33,33,1380,876895142,930,4128,-10261,1370486,1199.508,1832,854750,0.490395,0.0,1800,854750,MaxEff,0.94,480,0,2299,307.37,900
Chuffed Prop,jobshop,jobshop/jobshop.mzn,jobshop/dzn/ta76_5a_alloc1.dzn:jobshop/generated_bounds/MaxEffSpread/ta76_5a_alloc1_MaxEffSpread.dzn,SATISFIED,1200.6792001202703,,,,,,-43025,,,minimize,,,171,6100,,4100,18205,,,,8084,,1.88392,,8000,,MaxEff,,2100,0,,,4000
Chuffed BB,jobshop,jobshop/jobshop.mzn,jobshop/dzn/ta73_6a_alloc1.dzn:jobshop/generated_bounds/MaxEffSpread/ta73_6a_alloc1_MaxEffSpread.dzn,SATISFIED,1201.4185477942228,2020,2844344,1455561,8091,1447468,-44407,351452906,0.396,minimize,0.0,209,209,6100,156173198,4100,18211,-44407,2175117,1198.036,8090,246396,1.96421,0.0,8000,246396,MaxEff,3.16,2100,0,10100,485.766,4000
Chuffed BBval,jobshop,jobshop/jobshop.mzn,jobshop/dzn/ta34_2a_alloc1.dzn:jobshop/generated_bounds/MaxEffSpread/ta34_2a_alloc1_MaxEffSpread.dzn,SATISFIED,1200.5043787136674,461,2102299,202247,1833,200412,-10261,422906928,0.082,minimize,0.0,33,33,1380,-1219367468,930,4128,-10261,1247812,1199.51,1832,839144,0.48736,0.0,1800,839144,MaxEff,0.94,480,0,2299,317.776,900
Chuffed BBval,jobshop,jobshop/jobshop.mzn,jobshop/dzn/ta76_6a_alloc1.dzn:jobshop/generated_bounds/MaxEffSpread/ta76_6a_alloc1_MaxEffSpread.dzn,SATISFIED,1201.3578779045492,2020,2833723,1427641,8086,1419553,-43268,170150623,0.388,minimize,0.0,177,177,6100,1317952684,4100,18206,-43268,2063771,1198.029,8085,411632,1.96995,0.0,8000,411632,MaxEff,3.16,2100,0,10090,723.269,4000
Chuffed Prop,jobshop,jobshop/jobshop.mzn,jobshop/dzn/ta78_5a_alloc1.dzn:jobshop/generated_bounds/MaxEffSpread/ta78_5a_alloc1_MaxEffSpread.dzn,SATISFIED,1200.686367854476,,,,,,-43882,,,minimize,,,155,6100,,4100,18207,,,,8086,,1.94553,,8000,,MaxEff,,2100,0,,,4000
Chuffed BBval,jobshop,jobshop/jobshop.mzn,jobshop/dzn/ta70_4a_alloc1.dzn:jobshop/generated_bounds/MaxEffSpread/ta70_4a_alloc1_MaxEffSpread.dzn,SATISFIED,1200.7640813551843,1013,1712009,408017,4045,403970,-20191,348146803,0.188,minimize,0.0,65,65,3050,1227937412,2050,9115,-20191,1154070,1199.0,4044,491698,0.999399,0.0,4000,491698,MaxEff,1.41,1050,0,5058,35.046,2000
Chuffed BB,jobshop,jobshop/jobshop.mzn,jobshop/dzn/ta63_4a_alloc1.dzn:jobshop/generated_bounds/MaxEffSpread/ta63_4a_alloc1_MaxEffSpread.dzn,SATISFIED,1200.7488538976759,1015,3735141,352445,4051,348392,-16393,252370380,0.187,minimize,0.0,80,80,3050,-501699360,2050,9121,-16393,2833900,1198.986,4050,819622,1.0133,0.0,4000,819622,MaxEff,0.94,1050,0,5070,38.483,2000
Chuffed BBval,jobshop,jobshop/jobshop.mzn,jobshop/dzn/ta51_5a_alloc1.dzn:jobshop/generated_bounds/MaxEffSpread/ta51_5a_alloc1_MaxEffSpread.dzn,SATISFIED,1200.5900418534875,763,6103959,225290,3053,222235,-14933,216175434,0.141,minimize,0.0,70,70,2300,-1054281148,1550,6868,-14933,4709543,1199.225,3052,1340643,0.773434,0.0,3000,1340643,MaxEff,0.94,800,0,3819,4.604,1500
Chuffed Prop,jobshop,jobshop/jobshop.mzn,jobshop/dzn/ta74_7a_alloc1.dzn:jobshop/generated_bounds/MaxEffSpread/ta74_7a_alloc1_MaxEffSpread.dzn,SATISFIED,1200.7069276515394,,,,,,-46430,,,minimize,,,206,6100,,4100,18207,,,,8086,,2.01077,,8000,,MaxEff,,2100,0,,,4000
Chuffed BBval,jobshop,jobshop/jobshop.mzn,jobshop/dzn/ta31_2a_alloc1.dzn:jobshop/generated_bounds/MaxEffSpread/ta31_2a_alloc1_MaxEffSpread.dzn,SATISFIED,1200.4761486500502,458,3199310,185877,1829,184046,-7729,453264258,0.08,minimize,0.0,22,22,1380,-1333773584,930,4124,-7729,2222546,1199.516,1828,966485,0.481937,0.0,1800,966485,MaxEff,0.63,480,0,2291,10.93,900
Chuffed Prop,jobshop,jobshop/jobshop.mzn,jobshop/dzn/ta74_5a_alloc1.dzn:jobshop/generated_bounds/MaxEffSpread/ta74_5a_alloc1_MaxEffSpread.dzn,SATISFIED,1200.6968113034964,,,,,,-47213,,,minimize,,,133,6100,,4100,18205,,,,8084,,1.89347,,8000,,MaxEff,,2100,0,,,4000
Chuffed Prop,jobshop,jobshop/jobshop.mzn,jobshop/dzn/ta33_2a_alloc1.dzn:jobshop/generated_bounds/MaxEffSpread/ta33_2a_alloc1_MaxEffSpread.dzn,SATISFIED,1200.4035806376487,,,,,,-9438,,,minimize,,,31,1380,,930,4127,,,,1831,,0.51598,,1800,,MaxEff,,480,0,,,900
Chuffed BBval,jobshop,jobshop/jobshop.mzn,jobshop/dzn/ta59_3a_alloc1.dzn:jobshop/generated_bounds/MaxEffSpread/ta59_3a_alloc1_MaxEffSpread.dzn,SATISFIED,1200.5766070801765,760,5072330,223404,3049,220353,-14640,272255451,0.139,minimize,0.0,60,60,2300,969019183,1550,6864,-14640,3699593,1199.213,3048,1326687,0.786231,0.0,3000,1326687,MaxEff,0.94,800,0,3811,4.876,1500
Chuffed BBval,jobshop,jobshop/jobshop.mzn,jobshop/dzn/ta61_5a_alloc1.dzn:jobshop/generated_bounds/MaxEffSpread/ta61_5a_alloc1_MaxEffSpread.dzn,SATISFIED,1200.777684621513,1014,5505238,444661,4047,440612,-19581,464971650,0.194,minimize,0.0,82,82,3050,1905009034,2050,9117,-19581,4856134,1198.972,4046,565623,1.02577,0.0,4000,565623,MaxEff,0.94,1050,0,5062,267.836,2000
Chuffed BB,jobshop,jobshop/jobshop.mzn,jobshop/dzn/ta78_10a_alloc1.dzn:jobshop/generated_bounds/MaxEffSpread/ta78_10a_alloc1_MaxEffSpread.dzn,SATISFIED,1201.2835596930236,2021,1708526,1314698,8092,1306604,-38894,576908896,0.376,minimize,0.0,171,171,6100,-1969774882,4100,18212,-38894,1308198,1198.138,8091,54323,1.8741,0.0,8000,54323,MaxEff,3.16,2100,0,10102,785.33,4000
Chuffed Prop,jobshop,jobshop/jobshop.mzn,jobshop/dzn/ta66_4a_alloc1.dzn:jobshop/generated_bounds/MaxEffSpread/ta66_4a_alloc1_MaxEffSpread.dzn,SATISFIED,1200.501021688804,,,,,,-18688,,,minimize,,,46,3050,,2050,9117,,,,4046,,1.01301,,4000,,MaxEff,,1050,0,,,2000
Chuffed Prop,jobshop,jobshop/jobshop.mzn,jobshop/dzn/ta60_4a_alloc1.dzn:jobshop/generated_bounds/MaxEffSpread/ta60_4a_alloc1_MaxEffSpread.dzn,SATISFIED,1200.435924148187,,,,,,-15124,,,minimize,,,78,2300,,1550,6868,,,,3052,,0.775215,,3000,,MaxEff,,800,0,,,1500
Chuffed BBval,jobshop,jobshop/jobshop.mzn,jobshop/dzn/ta77_8a_alloc1.dzn:jobshop/generated_bounds/MaxEffSpread/ta77_8a_alloc1_MaxEffSpread.dzn,SATISFIED,1201.3435748629272,2019,1939178,1322654,8097,1314555,-41750,198538842,0.386,minimize,0.0,133,133,6100,-1118996909,4100,18217,-41750,1324998,1198.07,8096,344529,1.9328,0.0,8000,344529,MaxEff,3.16,2100,0,10112,1041.645,4000
Chuffed Prop,jobshop,jobshop/jobshop.mzn,jobshop/dzn/ta67_5a_alloc1.dzn:jobshop/generated_bounds/MaxEffSpread/ta67_5a_alloc1_MaxEffSpread.dzn,SATISFIED,1200.4966768417507,,,,,,-17895,,,minimize,,,52,3050,,2050,9119,,,,4048,,1.01398,,4000,,MaxEff,,1050,0,,,2000
Chuffed Prop,jobshop,jobshop/jobshop.mzn,jobshop/dzn/ta66_3a_alloc1.dzn:jobshop/generated_bounds/MaxEffSpread/ta66_3a_alloc1_MaxEffSpread.dzn,SATISFIED,1200.5609991643578,,,,,,-19501,,,minimize,,,51,3050,,2050,9116,,,,4045,,1.05675,,4000,,MaxEff,,1050,0,,,2000
Chuffed BB,jobshop,jobshop/jobshop.mzn,jobshop/dzn/ta76_8a_alloc1.dzn:jobshop/generated_bounds/MaxEffSpread/ta76_8a_alloc1_MaxEffSpread.dzn,SATISFIED,1201.384454505518,2021,4857745,1419597,8088,1411507,-42332,164132105,0.39,minimize,0.0,294,294,6100,137994315,4100,18208,-42332,3736345,1198.001,8087,527028,1.99939,0.0,8000,527028,MaxEff,3.16,2100,0,10094,131.13,4000
Chuffed Prop,jobshop,jobshop/jobshop.mzn,jobshop/dzn/ta76_10a_alloc1.dzn:jobshop/generated_bounds/MaxEffSpread/ta76_10a_alloc1_MaxEffSpread.dzn,SATISFIED,1200.7139030676335,,,,,,-42563,,,minimize,,,234,6100,,4100,18210,,,,8089,,1.88912,,8000,,MaxEff,,2100,0,,,4000
Chuffed BB,jobshop,jobshop/jobshop.mzn,jobshop/dzn/ta52_4a_alloc1.dzn:jobshop/generated_bounds/MaxEffSpread/ta52_4a_alloc1_MaxEffSpread.dzn,SATISFIED,1200.6461855191737,764,2708193,334498,3049,331447,-16628,266563883,0.138,minimize,0.0,58,58,2300,-1187141730,1550,6864,-16628,1909809,1199.234,3048,753698,0.765345,0.0,3000,753698,MaxEff,0.94,800,0,3811,44.624,1500
Chuffed BBval,jobshop,jobshop/jobshop.mzn,jobshop/dzn/ta41_3a_alloc1.dzn:jobshop/generated_bounds/MaxEffSpread/ta41_3a_alloc1_MaxEffSpread.dzn,SATISFIED,1200.5582662522793,608,3660724,297979,2433,295544,-11012,520128605,0.111,minimize,0.0,46,46,1830,1824891626,1230,5483,-11012,3231227,1199.363,2432,402918,0.635401,0.0,2400,402918,MaxEff,0.94,630,0,3054,539.098,1200
Chuffed BB,jobshop,jobshop/jobshop.mzn,jobshop/dzn/ta79_5a_alloc1.dzn:jobshop/generated_bounds/MaxEffSpread/ta79_5a_alloc1_MaxEffSpread.dzn,SATISFIED,1201.346782233566,2022,1707255,1383955,8086,1375867,-44118,218490028,0.379,minimize,0.0,130,130,6100,-1913400506,4100,18206,-44118,1144092,1198.119,8085,299346,1.87934,0.0,8000,299346,MaxEff,3.16,2100,0,10090,262.153,4000
Chuffed Prop,jobshop,jobshop/jobshop.mzn,jobshop/dzn/ta57_4a_alloc1.dzn:jobshop/generated_bounds/MaxEffSpread/ta57_4a_alloc1_MaxEffSpread.dzn,SATISFIED,1200.4440880399197,,,,,,-14881,,,minimize,,,77,2300,,1550,6865,,,,3049,,0.770003,,3000,,MaxEff,,800,0,,,1500
Chuffed BBval,jobshop,jobshop/jobshop.mzn,jobshop/dzn/ta74_8a_alloc1.dzn:jobshop/generated_bounds/MaxEffSpread/ta74_8a_alloc1_MaxEffSpread.dzn,SATISFIED,1201.1751808617264,2019,3088554,936113,8088,928023,-32705,627892572,0.385,minimize,0.0,128,128,6100,-1747307750,4100,18208,-32705,2708073,1198.156,8087,121451,1.84509,0.0,8000,121451,MaxEff,2.11,2100,0,10094,945.999,4000
Chuffed BBval,jobshop,jobshop/jobshop.mzn,jobshop/dzn/ta78_10a_alloc1.dzn:jobshop/generated_bounds/MaxEffSpread/ta78_10a_alloc1_MaxEffSpread.dzn,SATISFIED,1201.2604458257556,2020,2378159,1222512,8092,1214418,-38706,546040541,0.375,minimize,0.0,164,164,6100,-801819403,4100,18212,-38706,1964444,1198.142,8091,82017,1.8694,0.0,8000,82017,MaxEff,3.16,2100,0,10102,762.12,4000
Chuffed BB,jobshop,jobshop/jobshop.mzn,jobshop/dzn/ta54_3a_alloc1.dzn:jobshop/generated_bounds/MaxEffSpread/ta54_3a_alloc1_MaxEffSpread.dzn,SATISFIED,1200.6260889843106,763,2528387,317840,3051,314787,-15857,303446987,0.139,minimize,0.0,53,53,2300,-878072825,1550,6866,-15857,1862827,1199.23,3050,624750,0.76798,0.0,3000,624750,MaxEff,0.94,800,0,3815,6.96,1500
Chuffed BBval,jobshop,jobshop/jobshop.mzn,jobshop/dzn/ta61_4a_alloc1.dzn:jobshop/generated_bounds/MaxEffSpread/ta61_4a_alloc1_MaxEffSpread.dzn,SATISFIED,1200.7351233605295,1014,14550854,425984,4046,421936,-19136,903963542,0.187,minimize,0.0,110,110,3050,605789699,2050,9116,-19136,13793316,1198.988,4045,645660,1.01011,0.0,4000,645660,MaxEff,0.94,1050,0,5060,1195.498,2000
Chuffed Prop,jobshop,jobshop/jobshop.mzn,jobshop/dzn/ta65_3a_alloc1.dzn:jobshop/generated_bounds/MaxEffSpread/ta65_3a_alloc1_MaxEffSpread.dzn,SATISFIED,1200.505552455783,,,,,,-18669,,,minimize,,,68,3050,,2050,9116,,,,4045,,1.014529,,4000,,MaxEff,,1050,0,,,2000
Chuffed Prop,jobshop,jobshop/jobshop.mzn,jobshop/dzn/ta62_5a_alloc1.dzn:jobshop/generated_bounds/MaxEffSpread/ta62_5a_alloc1_MaxEffSpread.dzn,SATISFIED,1200.496688110754,,,,,,-18896,,,minimize,,,86,3050,,2050,9121,,,,4050,,1.00908,,4000,,MaxEff,,1050,0,,,2000
Chuffed BB,jobshop,jobshop/jobshop.mzn,jobshop/dzn/ta40_2a_alloc1.dzn:jobshop/generated_bounds/MaxEffSpread/ta40_2a_alloc1_MaxEffSpread.dzn,SATISFIED,1200.512564085424,457,4694097,168392,1829,166561,-7212,447069185,0.082,minimize,0.0,22,22,1380,1003207563,930,4124,-7212,3491254,1199.507,1828,1192539,0.490889,0.0,1800,1192539,MaxEff,0.63,480,0,2291,355.277,900
Chuffed BB,jobshop,jobshop/jobshop.mzn,jobshop/dzn/ta49_3a_alloc1.dzn:jobshop/generated_bounds/MaxEffSpread/ta49_3a_alloc1_MaxEffSpread.dzn,SATISFIED,1200.5576089955866,611,2872155,219053,2431,216620,-9637,500265901,0.112,minimize,0.0,34,34,1830,1770283611,1230,5481,-9637,2141100,1199.392,2430,710133,0.609447,0.0,2400,710133,MaxEff,0.94,630,0,3050,178.335,1200
Chuffed BBval,jobshop,jobshop/jobshop.mzn,jobshop/dzn/ta37_2a_alloc1.dzn:jobshop/generated_bounds/MaxEffSpread/ta37_2a_alloc1_MaxEffSpread.dzn,SATISFIED,1200.5203782711178,461,3756934,167113,1833,165278,-8284,416228726,0.088,minimize,0.0,28,28,1380,1387317647,930,4128,-8284,2699714,1199.505,1832,1044106,0.492572,0.0,1800,1044106,MaxEff,0.63,480,0,2299,224.311,900
Chuffed BB,jobshop,jobshop/jobshop.mzn,jobshop/dzn/ta64_5a_alloc1.dzn:jobshop/generated_bounds/MaxEffSpread/ta64_5a_alloc1_MaxEffSpread.dzn,SATISFIED,1200.8332063890994,1017,2703184,425168,4040,421126,-17751,364222434,0.186,minimize,0.0,121,121,3050,-497052432,2050,9110,-17751,1807671,1198.974,4039,772324,1.02482,0.0,4000,772324,MaxEff,0.94,1050,0,5048,197.477,2000
Chuffed BBval,jobshop,jobshop/jobshop.mzn,jobshop/dzn/ta71_8a_alloc1.dzn:jobshop/generated_bounds/MaxEffSpread/ta71_8a_alloc1_MaxEffSpread.dzn,SATISFIED,1201.4195271581411,2018,2477324,1465950,8093,1457855,-43450,182429950,0.386,minimize,0.0,186,186,6100,-1070895949,4100,18213,-43450,1719947,1198.049,8092,381206,1.94899,0.0,8000,381206,MaxEff,3.16,2100,0,10104,728.088,4000
Chuffed BB,jobshop,jobshop/jobshop.mzn,jobshop/dzn/ta70_4a_alloc1.dzn:jobshop/generated_bounds/MaxEffSpread/ta70_4a_alloc1_MaxEffSpread.dzn,SATISFIED,1200.7695381902158,1014,1726187,405585,4045,401538,-20191,346605881,0.191,minimize,0.0,65,65,3050,-1642718626,2050,9115,-20191,1141719,1198.985,4044,518173,1.01286,0.0,4000,518173,MaxEff,1.41,1050,0,5058,32.67,2000
Chuffed BB,jobshop,jobshop/jobshop.mzn,jobshop/dzn/ta79_10a_alloc1.dzn:jobshop/generated_bounds/MaxEffSpread/ta79_10a_alloc1_MaxEffSpread.dzn,SATISFIED,1201.293654948473,2020,3241019,966975,8091,958882,-27017,529708783,0.384,minimize,0.0,237,237,6100,-526753581,4100,18211,-27017,2640755,1198.104,8090,121363,1.90162,0.0,8000,121363,MaxEff,1.41,2100,0,10100,1183.704,4000
Chuffed Prop,jobshop,jobshop/jobshop.mzn,jobshop/dzn/ta56_5a_alloc1.dzn:jobshop/generated_bounds/MaxEffSpread/ta56_5a_alloc1_MaxEffSpread.dzn,SATISFIED,1200.4416005313396,,,,,,-16020,,,minimize,,,73,2300,,1550,6864,,,,3048,,0.772508,,3000,,MaxEff,,800,0,,,1500
Chuffed Prop,jobshop,jobshop/jobshop.mzn,jobshop/dzn/ta63_4a_alloc1.dzn:jobshop/generated_bounds/MaxEffSpread/ta63_4a_alloc1_MaxEffSpread.dzn,SATISFIED,1200.5763464365155,,,,,,-16393,,,minimize,,,80,3050,,2050,9121,,,,4050,,0.997464,,4000,,MaxEff,,1050,0,,,2000
Chuffed BB,jobshop,jobshop/jobshop.mzn,jobshop/dzn/ta60_5a_alloc1.dzn:jobshop/generated_bounds/MaxEffSpread/ta60_5a_alloc1_MaxEffSpread.dzn,SATISFIED,1200.6031324025244,765,6473461,257079,3054,254023,-13619,252058855,0.138,minimize,0.0,99,99,2300,-1905029037,1550,6869,-13619,4687973,1199.229,3053,1709552,0.769522,0.0,3000,1709552,MaxEff,0.63,800,0,3821,11.759,1500
Chuffed Prop,jobshop,jobshop/jobshop.mzn,jobshop/dzn/ta77_8a_alloc1.dzn:jobshop/generated_bounds/MaxEffSpread/ta77_8a_alloc1_MaxEffSpread.dzn,SATISFIED,1200.672292592004,,,,,,-41750,,,minimize,,,133,6100,,4100,18217,,,,8096,,1.88637,,8000,,MaxEff,,2100,0,,,4000
Chuffed BBval,jobshop,jobshop/jobshop.mzn,jobshop/dzn/ta64_4a_alloc1.dzn:jobshop/generated_bounds/MaxEffSpread/ta64_4a_alloc1_MaxEffSpread.dzn,SATISFIED,1200.7878994662315,1016,1962149,359521,4039,355480,-18229,360513146,0.181,minimize,0.0,66,66,3050,-1989150666,2050,9109,-18229,1372364,1198.933,4038,522351,1.06554,0.0,4000,522351,MaxEff,1.41,1050,0,5046,124.994,2000
Chuffed Prop,jobshop,jobshop/jobshop.mzn,jobshop/dzn/ta44_2a_alloc1.dzn:jobshop/generated_bounds/MaxEffSpread/ta44_2a_alloc1_MaxEffSpread.dzn,SATISFIED,1200.4280886147171,,,,,,-11710,,,minimize,,,32,1830,,1230,5481,,,,2430,,0.649597,,2400,,MaxEff,,630,0,,,1200
Chuffed BBval,jobshop,jobshop/jobshop.mzn,jobshop/dzn/ta45_2a_alloc1.dzn:jobshop/generated_bounds/MaxEffSpread/ta45_2a_alloc1_MaxEffSpread.dzn,SATISFIED,1200.545271249488,607,3162668,260358,2428,257928,-10893,467036613,0.112,minimize,0.0,27,27,1830,-1429622890,1230,5478,-10893,2472378,1199.356,2427,673989,0.642105,0.0,2400,673989,MaxEff,0.94,630,0,3044,137.238,1200
Chuffed Prop,jobshop,jobshop/jobshop.mzn,jobshop/dzn/ta63_3a_alloc1.dzn:jobshop/generated_bounds/MaxEffSpread/ta63_3a_alloc1_MaxEffSpread.dzn,SATISFIED,1200.5015058722347,,,,,,-16919,,,minimize,,,51,3050,,2050,9120,,,,4049,,1.013779,,4000,,MaxEff,,1050,0,,,2000
Chuffed BB,jobshop,jobshop/jobshop.mzn,jobshop/dzn/ta36_2a_alloc1.dzn:jobshop/generated_bounds/MaxEffSpread/ta36_2a_alloc1_MaxEffSpread.dzn,SATISFIED,1200.5674062315375,461,3580578,186463,1833,184628,-8472,381500250,0.085,minimize,0.0,31,31,1380,-1574554933,930,4128,-8472,2613001,1199.497,1832,953152,0.500245,0.0,1800,953152,MaxEff,0.63,480,0,2299,1170.159,900
Chuffed Prop,jobshop,jobshop/jobshop.mzn,jobshop/dzn/ta76_8a_alloc1.dzn:jobshop/generated_bounds/MaxEffSpread/ta76_8a_alloc1_MaxEffSpread.dzn,SATISFIED,1200.6572308689356,,,,,,-42332,,,minimize,,,294,6100,,4100,18208,,,,8087,,2.00942,,8000,,MaxEff,,2100,0,,,4000
Chuffed BB,jobshop,jobshop/jobshop.mzn,jobshop/dzn/ta32_3a_alloc1.dzn:jobshop/generated_bounds/MaxEffSpread/ta32_3a_alloc1_MaxEffSpread.dzn,SATISFIED,1200.5875130724162,460,2904989,231061,1833,229226,-8801,458035035,0.086,minimize,0.0,50,50,1380,-1181753272,930,4128,-8801,2064177,1199.484,1832,817807,0.514665,0.0,1800,817807,MaxEff,0.63,480,0,2299,849.379,900
Chuffed Prop,jobshop,jobshop/jobshop.mzn,jobshop/dzn/ta65_4a_alloc1.dzn:jobshop/generated_bounds/MaxEffSpread/ta65_4a_alloc1_MaxEffSpread.dzn,SATISFIED,1200.5682340804487,,,,,,-17892,,,minimize,,,58,3050,,2050,9117,,,,4046,,1.01116,,4000,,MaxEff,,1050,0,,,2000
Chuffed BBval,jobshop,jobshop/jobshop.mzn,jobshop/dzn/ta55_3a_alloc1.dzn:jobshop/generated_bounds/MaxEffSpread/ta55_3a_alloc1_MaxEffSpread.dzn,SATISFIED,1200.579272562638,762,7656841,196384,3048,193334,-12972,235582145,0.139,minimize,0.0,47,47,2300,-824425155,1550,6863,-12972,5815917,1199.214,3047,1804583,0.784441,0.0,3000,1804583,MaxEff,0.63,800,0,3809,2.458,1500
Chuffed BB,jobshop,jobshop/jobshop.mzn,jobshop/dzn/ta55_4a_alloc1.dzn:jobshop/generated_bounds/MaxEffSpread/ta55_4a_alloc1_MaxEffSpread.dzn,SATISFIED,1200.6204840019345,763,5018185,210855,3049,207804,-12244,242088795,0.141,minimize,0.0,60,60,2300,-1388927740,1550,6864,-12244,3580135,1199.229,3048,1391763,0.768641,0.0,3000,1391763,MaxEff,0.63,800,0,3811,4.935,1500
Chuffed Dcmp,jobshop,jobshop/jobshop.mzn,jobshop/dzn/ta80_7a_alloc1.dzn:jobshop/generated_bounds/MaxEffSpread/ta80_7a_alloc1_MaxEffSpread.dzn,SATISFIED,1201.5262494143099,2017,4527917,1812477,8114,1804361,-40296,153124007,0.375,minimize,0.0,163,163,6100,787549759,4100,18240,-40296,3779015,1198.101,8112,419305,1.89604,0.0,8000,419305,MaxEff_dcmp,3.16,2100,0,10130,132.637,4000
Chuffed Dcmp,jobshop,jobshop/jobshop.mzn,jobshop/dzn/ta50_3a_alloc1.dzn:jobshop/generated_bounds/MaxEffSpread/ta50_3a_alloc1_MaxEffSpread.dzn,OPTIMAL_SOLUTION,1127.8625099994242,602,2055872,518212,2445,515765,-9429,285070419,0.113,minimize,0.0,47,47,1830,-1703302600,1230,5497,-9429,1843818,1126.507,2443,188167,0.659059,0.0,2400,188167,MaxEff_dcmp,0.63,630,0,3070,547.797,1200
Chuffed Dcmp,jobshop,jobshop/jobshop.mzn,jobshop/dzn/ta54_3a_alloc1.dzn:jobshop/generated_bounds/MaxEffSpread/ta54_3a_alloc1_MaxEffSpread.dzn,SATISFIED,1200.619888626039,762,3747350,369698,3062,366634,-15857,283715632,0.138,minimize,0.0,53,53,2300,-366317735,1550,6879,-15857,3092284,1199.212,3060,615767,0.788924,0.0,3000,615767,MaxEff_dcmp,0.94,800,0,3829,18.568,1500
Chuffed Dcmp,jobshop,jobshop/jobshop.mzn,jobshop/dzn/ta36_2a_alloc1.dzn:jobshop/generated_bounds/MaxEffSpread/ta36_2a_alloc1_MaxEffSpread.dzn,SATISFIED,1200.5223488826305,459,3508873,190609,1841,188766,-8043,371256992,0.082,minimize,0.0,30,30,1380,1021254904,930,4137,-8043,2564601,1199.491,1839,930301,0.510555,0.0,1800,930301,MaxEff_dcmp,0.63,480,0,2309,512.546,900
Chuffed Dcmp,jobshop,jobshop/jobshop.mzn,jobshop/dzn/ta67_4a_alloc1.dzn:jobshop/generated_bounds/MaxEffSpread/ta67_4a_alloc1_MaxEffSpread.dzn,SATISFIED,1200.8127312660217,1011,15934584,538947,4062,534883,-18538,298414502,0.184,minimize,0.0,49,49,3050,183551054,2050,9135,-18538,15383712,1198.987,4060,514863,1.01216,0.0,4000,514863,MaxEff_dcmp,1.41,1050,0,5082,157.693,2000
Chuffed Dcmp,jobshop,jobshop/jobshop.mzn,jobshop/dzn/ta45_2a_alloc1.dzn:jobshop/generated_bounds/MaxEffSpread/ta45_2a_alloc1_MaxEffSpread.dzn,SATISFIED,1200.5863960701972,607,2895290,278308,2436,275870,-10893,455936670,0.11,minimize,0.0,27,27,1830,-1256696187,1230,5487,-10893,2250240,1199.353,2434,628749,0.645505,0.0,2400,628749,MaxEff_dcmp,0.94,630,0,3054,153.522,1200
Chuffed Dcmp,jobshop,jobshop/jobshop.mzn,jobshop/dzn/ta75_7a_alloc1.dzn:jobshop/generated_bounds/MaxEffSpread/ta75_7a_alloc1_MaxEffSpread.dzn,SATISFIED,1201.5040281042457,2019,2367775,1726686,8109,1718575,-44353,183184004,0.388,minimize,0.0,132,132,6100,-1399332214,4100,18235,-44353,1748856,1198.063,8107,351542,1.93911,0.0,8000,351542,MaxEff_dcmp,3.16,2100,0,10120,107.392,4000
Chuffed Dcmp,jobshop,jobshop/jobshop.mzn,jobshop/dzn/ta65_3a_alloc1.dzn:jobshop/generated_bounds/MaxEffSpread/ta65_3a_alloc1_MaxEffSpread.dzn,SATISFIED,1200.8397452495992,1013,3520214,584029,4057,579970,-18669,339253399,0.193,minimize,0.0,68,68,3050,-1622987684,2050,9129,-18669,2779886,1198.981,4055,672291,1.01887,0.0,4000,672291,MaxEff_dcmp,2.11,1050,0,5074,296.142,2000
Chuffed Dcmp,jobshop,jobshop/jobshop.mzn,jobshop/dzn/ta63_3a_alloc1.dzn:jobshop/generated_bounds/MaxEffSpread/ta63_3a_alloc1_MaxEffSpread.dzn,SATISFIED,1200.850675540045,1015,7023165,572967,4061,568904,-16919,251270053,0.187,minimize,0.0,51,51,3050,-1164138969,2050,9133,-16919,6262789,1198.978,4059,711155,1.02035,0.0,4000,711155,MaxEff_dcmp,2.11,1050,0,5082,333.344,2000
Chuffed Dcmp,jobshop,jobshop/jobshop.mzn,jobshop/dzn/ta50_2a_alloc1.dzn:jobshop/generated_bounds/MaxEffSpread/ta50_2a_alloc1_MaxEffSpread.dzn,SATISFIED,1200.6650969926268,602,1942959,457908,2441,455465,-9588,362350107,0.111,minimize,0.0,39,39,1830,-1044246238,1230,5492,-9588,1753173,1199.342,2439,168739,0.656294,0.0,2400,168739,MaxEff_dcmp,0.63,630,0,3064,1031.262999,1200
Chuffed Dcmp,jobshop,jobshop/jobshop.mzn,jobshop/dzn/ta61_5a_alloc1.dzn:jobshop/generated_bounds/MaxEffSpread/ta61_5a_alloc1_MaxEffSpread.dzn,UNKNOWN,1200.83285587281,1004,13946619,725841,4064,721775,,30656562,0.183,minimize,0.0,0,0,3050,676378034,2050,9138,-1,13746271,1199.0,4062,213005,1.00467,0.0,4000,213005,MaxEff_dcmp,1.41,1050,0,5084,0.0,2000
Chuffed Dcmp,jobshop,jobshop/jobshop.mzn,jobshop/dzn/ta33_3a_alloc1.dzn:jobshop/generated_bounds/MaxEffSpread/ta33_3a_alloc1_MaxEffSpread.dzn,SATISFIED,1200.5526559464633,459,2930030,254241,1844,252395,-8977,423217541,0.083,minimize,0.0,55,55,1380,-1484697994,930,4141,-8977,2025518,1199.451,1842,879694,0.547645,0.0,1800,879694,MaxEff_dcmp,0.63,480,0,2313,137.523,900
Chuffed Dcmp,jobshop,jobshop/jobshop.mzn,jobshop/dzn/ta51_4a_alloc1.dzn:jobshop/generated_bounds/MaxEffSpread/ta51_4a_alloc1_MaxEffSpread.dzn,SATISFIED,1200.6609760913998,762,15578112,463362,3066,460294,-14795,274682207,0.137,minimize,0.0,56,56,2300,-822408767,1550,6884,-14795,14363851,1199.195,3064,1186768,0.802624,0.0,3000,1186768,MaxEff_dcmp,0.94,800,0,3835,134.169,1500
Chuffed Dcmp,jobshop,jobshop/jobshop.mzn,jobshop/dzn/ta57_4a_alloc1.dzn:jobshop/generated_bounds/MaxEffSpread/ta57_4a_alloc1_MaxEffSpread.dzn,SATISFIED,1200.7035655230284,764,17793511,716340,3064,713274,-14881,226346778,0.138,minimize,0.0,77,77,2300,1622763726,1550,6882,-14881,16256929,1199.218,3062,1492300,0.779388,0.0,3000,1492300,MaxEff_dcmp,0.94,800,0,3831,164.311,1500
Chuffed Dcmp,jobshop,jobshop/jobshop.mzn,jobshop/dzn/ta77_6a_alloc1.dzn:jobshop/generated_bounds/MaxEffSpread/ta77_6a_alloc1_MaxEffSpread.dzn,SATISFIED,1201.4358322359622,2019,4996090,1490345,8115,1482228,-40408,186059146,0.385,minimize,0.0,128,128,6100,-952407971,4100,18240,-40408,4373965,1198.112,8113,364073,1.88623,0.0,8000,364073,MaxEff_dcmp,3.16,2100,0,10134,127.753,4000
Chuffed Dcmp,jobshop,jobshop/jobshop.mzn,jobshop/dzn/ta40_2a_alloc1.dzn:jobshop/generated_bounds/MaxEffSpread/ta40_2a_alloc1_MaxEffSpread.dzn,SATISFIED,1200.5684735421091,456,4617723,171603,1837,169764,-7212,439131290,0.083,minimize,0.0,22,22,1380,-1815532915,930,4133,-7212,3435595,1199.486,1835,1171826,0.512889,0.0,1800,1171826,MaxEff_dcmp,0.63,480,0,2301,364.314,900
Chuffed Dcmp,jobshop,jobshop/jobshop.mzn,jobshop/dzn/ta73_5a_alloc1.dzn:jobshop/generated_bounds/MaxEffSpread/ta73_5a_alloc1_MaxEffSpread.dzn,SATISFIED,1201.618127655238,2020,7314027,2162877,8107,2154768,-44299,202595154,0.378,minimize,0.0,211,211,6100,1781495128,4100,18231,-44299,6678217,1198.113,8105,212148,1.88782,0.0,8000,212148,MaxEff_dcmp,3.16,2100,0,10120,548.726,4000
Chuffed Dcmp,jobshop,jobshop/jobshop.mzn,jobshop/dzn/ta70_3a_alloc1.dzn:jobshop/generated_bounds/MaxEffSpread/ta70_3a_alloc1_MaxEffSpread.dzn,SATISFIED,1200.8423641007394,1013,3487587,596294,4055,592237,-19299,281199505,0.185,minimize,0.0,62,62,3050,-1548860653,2050,9127,-19299,2903427,1198.988,4053,521027,1.013509,0.0,4000,521027,MaxEff_dcmp,3.16,1050,0,5070,38.202,2000
Chuffed Dcmp,jobshop,jobshop/jobshop.mzn,jobshop/dzn/ta75_10a_alloc1.dzn:jobshop/generated_bounds/MaxEffSpread/ta75_10a_alloc1_MaxEffSpread.dzn,SATISFIED,1201.7070941645652,,,,,,-38374,,,minimize,,,178,6100,,4100,18250,,,,8119,,1.90325,,8000,,MaxEff_dcmp,,2100,0,,,4000
Chuffed Dcmp,jobshop,jobshop/jobshop.mzn,jobshop/dzn/ta76_10a_alloc1.dzn:jobshop/generated_bounds/MaxEffSpread/ta76_10a_alloc1_MaxEffSpread.dzn,SATISFIED,1201.7450720574707,,,,,,-38587,,,minimize,,,235,6100,,4100,18251,,,,8120,,1.88755,,8000,,MaxEff_dcmp,,2100,0,,,4000
Chuffed Dcmp,jobshop,jobshop/jobshop.mzn,jobshop/dzn/ta66_3a_alloc1.dzn:jobshop/generated_bounds/MaxEffSpread/ta66_3a_alloc1_MaxEffSpread.dzn,SATISFIED,1200.8344698939472,1013,2632478,624934,4057,620875,-19501,283960011,0.187,minimize,0.0,51,51,3050,-195778212,2050,9129,-19501,1963465,1198.983,4055,617447,1.01875,0.0,4000,617447,MaxEff_dcmp,3.16,1050,0,5074,1035.98,2000
Chuffed Dcmp,jobshop,jobshop/jobshop.mzn,jobshop/dzn/ta65_5a_alloc1.dzn:jobshop/generated_bounds/MaxEffSpread/ta65_5a_alloc1_MaxEffSpread.dzn,SATISFIED,1200.8428221531212,1013,13895225,594996,4065,590929,-18669,319387900,0.183,minimize,0.0,64,64,3050,-201171833,2050,9139,-18669,13182714,1198.985,4063,659109,1.012259,0.0,4000,659109,MaxEff_dcmp,1.41,1050,0,5086,590.034,2000
Chuffed Dcmp,jobshop,jobshop/jobshop.mzn,jobshop/dzn/ta66_4a_alloc1.dzn:jobshop/generated_bounds/MaxEffSpread/ta66_4a_alloc1_MaxEffSpread.dzn,SATISFIED,1200.8193155638874,1012,14483583,548583,4061,544520,-18688,286059924,0.187,minimize,0.0,46,46,3050,-186097046,2050,9134,-18688,13914604,1198.988,4059,534308,1.01309,0.0,4000,534308,MaxEff_dcmp,0.94,1050,0,5080,562.663,2000
Chuffed Dcmp,jobshop,jobshop/jobshop.mzn,jobshop/dzn/ta71_8a_alloc1.dzn:jobshop/generated_bounds/MaxEffSpread/ta71_8a_alloc1_MaxEffSpread.dzn,SATISFIED,1201.5910481903702,2018,2958157,1908897,8119,1900776,-44033,168904860,0.388,minimize,0.0,178,178,6100,-388122338,4100,18246,-44033,2260646,1198.103,8117,337429,1.89532,0.0,8000,337429,MaxEff_dcmp,3.16,2100,0,10138,846.037,4000
Chuffed Dcmp,jobshop,jobshop/jobshop.mzn,jobshop/dzn/ta35_3a_alloc1.dzn:jobshop/generated_bounds/MaxEffSpread/ta35_3a_alloc1_MaxEffSpread.dzn,SATISFIED,1200.5288724768907,460,3745337,246755,1842,244911,-7830,436008329,0.081,minimize,0.0,60,60,1380,-1292958014,930,4139,-7830,2663386,1199.483,1840,1054584,0.516162,0.0,1800,1054584,MaxEff_dcmp,0.94,480,0,2309,922.987,900
Chuffed Dcmp,jobshop,jobshop/jobshop.mzn,jobshop/dzn/ta34_2a_alloc1.dzn:jobshop/generated_bounds/MaxEffSpread/ta34_2a_alloc1_MaxEffSpread.dzn,SATISFIED,1200.5081364437938,461,2152658,207589,1841,205746,-10261,412980967,0.083,minimize,0.0,33,33,1380,-1058236597,930,4137,-10261,1318537,1199.481,1839,818793,0.517051,0.0,1800,818793,MaxEff_dcmp,0.94,480,0,2309,314.878,900
Chuffed Dcmp,jobshop,jobshop/jobshop.mzn,jobshop/dzn/ta78_9a_alloc1.dzn:jobshop/generated_bounds/MaxEffSpread/ta78_9a_alloc1_MaxEffSpread.dzn,SATISFIED,1201.6767665613443,,,,,,-27953,,,minimize,,,127,6100,,4100,18248,,,,8118,,1.89641,,8000,,MaxEff_dcmp,,2100,0,,,4000
Chuffed Dcmp,jobshop,jobshop/jobshop.mzn,jobshop/dzn/ta52_3a_alloc1.dzn:jobshop/generated_bounds/MaxEffSpread/ta52_3a_alloc1_MaxEffSpread.dzn,SATISFIED,1200.591042296961,762,5543712,292737,3059,289676,-15141,213630559,0.14,minimize,0.0,52,52,2300,1830177057,1550,6876,-15141,4593743,1199.218,3057,910667,0.779413,0.0,3000,910667,MaxEff_dcmp,0.94,800,0,3823,8.978,1500
Chuffed Dcmp,jobshop,jobshop/jobshop.mzn,jobshop/dzn/ta78_6a_alloc1.dzn:jobshop/generated_bounds/MaxEffSpread/ta78_6a_alloc1_MaxEffSpread.dzn,SATISFIED,1201.6690723169595,,,,,,-41155,,,minimize,,,285,6100,,4100,18233,,,,8106,,1.88309,,8000,,MaxEff_dcmp,,2100,0,,,4000
Chuffed Dcmp,jobshop,jobshop/jobshop.mzn,jobshop/dzn/ta63_4a_alloc1.dzn:jobshop/generated_bounds/MaxEffSpread/ta63_4a_alloc1_MaxEffSpread.dzn,SATISFIED,1200.9185634758323,1014,16688264,770458,4065,766391,-16393,228281702,0.186,minimize,0.0,80,80,3050,-966756655,2050,9138,-16393,15903141,1198.997,4063,717580,1.001849,0.0,4000,717580,MaxEff_dcmp,0.94,1050,0,5088,219.743,2000
Chuffed Dcmp,jobshop,jobshop/jobshop.mzn,jobshop/dzn/ta68_4a_alloc1.dzn:jobshop/generated_bounds/MaxEffSpread/ta68_4a_alloc1_MaxEffSpread.dzn,SATISFIED,1200.811607548967,1012,14889381,631130,4060,627068,-17586,322694166,0.186,minimize,0.0,60,60,3050,2051634967,2050,9133,-17586,14362842,1198.981,4058,477984,1.01677,0.0,4000,477984,MaxEff_dcmp,0.94,1050,0,5078,184.929,2000
Chuffed Dcmp,jobshop,jobshop/jobshop.mzn,jobshop/dzn/ta78_7a_alloc1.dzn:jobshop/generated_bounds/MaxEffSpread/ta78_7a_alloc1_MaxEffSpread.dzn,SATISFIED,1201.5971503444016,2020,3121208,2141247,8112,2133133,-42651,182112782,0.382,minimize,0.0,183,183,6100,-1535020098,4100,18238,-42651,2243082,1198.115,8110,508011,1.88395,0.0,8000,508011,MaxEff_dcmp,3.16,2100,0,10126,162.37,4000
Chuffed Dcmp,jobshop,jobshop/jobshop.mzn,jobshop/dzn/ta51_3a_alloc1.dzn:jobshop/generated_bounds/MaxEffSpread/ta51_3a_alloc1_MaxEffSpread.dzn,SATISFIED,1200.5876641254872,762,9038591,310214,3062,307150,-14399,191168454,0.138,minimize,0.0,72,72,2300,-757897552,1550,6879,-14399,7357467,1199.199,3060,1626968,0.798018,0.0,3000,1626968,MaxEff_dcmp,0.63,800,0,3829,21.219,1500
Chuffed Dcmp,jobshop,jobshop/jobshop.mzn,jobshop/dzn/ta48_2a_alloc1.dzn:jobshop/generated_bounds/MaxEffSpread/ta48_2a_alloc1_MaxEffSpread.dzn,SATISFIED,1200.6283242702484,608,3152638,348319,2439,345878,-10595,437766814,0.109,minimize,0.0,47,47,1830,1945302656,1230,5490,-10595,2609342,1199.349,2437,515409,0.649219,0.0,2400,515409,MaxEff_dcmp,0.94,630,0,3060,772.633,1200
Chuffed Dcmp,jobshop,jobshop/jobshop.mzn,jobshop/dzn/ta68_5a_alloc1.dzn:jobshop/generated_bounds/MaxEffSpread/ta68_5a_alloc1_MaxEffSpread.dzn,SATISFIED,1200.8114763926715,1013,13017798,628397,4064,624331,-18487,350244015,0.179,minimize,0.0,86,86,3050,152374855,2050,9138,-18487,12476831,1198.988,4062,464877,1.010559,0.0,4000,464877,MaxEff_dcmp,1.41,1050,0,5084,164.617,2000
Chuffed Dcmp,jobshop,jobshop/jobshop.mzn,jobshop/dzn/ta53_4a_alloc1.dzn:jobshop/generated_bounds/MaxEffSpread/ta53_4a_alloc1_MaxEffSpread.dzn,SATISFIED,1200.6607033796608,765,16136104,507819,3064,504753,-15213,219289672,0.14,minimize,0.0,60,60,2300,-2114413381,1550,6882,-15213,15026587,1199.225,3062,1078046,0.773455,0.0,3000,1078046,MaxEff_dcmp,0.94,800,0,3831,127.681,1500
Chuffed Dcmp,jobshop,jobshop/jobshop.mzn,jobshop/dzn/ta55_4a_alloc1.dzn:jobshop/generated_bounds/MaxEffSpread/ta55_4a_alloc1_MaxEffSpread.dzn,SATISFIED,1200.7275646086782,762,17301284,481928,3063,478863,-12244,242080360,0.137,minimize,0.0,60,60,2300,1202187411,1550,6881,-12244,16037206,1199.221,3061,1234630,0.777614,0.0,3000,1234630,MaxEff_dcmp,0.63,800,0,3829,148.179,1500
Chuffed Dcmp,jobshop,jobshop/jobshop.mzn,jobshop/dzn/ta77_5a_alloc1.dzn:jobshop/generated_bounds/MaxEffSpread/ta77_5a_alloc1_MaxEffSpread.dzn,SATISFIED,1201.6808103304356,,,,,,-40839,,,minimize,,,286,6100,,4100,18235,,,,8109,,1.83517,,8000,,MaxEff_dcmp,,2100,0,,,4000
Chuffed Dcmp,jobshop,jobshop/jobshop.mzn,jobshop/dzn/ta58_4a_alloc1.dzn:jobshop/generated_bounds/MaxEffSpread/ta58_4a_alloc1_MaxEffSpread.dzn,SATISFIED,1200.681418625638,763,13746874,528511,3069,525440,-16400,275205426,0.14,minimize,0.0,65,65,2300,-654500784,1550,6887,-16400,13194015,1199.215,3067,518729,0.783656,0.0,3000,518729,MaxEff_dcmp,0.94,800,0,3841,133.616,1500
Chuffed Dcmp,jobshop,jobshop/jobshop.mzn,jobshop/dzn/ta69_3a_alloc1.dzn:jobshop/generated_bounds/MaxEffSpread/ta69_3a_alloc1_MaxEffSpread.dzn,SATISFIED,1200.8505741488189,1016,4343985,662905,4060,658843,-21599,215855481,0.188,minimize,0.0,62,62,3050,987213215,2050,9132,-21599,3709196,1198.982,4058,572713,1.01908,0.0,4000,572713,MaxEff_dcmp,2.11,1050,0,5080,857.873,2000
Chuffed Dcmp,jobshop,jobshop/jobshop.mzn,jobshop/dzn/ta60_5a_alloc1.dzn:jobshop/generated_bounds/MaxEffSpread/ta60_5a_alloc1_MaxEffSpread.dzn,SATISFIED,1200.7146658133715,764,16904660,607041,3071,603968,-13619,259952823,0.139,minimize,0.0,99,99,2300,-1874231335,1550,6890,-13619,15324547,1199.225,3069,1519803,0.773689,0.0,3000,1519803,MaxEff_dcmp,0.94,800,0,3843,149.742,1500
Chuffed Dcmp,jobshop,jobshop/jobshop.mzn,jobshop/dzn/ta74_8a_alloc1.dzn:jobshop/generated_bounds/MaxEffSpread/ta74_8a_alloc1_MaxEffSpread.dzn,SATISFIED,1201.6419555712491,,,,,,-30613,,,minimize,,,136,6100,,4100,18241,,,,8112,,1.88151,,8000,,MaxEff_dcmp,,2100,0,,,4000
Chuffed Dcmp,jobshop,jobshop/jobshop.mzn,jobshop/dzn/ta75_6a_alloc1.dzn:jobshop/generated_bounds/MaxEffSpread/ta75_6a_alloc1_MaxEffSpread.dzn,SATISFIED,1201.515881717205,2019,3392082,1867590,8105,1859483,-42811,192184124,0.374,minimize,0.0,181,181,6100,-1297272083,4100,18230,-42811,2642524,1198.119,8103,384189,1.87954,0.0,8000,384189,MaxEff_dcmp,3.16,2100,0,10114,100.169,4000
Chuffed Dcmp,jobshop,jobshop/jobshop.mzn,jobshop/dzn/ta79_10a_alloc1.dzn:jobshop/generated_bounds/MaxEffSpread/ta79_10a_alloc1_MaxEffSpread.dzn,UNKNOWN,1201.487759752199,2004,3510079,1469172,8123,1461047,,9260316,0.388,minimize,0.0,0,0,6100,-1918821945,4100,18252,-1,3353276,1198.119,8121,154801,1.90378,0.0,8000,154801,MaxEff_dcmp,10.68,2100,0,10142,0.0,4000
Chuffed Dcmp,jobshop,jobshop/jobshop.mzn,jobshop/dzn/ta73_9a_alloc1.dzn:jobshop/generated_bounds/MaxEffSpread/ta73_9a_alloc1_MaxEffSpread.dzn,SATISFIED,1201.562559420243,2015,2791366,1912158,8123,1904033,-21037,62362784,0.376,minimize,0.0,81,81,6100,1498005987,4100,18251,-21037,2598689,1198.129,8121,28860,1.89411,0.0,8000,28860,MaxEff_dcmp,3.16,2100,0,10144,390.573,4000
Chuffed Dcmp,jobshop,jobshop/jobshop.mzn,jobshop/dzn/ta70_5a_alloc1.dzn:jobshop/generated_bounds/MaxEffSpread/ta70_5a_alloc1_MaxEffSpread.dzn,SATISFIED,1200.821482796222,1013,15200202,603857,4063,599792,-19229,252253477,0.189,minimize,0.0,61,61,3050,1679145297,2050,9137,-19229,14570553,1198.99,4061,579962,1.00831,0.0,4000,579962,MaxEff_dcmp,1.41,1050,0,5082,143.766,2000
Chuffed Dcmp,jobshop,jobshop/jobshop.mzn,jobshop/dzn/ta79_6a_alloc1.dzn:jobshop/generated_bounds/MaxEffSpread/ta79_6a_alloc1_MaxEffSpread.dzn,SATISFIED,1201.5971248503774,2018,2465145,1819779,8107,1811670,-22454,87712151,0.375,minimize,0.0,111,111,6100,-1960775705,4100,18232,-22454,2207354,1198.163,8105,33532,1.91317,0.0,8000,33532,MaxEff_dcmp,1.41,2100,0,10118,773.431,4000
Chuffed Dcmp,jobshop,jobshop/jobshop.mzn,jobshop/dzn/ta36_3a_alloc1.dzn:jobshop/generated_bounds/MaxEffSpread/ta36_3a_alloc1_MaxEffSpread.dzn,SATISFIED,1200.538860116154,459,4512552,223050,1845,221203,-8278,394274802,0.083,minimize,0.0,29,29,1380,1525730649,930,4142,-8278,3421638,1199.477,1843,1077435,0.521699,0.0,1800,1077435,MaxEff_dcmp,0.63,480,0,2315,1046.935,900
Chuffed Dcmp,jobshop,jobshop/jobshop.mzn,jobshop/dzn/ta51_5a_alloc1.dzn:jobshop/generated_bounds/MaxEffSpread/ta51_5a_alloc1_MaxEffSpread.dzn,SATISFIED,1200.6764054819942,763,17260647,494617,3070,491545,-14933,215247800,0.139,minimize,0.0,70,70,2300,-493960919,1550,6889,-14933,15906395,1199.235,3068,1315963,0.763572,0.0,3000,1315963,MaxEff_dcmp,0.94,800,0,3841,118.876,1500
Chuffed Dcmp,jobshop,jobshop/jobshop.mzn,jobshop/dzn/ta69_5a_alloc1.dzn:jobshop/generated_bounds/MaxEffSpread/ta69_5a_alloc1_MaxEffSpread.dzn,SATISFIED,1200.863795928657,1016,14279336,713589,4068,709519,-20727,236926948,0.187,minimize,0.0,75,75,3050,814138977,2050,9142,-20727,13625991,1198.984,4066,588173,1.01393,0.0,4000,588173,MaxEff_dcmp,1.41,1050,0,5092,168.117,2000
Chuffed Dcmp,jobshop,jobshop/jobshop.mzn,jobshop/dzn/ta77_8a_alloc1.dzn:jobshop/generated_bounds/MaxEffSpread/ta77_8a_alloc1_MaxEffSpread.dzn,SATISFIED,1201.4038832001388,2018,3265069,1559739,8123,1551614,-38039,197433025,0.377,minimize,0.0,116,116,6100,303469724,4100,18250,-38039,2696584,1198.079,8121,333183,1.9192,0.0,8000,333183,MaxEff_dcmp,3.16,2100,0,10146,88.747,4000
Chuffed Dcmp,jobshop,jobshop/jobshop.mzn,jobshop/dzn/ta75_5a_alloc1.dzn:jobshop/generated_bounds/MaxEffSpread/ta75_5a_alloc1_MaxEffSpread.dzn,SATISFIED,1201.4436335843056,2018,7018691,1684303,8101,1676200,-43933,175616887,0.381,minimize,0.0,145,145,6100,1280172234,4100,18225,-43933,6354682,1198.133,8099,372889,1.86681,0.0,8000,372889,MaxEff_dcmp,3.16,2100,0,10108,148.86,4000
Chuffed Dcmp,jobshop,jobshop/jobshop.mzn,jobshop/dzn/ta37_3a_alloc1.dzn:jobshop/generated_bounds/MaxEffSpread/ta37_3a_alloc1_MaxEffSpread.dzn,SATISFIED,1200.5626112800092,461,3467459,170645,1845,168798,-8284,403722376,0.083,minimize,0.0,30,30,1380,27702622,930,4142,-8284,2410941,1199.483,1843,1042525,0.515489,0.0,1800,1042525,MaxEff_dcmp,0.63,480,0,2315,183.256,900
Chuffed Dcmp,jobshop,jobshop/jobshop.mzn,jobshop/dzn/ta47_3a_alloc1.dzn:jobshop/generated_bounds/MaxEffSpread/ta47_3a_alloc1_MaxEffSpread.dzn,OPTIMAL_SOLUTION,57.25453538261354,602,290454,287058,2443,284613,-9610,30118006,0.111,minimize,0.0,35,35,1830,-225302636,1230,5495,-9610,245349,56.089,2441,29085,0.65662,0.0,2400,29085,MaxEff_dcmp,0.63,630,0,3066,44.347,1200
Chuffed Dcmp,jobshop,jobshop/jobshop.mzn,jobshop/dzn/ta72_8a_alloc1.dzn:jobshop/generated_bounds/MaxEffSpread/ta72_8a_alloc1_MaxEffSpread.dzn,SATISFIED,1201.689965153113,,,,,,-35772,,,minimize,,,230,6100,,4100,18243,,,,8114,,1.90164,,8000,,MaxEff_dcmp,,2100,0,,,4000
Chuffed Dcmp,jobshop,jobshop/jobshop.mzn,jobshop/dzn/ta59_3a_alloc1.dzn:jobshop/generated_bounds/MaxEffSpread/ta59_3a_alloc1_MaxEffSpread.dzn,SATISFIED,1200.582247549668,760,6326166,280328,3060,277266,-14640,282914404,0.138,minimize,0.0,60,60,2300,1590062159,1550,6877,-14640,4974143,1199.217,3058,1307837,0.781958,0.0,3000,1307837,MaxEff_dcmp,0.94,800,0,3825,20.469,1500
Chuffed Dcmp,jobshop,jobshop/jobshop.mzn,jobshop/dzn/ta32_2a_alloc1.dzn:jobshop/generated_bounds/MaxEffSpread/ta32_2a_alloc1_MaxEffSpread.dzn,SATISFIED,1200.5653205718845,459,3337931,266490,1840,264648,-8878,429463461,0.085,minimize,0.0,37,37,1380,1746255698,930,4136,-8878,2586081,1199.484,1838,734851,0.514116,0.0,1800,734851,MaxEff_dcmp,0.63,480,0,2307,1153.335,900
Chuffed Dcmp,jobshop,jobshop/jobshop.mzn,jobshop/dzn/ta49_2a_alloc1.dzn:jobshop/generated_bounds/MaxEffSpread/ta49_2a_alloc1_MaxEffSpread.dzn,SATISFIED,1200.5432454999536,609,2334752,233387,2438,230947,-10289,473925877,0.108,minimize,0.0,26,26,1830,1559276987,1230,5489,-10289,1700134,1199.347,2436,618554,0.652479,0.0,2400,618554,MaxEff_dcmp,0.94,630,0,3058,259.481,1200
Chuffed Dcmp,jobshop,jobshop/jobshop.mzn,jobshop/dzn/ta75_8a_alloc1.dzn:jobshop/generated_bounds/MaxEffSpread/ta75_8a_alloc1_MaxEffSpread.dzn,SATISFIED,1201.7303575985134,,,,,,-29979,,,minimize,,,129,6100,,4100,18240,,,,8111,,1.88438,,8000,,MaxEff_dcmp,,2100,0,,,4000
Chuffed Dcmp,jobshop,jobshop/jobshop.mzn,jobshop/dzn/ta54_4a_alloc1.dzn:jobshop/generated_bounds/MaxEffSpread/ta54_4a_alloc1_MaxEffSpread.dzn,SATISFIED,1200.7314567547292,762,14701354,598163,3066,595095,-14912,281948280,0.138,minimize,0.0,70,70,2300,-794727,1550,6884,-14912,13844039,1199.218,3064,818203,0.780172,0.0,3000,818203,MaxEff_dcmp,0.94,800,0,3835,140.62,1500
Chuffed Dcmp,jobshop,jobshop/jobshop.mzn,jobshop/dzn/ta56_3a_alloc1.dzn:jobshop/generated_bounds/MaxEffSpread/ta56_3a_alloc1_MaxEffSpread.dzn,SATISFIED,1200.6638289596885,764,3349425,322061,3058,319001,-15896,259337564,0.141,minimize,0.0,61,61,2300,67037683,1550,6875,-15896,2477238,1199.224,3056,825472,0.773452,0.0,3000,825472,MaxEff_dcmp,0.94,800,0,3821,8.087999,1500
Chuffed Dcmp,jobshop,jobshop/jobshop.mzn,jobshop/dzn/ta64_5a_alloc1.dzn:jobshop/generated_bounds/MaxEffSpread/ta64_5a_alloc1_MaxEffSpread.dzn,SATISFIED,1200.931750131771,1015,16470005,833601,4057,829542,-17751,339981470,0.184,minimize,0.0,121,121,3050,233572344,2050,9131,-17751,15609598,1198.99,4055,753294,1.00977,0.0,4000,753294,MaxEff_dcmp,0.94,1050,0,5070,400.911,2000
Chuffed Dcmp,jobshop,jobshop/jobshop.mzn,jobshop/dzn/ta60_4a_alloc1.dzn:jobshop/generated_bounds/MaxEffSpread/ta60_4a_alloc1_MaxEffSpread.dzn,SATISFIED,1200.7235203329474,765,15254463,615310,3067,612241,-15124,275637912,0.14,minimize,0.0,78,78,2300,-738319032,1550,6885,-15124,14369070,1199.221,3065,842035,0.774972,0.0,3000,842035,MaxEff_dcmp,0.94,800,0,3837,694.238,1500
Chuffed Dcmp,jobshop,jobshop/jobshop.mzn,jobshop/dzn/ta46_2a_alloc1.dzn:jobshop/generated_bounds/MaxEffSpread/ta46_2a_alloc1_MaxEffSpread.dzn,SATISFIED,1200.5734082441777,606,3080802,275646,2440,273204,-10385,491293395,0.112,minimize,0.0,22,22,1830,-1424956451,1230,5491,-10385,2412342,1199.339,2438,655086,0.657867,0.0,2400,655086,MaxEff_dcmp,0.94,630,0,3062,12.042,1200
Chuffed Dcmp,jobshop,jobshop/jobshop.mzn,jobshop/dzn/ta53_5a_alloc1.dzn:jobshop/generated_bounds/MaxEffSpread/ta53_5a_alloc1_MaxEffSpread.dzn,SATISFIED,1200.7185098305345,765,13859444,540113,3068,537043,-15127,242132787,0.141,minimize,0.0,51,51,2300,-1030571081,1550,6887,-15127,12927134,1199.211,3066,907313,0.787133,0.0,3000,907313,MaxEff_dcmp,0.94,800,0,3837,117.17,1500
Chuffed Dcmp,jobshop,jobshop/jobshop.mzn,jobshop/dzn/ta79_5a_alloc1.dzn:jobshop/generated_bounds/MaxEffSpread/ta79_5a_alloc1_MaxEffSpread.dzn,SATISFIED,1201.4424424413592,2021,6377512,1677372,8103,1669267,-44118,194869924,0.376,minimize,0.0,130,130,6100,1436750012,4100,18227,-44118,5827935,1198.106,8101,288244,1.89182,0.0,8000,288244,MaxEff_dcmp,3.16,2100,0,10112,357.187,4000
Chuffed Dcmp,jobshop,jobshop/jobshop.mzn,jobshop/dzn/ta55_5a_alloc1.dzn:jobshop/generated_bounds/MaxEffSpread/ta55_5a_alloc1_MaxEffSpread.dzn,SATISFIED,1200.6557221841067,762,17854698,447060,3067,443991,-12972,242823807,0.135,minimize,0.0,49,49,2300,-783005936,1550,6886,-12972,16123588,1199.233,3065,1707181,0.768248,0.0,3000,1707181,MaxEff_dcmp,0.63,800,0,3835,106.644,1500
Chuffed Dcmp,jobshop,jobshop/jobshop.mzn,jobshop/dzn/ta59_5a_alloc1.dzn:jobshop/generated_bounds/MaxEffSpread/ta59_5a_alloc1_MaxEffSpread.dzn,SATISFIED,1200.7009008023888,760,16891899,585032,3068,581962,-12718,240168316,0.136,minimize,0.0,48,48,2300,-342583582,1550,6887,-12718,15934680,1199.22,3066,934145,0.779565,0.0,3000,934145,MaxEff_dcmp,0.94,800,0,3837,116.052,1500
Chuffed Dcmp,jobshop,jobshop/jobshop.mzn,jobshop/dzn/ta31_2a_alloc1.dzn:jobshop/generated_bounds/MaxEffSpread/ta31_2a_alloc1_MaxEffSpread.dzn,SATISFIED,1200.5629457440227,458,3378308,184374,1837,182535,-7729,440896491,0.081,minimize,0.0,22,22,1380,701297431,930,4133,-7729,2354610,1199.482,1835,1013394,0.515406,0.0,1800,1013394,MaxEff_dcmp,0.63,480,0,2301,11.257,900
Chuffed Dcmp,jobshop,jobshop/jobshop.mzn,jobshop/dzn/ta39_2a_alloc1.dzn:jobshop/generated_bounds/MaxEffSpread/ta39_2a_alloc1_MaxEffSpread.dzn,SATISFIED,1200.5245024506003,458,2559308,227512,1837,225673,-8091,399678596,0.079,minimize,0.0,36,36,1380,-589537413,930,4133,-8091,1717313,1199.463,1835,825430,0.537232,0.0,1800,825430,MaxEff_dcmp,0.63,480,0,2301,248.674,900
Chuffed Dcmp,jobshop,jobshop/jobshop.mzn,jobshop/dzn/ta62_5a_alloc1.dzn:jobshop/generated_bounds/MaxEffSpread/ta62_5a_alloc1_MaxEffSpread.dzn,SATISFIED,1201.1632000394166,1012,13164230,1363388,4068,1359318,-18895,208164931,0.188,minimize,0.0,85,85,3050,-1063944675,2050,9142,-18895,12816101,1199.013,4066,274512,1.03343,0.0,4000,274512,MaxEff_dcmp,1.41,1050,0,5092,1157.674,2000
Chuffed Dcmp,jobshop,jobshop/jobshop.mzn,jobshop/dzn/ta58_3a_alloc1.dzn:jobshop/generated_bounds/MaxEffSpread/ta58_3a_alloc1_MaxEffSpread.dzn,SATISFIED,1200.6144161429256,763,4021417,343686,3065,340619,-15650,225529330,0.141,minimize,0.0,76,76,2300,-1981121264,1550,6882,-15650,2992682,1199.225,3063,971689,0.774444,0.0,3000,971689,MaxEff_dcmp,0.94,800,0,3835,22.065,1500
Chuffed Dcmp,jobshop,jobshop/jobshop.mzn,jobshop/dzn/ta78_10a_alloc1.dzn:jobshop/generated_bounds/MaxEffSpread/ta78_10a_alloc1_MaxEffSpread.dzn,SATISFIED,1201.7757737226784,,,,,,-35866,,,minimize,,,162,6100,,4100,18253,,,,8122,,1.88847,,8000,,MaxEff_dcmp,,2100,0,,,4000
Chuffed Dcmp,jobshop,jobshop/jobshop.mzn,jobshop/dzn/ta62_3a_alloc1.dzn:jobshop/generated_bounds/MaxEffSpread/ta62_3a_alloc1_MaxEffSpread.dzn,SATISFIED,1200.859359646216,1012,4723118,651563,4060,647501,-19230,316309609,0.189,minimize,0.0,45,45,3050,-1216951412,2050,9132,-19230,4141994,1198.97,4058,537154,1.02914,0.0,4000,537154,MaxEff_dcmp,3.16,1050,0,5080,132.906,2000
Chuffed Dcmp,jobshop,jobshop/jobshop.mzn,jobshop/dzn/ta64_4a_alloc1.dzn:jobshop/generated_bounds/MaxEffSpread/ta64_4a_alloc1_MaxEffSpread.dzn,SATISFIED,1200.8224241286516,1016,14857549,576028,4053,571973,-18229,334970303,0.184,minimize,0.0,66,66,3050,-961678489,2050,9126,-18229,14355329,1198.985,4051,447840,1.013879,0.0,4000,447840,MaxEff_dcmp,1.41,1050,0,5064,249.776,2000
Chuffed Dcmp,jobshop,jobshop/jobshop.mzn,jobshop/dzn/ta76_7a_alloc1.dzn:jobshop/generated_bounds/MaxEffSpread/ta76_7a_alloc1_MaxEffSpread.dzn,SATISFIED,1201.6845578420907,,,,,,-32348,,,minimize,,,164,6100,,4100,18236,,,,8108,,1.90152,,8000,,MaxEff_dcmp,,2100,0,,,4000
Chuffed Dcmp,jobshop,jobshop/jobshop.mzn,jobshop/dzn/ta73_6a_alloc1.dzn:jobshop/generated_bounds/MaxEffSpread/ta73_6a_alloc1_MaxEffSpread.dzn,UNKNOWN,1201.3281062375754,2004,1708077,1160991,8111,1152878,,7417621,0.381,minimize,0.0,0,0,6100,-892831284,4100,18236,-1,1562593,1198.106,8109,144215,1.89143,0.0,8000,144215,MaxEff_dcmp,16.02,2100,0,10126,0.0,4000
Chuffed Dcmp,jobshop,jobshop/jobshop.mzn,jobshop/dzn/ta78_5a_alloc1.dzn:jobshop/generated_bounds/MaxEffSpread/ta78_5a_alloc1_MaxEffSpread.dzn,SATISFIED,1201.4015638567507,2020,6670463,1558656,8104,1550550,-43882,183925683,0.382,minimize,0.0,155,155,6100,-1354865368,4100,18228,-43882,6058295,1198.102,8102,300507,1.89563,0.0,8000,300507,MaxEff_dcmp,3.16,2100,0,10114,160.141,4000
Chuffed Dcmp,jobshop,jobshop/jobshop.mzn,jobshop/dzn/ta49_3a_alloc1.dzn:jobshop/generated_bounds/MaxEffSpread/ta49_3a_alloc1_MaxEffSpread.dzn,SATISFIED,1200.5700104646385,610,2747738,231253,2442,228809,-9637,482586409,0.109,minimize,0.0,34,34,1830,-703890491,1230,5494,-9637,2043215,1199.348,2440,683728,0.655211,0.0,2400,683728,MaxEff_dcmp,0.94,630,0,3064,201.366,1200
Chuffed Dcmp,jobshop,jobshop/jobshop.mzn,jobshop/dzn/ta57_5a_alloc1.dzn:jobshop/generated_bounds/MaxEffSpread/ta57_5a_alloc1_MaxEffSpread.dzn,SATISFIED,1200.7546757441014,764,15045818,712903,3068,709833,-15793,277125970,0.139,minimize,0.0,101,101,2300,-1571455450,1550,6887,-15793,14128353,1199.229,3066,854853,0.769224,0.0,3000,854853,MaxEff_dcmp,0.94,800,0,3837,142.411,1500
Chuffed Dcmp,jobshop,jobshop/jobshop.mzn,jobshop/dzn/ta71_10a_alloc1.dzn:jobshop/generated_bounds/MaxEffSpread/ta71_10a_alloc1_MaxEffSpread.dzn,SATISFIED,1201.6916252821684,,,,,,-33561,,,minimize,,,150,6100,,4100,18256,,,,8125,,1.91156,,8000,,MaxEff_dcmp,,2100,0,,,4000
Chuffed Dcmp,jobshop,jobshop/jobshop.mzn,jobshop/dzn/ta79_9a_alloc1.dzn:jobshop/generated_bounds/MaxEffSpread/ta79_9a_alloc1_MaxEffSpread.dzn,SATISFIED,1201.672622308135,,,,,,-39791,,,minimize,,,270,6100,,4100,18247,,,,8117,,1.88603,,8000,,MaxEff_dcmp,,2100,0,,,4000
Chuffed Dcmp,jobshop,jobshop/jobshop.mzn,jobshop/dzn/ta74_6a_alloc1.dzn:jobshop/generated_bounds/MaxEffSpread/ta74_6a_alloc1_MaxEffSpread.dzn,SATISFIED,1201.7010960020125,2019,4774797,2221089,8106,2212981,-45061,147847912,0.376,minimize,0.0,416,416,6100,1340592612,4100,18231,-45061,3390065,1198.087,8104,547987,1.91226,0.0,8000,547987,MaxEff_dcmp,3.16,2100,0,10116,199.416,4000
Chuffed Dcmp,jobshop,jobshop/jobshop.mzn,jobshop/dzn/ta39_3a_alloc1.dzn:jobshop/generated_bounds/MaxEffSpread/ta39_3a_alloc1_MaxEffSpread.dzn,SATISFIED,1200.4995050672442,457,1786177,189838,1841,187995,-8323,455707863,0.08,minimize,0.0,37,37,1380,94596650,930,4138,-8323,1035132,1199.484,1839,733983,0.514494,0.0,1800,733983,MaxEff_dcmp,0.94,480,0,2307,129.116,900
Chuffed Dcmp,jobshop,jobshop/jobshop.mzn,jobshop/dzn/ta71_9a_alloc1.dzn:jobshop/generated_bounds/MaxEffSpread/ta71_9a_alloc1_MaxEffSpread.dzn,SATISFIED,1201.6800926160067,,,,,,-28361,,,minimize,,,173,6100,,4100,18251,,,,8121,,1.89006,,8000,,MaxEff_dcmp,,2100,0,,,4000
Chuffed Dcmp,jobshop,jobshop/jobshop.mzn,jobshop/dzn/ta48_3a_alloc1.dzn:jobshop/generated_bounds/MaxEffSpread/ta48_3a_alloc1_MaxEffSpread.dzn,SATISFIED,1200.6508412007242,607,3499949,388247,2443,385802,-10438,428834457,0.107,minimize,0.0,32,32,1830,717182838,1230,5495,-10438,2914153,1199.34,2441,566808,0.65928,0.0,2400,566808,MaxEff_dcmp,0.94,630,0,3066,376.123,1200
Chuffed Dcmp,jobshop,jobshop/jobshop.mzn,jobshop/dzn/ta73_10a_alloc1.dzn:jobshop/generated_bounds/MaxEffSpread/ta73_10a_alloc1_MaxEffSpread.dzn,UNKNOWN,1201.4877961818129,2004,250892,1461358,8127,1453229,,5986588,0.385,minimize,0.0,0,0,6100,1493544091,4100,18256,-1,111351,1198.13,8125,137539,1.89806,0.0,8000,137539,MaxEff_dcmp,16.02,2100,0,10150,0.0,4000
Chuffed Dcmp,jobshop,jobshop/jobshop.mzn,jobshop/dzn/ta72_10a_alloc1.dzn:jobshop/generated_bounds/MaxEffSpread/ta72_10a_alloc1_MaxEffSpread.dzn,SATISFIED,1201.6866051051766,,,,,,-22208,,,minimize,,,85,6100,,4100,18253,,,,8122,,1.89739,,8000,,MaxEff_dcmp,,2100,0,,,4000
Chuffed Dcmp,jobshop,jobshop/jobshop.mzn,jobshop/dzn/ta33_2a_alloc1.dzn:jobshop/generated_bounds/MaxEffSpread/ta33_2a_alloc1_MaxEffSpread.dzn,SATISFIED,1200.5440804809332,462,2779547,215748,1840,213906,-9438,467003681,0.085,minimize,0.0,31,31,1380,704789840,930,4136,-9438,1873846,1199.488,1838,891329,0.510912,0.0,1800,891329,MaxEff_dcmp,0.63,480,0,2307,409.944,900
Chuffed Dcmp,jobshop,jobshop/jobshop.mzn,jobshop/dzn/ta37_2a_alloc1.dzn:jobshop/generated_bounds/MaxEffSpread/ta37_2a_alloc1_MaxEffSpread.dzn,SATISFIED,1200.5563878752291,461,3867202,170514,1841,168671,-8284,411804415,0.085,minimize,0.0,28,28,1380,-854398275,930,4137,-8284,2747223,1199.486,1839,1106875,0.513254,0.0,1800,1106875,MaxEff_dcmp,0.63,480,0,2309,218.266,900
Chuffed Dcmp,jobshop,jobshop/jobshop.mzn,jobshop/dzn/ta46_3a_alloc1.dzn:jobshop/generated_bounds/MaxEffSpread/ta46_3a_alloc1_MaxEffSpread.dzn,SATISFIED,1200.57100068219,607,2925565,251961,2444,249515,-10385,489932602,0.112,minimize,0.0,26,26,1830,-1659800990,1230,5496,-10385,2246639,1199.346,2442,663022,0.654813,0.0,2400,663022,MaxEff_dcmp,0.94,630,0,3068,8.287,1200
Chuffed Dcmp,jobshop,jobshop/jobshop.mzn,jobshop/dzn/ta73_7a_alloc1.dzn:jobshop/generated_bounds/MaxEffSpread/ta73_7a_alloc1_MaxEffSpread.dzn,SATISFIED,1201.6979577485472,,,,,,-44178,,,minimize,,,201,6100,,4100,18241,,,,8113,,1.89967,,8000,,MaxEff_dcmp,,2100,0,,,4000
Chuffed Dcmp,jobshop,jobshop/jobshop.mzn,jobshop/dzn/ta76_8a_alloc1.dzn:jobshop/generated_bounds/MaxEffSpread/ta76_8a_alloc1_MaxEffSpread.dzn,SATISFIED,1201.6377601884305,2020,3879525,2161421,8114,2153305,-42112,171825947,0.376,minimize,0.0,298,298,6100,-311742914,4100,18241,-42112,2931721,1198.149,8112,347459,1.84972,0.0,8000,347459,MaxEff_dcmp,3.16,2100,0,10128,313.837,4000
Chuffed Dcmp,jobshop,jobshop/jobshop.mzn,jobshop/dzn/ta52_5a_alloc1.dzn:jobshop/generated_bounds/MaxEffSpread/ta52_5a_alloc1_MaxEffSpread.dzn,SATISFIED,1200.732286285609,762,12699696,614055,3067,610986,-16112,250977318,0.138,minimize,0.0,50,50,2300,-905476238,1550,6886,-16112,12064814,1199.219,3065,610371,0.77885,0.0,3000,610371,MaxEff_dcmp,0.94,800,0,3835,128.559,1500
Chuffed Dcmp,jobshop,jobshop/jobshop.mzn,jobshop/dzn/ta42_3a_alloc1.dzn:jobshop/generated_bounds/MaxEffSpread/ta42_3a_alloc1_MaxEffSpread.dzn,SATISFIED,1200.7642260603607,608,2080564,507782,2444,505336,-10712,323553591,0.112,minimize,0.0,30,30,1830,1560037446,1230,5496,-10712,1798311,1199.351,2442,264635,0.649605,0.0,2400,264635,MaxEff_dcmp,0.94,630,0,3068,628.634,1200
Chuffed Dcmp,jobshop,jobshop/jobshop.mzn,jobshop/dzn/ta31_3a_alloc1.dzn:jobshop/generated_bounds/MaxEffSpread/ta31_3a_alloc1_MaxEffSpread.dzn,SATISFIED,1200.5204927641898,458,3316325,195462,1841,193619,-8086,432086040,0.082,minimize,0.0,24,24,1380,-155943990,930,4138,-8086,2263784,1199.485,1839,1041334,0.515638,0.0,1800,1041334,MaxEff_dcmp,0.63,480,0,2307,550.842,900
Chuffed Dcmp,jobshop,jobshop/jobshop.mzn,jobshop/dzn/ta68_3a_alloc1.dzn:jobshop/generated_bounds/MaxEffSpread/ta68_3a_alloc1_MaxEffSpread.dzn,SATISFIED,1200.8239010684192,1013,2776061,606665,4056,602607,-18468,278283196,0.186,minimize,0.0,53,53,3050,320790892,2050,9128,-18468,2148041,1198.98,4054,574838,1.01746,0.0,4000,574838,MaxEff_dcmp,3.16,1050,0,5072,91.249,2000
Chuffed Dcmp,jobshop,jobshop/jobshop.mzn,jobshop/dzn/ta65_4a_alloc1.dzn:jobshop/generated_bounds/MaxEffSpread/ta65_4a_alloc1_MaxEffSpread.dzn,SATISFIED,1200.830777745694,1013,20547838,606233,4061,602170,-17042,247972294,0.183,minimize,0.0,55,55,3050,1193293134,2050,9134,-17042,19700751,1198.986,4059,807414,1.011749,0.0,4000,807414,MaxEff_dcmp,0.94,1050,0,5080,227.354,2000
Chuffed Dcmp,jobshop,jobshop/jobshop.mzn,jobshop/dzn/ta38_2a_alloc1.dzn:jobshop/generated_bounds/MaxEffSpread/ta38_2a_alloc1_MaxEffSpread.dzn,SATISFIED,1200.5485134813935,460,2854547,176245,1840,174403,-7270,492514049,0.08,minimize,0.0,28,28,1380,935815118,930,4136,-7270,1783705,1199.486,1838,1058059,0.512281,0.0,1800,1058059,MaxEff_dcmp,0.63,480,0,2307,341.704,900
Chuffed Dcmp,jobshop,jobshop/jobshop.mzn,jobshop/dzn/ta67_5a_alloc1.dzn:jobshop/generated_bounds/MaxEffSpread/ta67_5a_alloc1_MaxEffSpread.dzn,SATISFIED,1200.8217014353722,1010,15532205,563126,4066,559058,-17895,275435742,0.188,minimize,0.0,52,52,3050,-1947512904,2050,9140,-17895,14909984,1198.97,4064,581742,1.027879,0.0,4000,581742,MaxEff_dcmp,0.94,1050,0,5088,236.373,2000
Chuffed Dcmp,jobshop,jobshop/jobshop.mzn,jobshop/dzn/ta76_9a_alloc1.dzn:jobshop/generated_bounds/MaxEffSpread/ta76_9a_alloc1_MaxEffSpread.dzn,UNKNOWN,1201.3710926808417,2004,496744,1310033,8118,1301913,,5367197,0.377,minimize,0.0,0,0,6100,-1855454869,4100,18246,-1,350588,1198.126,8116,144154,1.87258,0.0,8000,144154,MaxEff_dcmp,16.02,2100,0,10134,0.0,4000
Chuffed Dcmp,jobshop,jobshop/jobshop.mzn,jobshop/dzn/ta76_6a_alloc1.dzn:jobshop/generated_bounds/MaxEffSpread/ta76_6a_alloc1_MaxEffSpread.dzn,SATISFIED,1201.4875341169536,2020,6283270,1693511,8106,1685403,-43268,159270420,0.384,minimize,0.0,177,177,6100,-180518895,4100,18231,-43268,5538390,1198.092,8104,388408,1.90807,0.0,8000,388408,MaxEff_dcmp,3.16,2100,0,10116,669.05,4000
Chuffed Dcmp,jobshop,jobshop/jobshop.mzn,jobshop/dzn/ta56_4a_alloc1.dzn:jobshop/generated_bounds/MaxEffSpread/ta56_4a_alloc1_MaxEffSpread.dzn,SATISFIED,1200.717950295657,764,15179626,623863,3062,620799,-14109,255739867,0.141,minimize,0.0,68,68,2300,-2135942991,1550,6880,-14109,14137105,1199.223,3060,1005137,0.774468,0.0,3000,1005137,MaxEff_dcmp,0.94,800,0,3827,140.745,1500
Chuffed Dcmp,jobshop,jobshop/jobshop.mzn,jobshop/dzn/ta80_5a_alloc1.dzn:jobshop/generated_bounds/MaxEffSpread/ta80_5a_alloc1_MaxEffSpread.dzn,SATISFIED,1201.4923560246825,2017,8920083,1862724,8106,1854616,-42044,194478247,0.378,minimize,0.0,178,178,6100,-750254606,4100,18230,-42044,8298589,1198.128,8104,265303,1.87617,0.0,8000,265303,MaxEff_dcmp,3.16,2100,0,10118,328.366,4000
Chuffed Dcmp,jobshop,jobshop/jobshop.mzn,jobshop/dzn/ta74_5a_alloc1.dzn:jobshop/generated_bounds/MaxEffSpread/ta74_5a_alloc1_MaxEffSpread.dzn,SATISFIED,1201.4147379882634,2019,2675793,1611284,8102,1603180,-47213,187926909,0.377,minimize,0.0,133,133,6100,-36106368,4100,18226,-47213,2180896,1198.093,8100,225819,1.91398,0.0,8000,225819,MaxEff_dcmp,3.16,2100,0,10110,427.367,4000
Chuffed Dcmp,jobshop,jobshop/jobshop.mzn,jobshop/dzn/ta42_2a_alloc1.dzn:jobshop/generated_bounds/MaxEffSpread/ta42_2a_alloc1_MaxEffSpread.dzn,SATISFIED,1200.7197583746165,609,2470558,395523,2440,393081,-10109,447530209,0.11,minimize,0.0,29,29,1830,-1043408834,1230,5491,-10109,2015676,1199.357,2438,437552,0.655067,0.0,2400,437552,MaxEff_dcmp,0.94,630,0,3062,642.965,1200
Chuffed Dcmp,jobshop,jobshop/jobshop.mzn,jobshop/dzn/ta78_8a_alloc1.dzn:jobshop/generated_bounds/MaxEffSpread/ta78_8a_alloc1_MaxEffSpread.dzn,SATISFIED,1201.5592139009386,2016,2223026,1859167,8116,1851049,-20707,61122302,0.378,minimize,0.0,80,80,6100,-1719799315,4100,18243,-20707,2031860,1198.123,8114,28984,1.90488,0.0,8000,28984,MaxEff_dcmp,2.11,2100,0,10132,750.358,4000
Chuffed Dcmp,jobshop,jobshop/jobshop.mzn,jobshop/dzn/ta57_3a_alloc1.dzn:jobshop/generated_bounds/MaxEffSpread/ta57_3a_alloc1_MaxEffSpread.dzn,SATISFIED,1200.710672551766,764,8515327,281909,3060,278847,-14840,202233147,0.14,minimize,0.0,74,74,2300,-1150484749,1550,6877,-14840,7081206,1199.218,3058,1378031,0.77951,0.0,3000,1378031,MaxEff_dcmp,0.94,800,0,3825,10.808,1500
Chuffed Dcmp,jobshop,jobshop/jobshop.mzn,jobshop/dzn/ta45_3a_alloc1.dzn:jobshop/generated_bounds/MaxEffSpread/ta45_3a_alloc1_MaxEffSpread.dzn,SATISFIED,1200.6190528776497,608,2426494,305944,2440,303502,-10778,442764582,0.111,minimize,0.0,32,32,1830,-247482026,1230,5492,-10778,1795281,1199.332,2438,612144,0.666239,0.0,2400,612144,MaxEff_dcmp,0.94,630,0,3060,467.594,1200
Chuffed Dcmp,jobshop,jobshop/jobshop.mzn,jobshop/dzn/ta58_5a_alloc1.dzn:jobshop/generated_bounds/MaxEffSpread/ta58_5a_alloc1_MaxEffSpread.dzn,SATISFIED,1200.7355346363038,763,12318967,636588,3073,633513,-17217,277805290,0.141,minimize,0.0,71,71,2300,677451270,1550,6892,-17217,11692198,1199.227,3071,586218,0.772229,0.0,3000,586218,MaxEff_dcmp,0.94,800,0,3847,157.572,1500
Chuffed Dcmp,jobshop,jobshop/jobshop.mzn,jobshop/dzn/ta53_3a_alloc1.dzn:jobshop/generated_bounds/MaxEffSpread/ta53_3a_alloc1_MaxEffSpread.dzn,SATISFIED,1200.6469415258616,765,4110139,294652,3060,291590,-15127,248529411,0.137,minimize,0.0,51,51,2300,1640403836,1550,6877,-15127,3140216,1199.226,3058,931940,0.771179,0.0,3000,931940,MaxEff_dcmp,0.94,800,0,3825,28.634,1500
Chuffed Dcmp,jobshop,jobshop/jobshop.mzn,jobshop/dzn/ta72_7a_alloc1.dzn:jobshop/generated_bounds/MaxEffSpread/ta72_7a_alloc1_MaxEffSpread.dzn,SATISFIED,1201.7024582661688,,,,,,-41194,,,minimize,,,377,6100,,4100,18238,,,,8110,,1.86956,,8000,,MaxEff_dcmp,,2100,0,,,4000
Chuffed Dcmp,jobshop,jobshop/jobshop.mzn,jobshop/dzn/ta75_9a_alloc1.dzn:jobshop/generated_bounds/MaxEffSpread/ta75_9a_alloc1_MaxEffSpread.dzn,SATISFIED,1201.6915339995176,,,,,,-21010,,,minimize,,,95,6100,,4100,18245,,,,8115,,1.88595,,8000,,MaxEff_dcmp,,2100,0,,,4000
Chuffed Dcmp,jobshop,jobshop/jobshop.mzn,jobshop/dzn/ta72_6a_alloc1.dzn:jobshop/generated_bounds/MaxEffSpread/ta72_6a_alloc1_MaxEffSpread.dzn,SATISFIED,1201.4108885657042,2018,3463336,1684653,8108,1676543,-42834,176034196,0.374,minimize,0.0,155,155,6100,-701135721,4100,18233,-42834,2777796,1198.108,8106,372406,1.88979,0.0,8000,372406,MaxEff_dcmp,3.16,2100,0,10120,106.365,4000
Chuffed Dcmp,jobshop,jobshop/jobshop.mzn,jobshop/dzn/ta72_9a_alloc1.dzn:jobshop/generated_bounds/MaxEffSpread/ta72_9a_alloc1_MaxEffSpread.dzn,SATISFIED,1201.694400364533,,,,,,-34750,,,minimize,,,195,6100,,4100,18248,,,,8118,,1.87782,,8000,,MaxEff_dcmp,,2100,0,,,4000
Chuffed Dcmp,jobshop,jobshop/jobshop.mzn,jobshop/dzn/ta72_5a_alloc1.dzn:jobshop/generated_bounds/MaxEffSpread/ta72_5a_alloc1_MaxEffSpread.dzn,SATISFIED,1201.4537083599716,2018,7062499,1742637,8104,1734531,-44181,182829585,0.384,minimize,0.0,149,149,6100,2146825999,4100,18228,-44181,6473384,1198.108,8102,290130,1.89215,0.0,8000,290130,MaxEff_dcmp,3.16,2100,0,10114,504.124,4000
Chuffed Dcmp,jobshop,jobshop/jobshop.mzn,jobshop/dzn/ta79_7a_alloc1.dzn:jobshop/generated_bounds/MaxEffSpread/ta79_7a_alloc1_MaxEffSpread.dzn,SATISFIED,1201.48238459602,2021,1649626,1802793,8111,1794680,-44118,200409195,0.379,minimize,0.0,140,140,6100,-345316476,4100,18237,-44118,1082929,1198.122,8109,282854,1.8829,0.0,8000,282854,MaxEff_dcmp,3.16,2100,0,10124,257.862,4000
Chuffed Dcmp,jobshop,jobshop/jobshop.mzn,jobshop/dzn/ta80_9a_alloc1.dzn:jobshop/generated_bounds/MaxEffSpread/ta80_9a_alloc1_MaxEffSpread.dzn,SATISFIED,1201.6057313121855,2012,1413045,1946917,8122,1938793,-16206,49266474,0.372,minimize,0.0,65,65,6100,-1126465500,4100,18250,-16206,1255152,1198.148,8120,26060,1.89663,0.0,8000,26060,MaxEff_dcmp,3.16,2100,0,10142,1132.093,4000
Chuffed Dcmp,jobshop,jobshop/jobshop.mzn,jobshop/dzn/ta80_8a_alloc1.dzn:jobshop/generated_bounds/MaxEffSpread/ta80_8a_alloc1_MaxEffSpread.dzn,SATISFIED,1201.493429692462,2017,1860619,1940496,8118,1932376,-41113,185669995,0.377,minimize,0.0,191,191,6100,1025851452,4100,18245,-41113,1168122,1198.11,8116,306538,1.88881,0.0,8000,306538,MaxEff_dcmp,3.16,2100,0,10136,181.392,4000
Chuffed Dcmp,jobshop,jobshop/jobshop.mzn,jobshop/dzn/ta34_3a_alloc1.dzn:jobshop/generated_bounds/MaxEffSpread/ta34_3a_alloc1_MaxEffSpread.dzn,SATISFIED,1200.4911306276917,460,3114558,165450,1845,163603,-8217,531786864,0.082,minimize,0.0,25,25,1380,-223147896,930,4142,-8217,1970190,1199.483,1843,1132682,0.515649,0.0,1800,1132682,MaxEff_dcmp,0.94,480,0,2315,1.992,900
Chuffed Dcmp,jobshop,jobshop/jobshop.mzn,jobshop/dzn/ta74_10a_alloc1.dzn:jobshop/generated_bounds/MaxEffSpread/ta74_10a_alloc1_MaxEffSpread.dzn,SATISFIED,1201.5785815883428,,,,,,-18631,,,minimize,,,94,6100,,4100,18251,,,,8120,,1.85793,,8000,,MaxEff_dcmp,,2100,0,,,4000
Chuffed Dcmp,jobshop,jobshop/jobshop.mzn,jobshop/dzn/ta55_3a_alloc1.dzn:jobshop/generated_bounds/MaxEffSpread/ta55_3a_alloc1_MaxEffSpread.dzn,SATISFIED,1200.6052739992738,762,7788737,235700,3059,232639,-12972,226390557,0.138,minimize,0.0,47,47,2300,1109232989,1550,6876,-12972,6082862,1199.182,3057,1670225,0.816586,0.0,3000,1670225,MaxEff_dcmp,0.63,800,0,3823,7.603,1500
Chuffed Dcmp,jobshop,jobshop/jobshop.mzn,jobshop/dzn/ta35_2a_alloc1.dzn:jobshop/generated_bounds/MaxEffSpread/ta35_2a_alloc1_MaxEffSpread.dzn,SATISFIED,1200.521510142833,459,3246016,212940,1838,211100,-8448,406184000,0.084,minimize,0.0,38,38,1380,-1825752473,930,4134,-8448,2292505,1199.48,1836,935879,0.517895,0.0,1800,935879,MaxEff_dcmp,0.94,480,0,2303,489.42,900
Chuffed Dcmp,jobshop,jobshop/jobshop.mzn,jobshop/dzn/ta43_2a_alloc1.dzn:jobshop/generated_bounds/MaxEffSpread/ta43_2a_alloc1_MaxEffSpread.dzn,SATISFIED,1200.663111474365,607,2155657,431648,2434,429212,-9341,365856533,0.109,minimize,0.0,34,34,1830,-2001026278,1230,5485,-9341,1925350,1199.341,2432,210519,0.659114,0.0,2400,210519,MaxEff_dcmp,0.94,630,0,3050,1027.582,1200
Chuffed Dcmp,jobshop,jobshop/jobshop.mzn,jobshop/dzn/ta38_3a_alloc1.dzn:jobshop/generated_bounds/MaxEffSpread/ta38_3a_alloc1_MaxEffSpread.dzn,SATISFIED,1200.5295309647918,459,2994053,200660,1844,198814,-7574,486602773,0.081,minimize,0.0,21,21,1380,366602706,930,4141,-7574,1990847,1199.484,1842,993442,0.514738,0.0,1800,993442,MaxEff_dcmp,0.63,480,0,2313,762.558,900
Chuffed Dcmp,jobshop,jobshop/jobshop.mzn,jobshop/dzn/ta69_4a_alloc1.dzn:jobshop/generated_bounds/MaxEffSpread/ta69_4a_alloc1_MaxEffSpread.dzn,SATISFIED,1200.8455651756376,1016,13725108,649719,4064,645653,-21628,247516741,0.188,minimize,0.0,71,71,3050,1373798453,2050,9137,-21628,13083533,1198.976,4062,579987,1.024219,0.0,4000,579987,MaxEff_dcmp,1.41,1050,0,5086,843.33,2000
Chuffed Dcmp,jobshop,jobshop/jobshop.mzn,jobshop/dzn/ta71_6a_alloc1.dzn:jobshop/generated_bounds/MaxEffSpread/ta71_6a_alloc1_MaxEffSpread.dzn,SATISFIED,1201.6181774567813,2017,5463609,2039116,8111,2031003,-32692,109377259,0.374,minimize,0.0,163,163,6100,644618085,4100,18236,-32692,5108170,1198.113,8109,28285,1.88563,0.0,8000,28285,MaxEff_dcmp,2.11,2100,0,10126,273.24,4000
Chuffed Dcmp,jobshop,jobshop/jobshop.mzn,jobshop/dzn/ta80_6a_alloc1.dzn:jobshop/generated_bounds/MaxEffSpread/ta80_6a_alloc1_MaxEffSpread.dzn,SATISFIED,1201.6670446693897,,,,,,-39851,,,minimize,,,318,6100,,4100,18235,,,,8108,,1.94071,,8000,,MaxEff_dcmp,,2100,0,,,4000
Chuffed Dcmp,jobshop,jobshop/jobshop.mzn,jobshop/dzn/ta77_7a_alloc1.dzn:jobshop/generated_bounds/MaxEffSpread/ta77_7a_alloc1_MaxEffSpread.dzn,SATISFIED,1201.6862715184689,,,,,,-42279,,,minimize,,,184,6100,,4100,18245,,,,8117,,1.89039,,8000,,MaxEff_dcmp,,2100,0,,,4000
Chuffed Dcmp,jobshop,jobshop/jobshop.mzn,jobshop/dzn/ta59_4a_alloc1.dzn:jobshop/generated_bounds/MaxEffSpread/ta59_4a_alloc1_MaxEffSpread.dzn,SATISFIED,1200.6474072560668,762,16531303,489376,3064,486310,-14550,264136551,0.138,minimize,0.0,65,65,2300,-454185192,1550,6882,-14550,15363077,1199.233,3062,1133145,0.766556,0.0,3000,1133145,MaxEff_dcmp,0.94,800,0,3831,136.929,1500
Chuffed Dcmp,jobshop,jobshop/jobshop.mzn,jobshop/dzn/ta80_10a_alloc1.dzn:jobshop/generated_bounds/MaxEffSpread/ta80_10a_alloc1_MaxEffSpread.dzn,SATISFIED,1201.6620854884386,,,,,,-38904,,,minimize,,,263,6100,,4100,18255,,,,8124,,1.91343,,8000,,MaxEff_dcmp,,2100,0,,,4000
Chuffed Dcmp,jobshop,jobshop/jobshop.mzn,jobshop/dzn/ta71_7a_alloc1.dzn:jobshop/generated_bounds/MaxEffSpread/ta71_7a_alloc1_MaxEffSpread.dzn,SATISFIED,1201.7467634063214,,,,,,-33338,,,minimize,,,151,6100,,4100,18241,,,,8113,,1.88354,,8000,,MaxEff_dcmp,,2100,0,,,4000
Chuffed Dcmp,jobshop,jobshop/jobshop.mzn,jobshop/dzn/ta64_3a_alloc1.dzn:jobshop/generated_bounds/MaxEffSpread/ta64_3a_alloc1_MaxEffSpread.dzn,SATISFIED,1200.8188432119787,1016,4276145,575237,4049,571186,-18154,240444933,0.188,minimize,0.0,64,64,3050,-391352151,2050,9121,-18154,3472989,1198.976,4047,739653,1.02228,0.0,4000,739653,MaxEff_dcmp,2.11,1050,0,5058,197.034,2000
Chuffed Dcmp,jobshop,jobshop/jobshop.mzn,jobshop/dzn/ta79_8a_alloc1.dzn:jobshop/generated_bounds/MaxEffSpread/ta79_8a_alloc1_MaxEffSpread.dzn,SATISFIED,1201.548708992079,2020,3094877,1891800,8115,1883683,-42396,179997248,0.385,minimize,0.0,177,177,6100,-32664317,4100,18242,-42396,2375650,1198.091,8113,360878,1.90936,0.0,8000,360878,MaxEff_dcmp,3.16,2100,0,10130,523.443,4000
Chuffed Dcmp,jobshop,jobshop/jobshop.mzn,jobshop/dzn/ta73_8a_alloc1.dzn:jobshop/generated_bounds/MaxEffSpread/ta73_8a_alloc1_MaxEffSpread.dzn,SATISFIED,1201.5794528145343,,,,,,-26874,,,minimize,,,225,6100,,4100,18246,,,,8117,,1.91791,,8000,,MaxEff_dcmp,,2100,0,,,4000
Chuffed Dcmp,jobshop,jobshop/jobshop.mzn,jobshop/dzn/ta63_5a_alloc1.dzn:jobshop/generated_bounds/MaxEffSpread/ta63_5a_alloc1_MaxEffSpread.dzn,SATISFIED,1200.9484003093094,1014,18605976,824069,4069,819998,-16625,283083159,0.186,minimize,0.0,94,94,3050,-1947128342,2050,9143,-16625,17902844,1198.979,4067,624365,1.01939,0.0,4000,624365,MaxEff_dcmp,0.94,1050,0,5094,228.031,2000
Chuffed Dcmp,jobshop,jobshop/jobshop.mzn,jobshop/dzn/ta41_3a_alloc1.dzn:jobshop/generated_bounds/MaxEffSpread/ta41_3a_alloc1_MaxEffSpread.dzn,SATISFIED,1200.788550492376,608,2756521,482074,2444,479628,-11012,376066127,0.115,minimize,0.0,46,46,1830,888044790,1230,5496,-11012,2375180,1199.35,2442,354642,0.650098,0.0,2400,354642,MaxEff_dcmp,0.94,630,0,3068,524.601,1200
Chuffed Dcmp,jobshop,jobshop/jobshop.mzn,jobshop/dzn/ta76_5a_alloc1.dzn:jobshop/generated_bounds/MaxEffSpread/ta76_5a_alloc1_MaxEffSpread.dzn,SATISFIED,1201.4723234809935,2020,9412648,1730189,8102,1722085,-43025,179301091,0.382,minimize,0.0,171,171,6100,830453931,4100,18226,-43025,8774972,1198.1,8100,295176,1.89971,0.0,8000,295176,MaxEff_dcmp,3.16,2100,0,10110,235.904,4000
Chuffed Dcmp,jobshop,jobshop/jobshop.mzn,jobshop/dzn/ta60_3a_alloc1.dzn:jobshop/generated_bounds/MaxEffSpread/ta60_3a_alloc1_MaxEffSpread.dzn,SATISFIED,1200.600585732609,764,3288502,305892,3063,302827,-14327,283408372,0.137,minimize,0.0,61,61,2300,-1103393832,1550,6880,-14327,2155238,1199.227,3061,1087113,0.770613,0.0,3000,1087113,MaxEff_dcmp,0.94,800,0,3831,10.962,1500
Chuffed Dcmp,jobshop,jobshop/jobshop.mzn,jobshop/dzn/ta74_9a_alloc1.dzn:jobshop/generated_bounds/MaxEffSpread/ta74_9a_alloc1_MaxEffSpread.dzn,SATISFIED,1201.7102846149355,,,,,,-44397,,,minimize,,,315,6100,,4100,18246,,,,8116,,1.89012,,8000,,MaxEff_dcmp,,2100,0,,,4000
Chuffed Dcmp,jobshop,jobshop/jobshop.mzn,jobshop/dzn/ta70_4a_alloc1.dzn:jobshop/generated_bounds/MaxEffSpread/ta70_4a_alloc1_MaxEffSpread.dzn,SATISFIED,1200.8125201072544,1013,15420556,586761,4059,582700,-20191,331488968,0.188,minimize,0.0,65,65,3050,-1812126993,2050,9132,-20191,14927005,1198.987,4057,441210,1.01277,0.0,4000,441210,MaxEff_dcmp,1.41,1050,0,5076,176.424,2000
Chuffed Dcmp,jobshop,jobshop/jobshop.mzn,jobshop/dzn/ta62_4a_alloc1.dzn:jobshop/generated_bounds/MaxEffSpread/ta62_4a_alloc1_MaxEffSpread.dzn,SATISFIED,1200.8554159291089,1014,16061347,708530,4064,704464,-18319,253285432,0.187,minimize,0.0,67,67,3050,1835250928,2050,9137,-18319,15225815,1198.994,4062,780262,1.00562,0.0,4000,780262,MaxEff_dcmp,0.94,1050,0,5086,181.993,2000
Chuffed Dcmp,jobshop,jobshop/jobshop.mzn,jobshop/dzn/ta32_3a_alloc1.dzn:jobshop/generated_bounds/MaxEffSpread/ta32_3a_alloc1_MaxEffSpread.dzn,SATISFIED,1200.5244169328362,459,3022585,268091,1844,266245,-8801,447803603,0.082,minimize,0.0,50,50,1380,-1452038185,930,4141,-8801,2209702,1199.483,1842,790269,0.516163,0.0,1800,790269,MaxEff_dcmp,0.63,480,0,2313,696.645,900
Chuffed Dcmp,jobshop,jobshop/jobshop.mzn,jobshop/dzn/ta41_2a_alloc1.dzn:jobshop/generated_bounds/MaxEffSpread/ta41_2a_alloc1_MaxEffSpread.dzn,SATISFIED,1200.6871610470116,608,2894180,381178,2440,378736,-11169,422793116,0.114,minimize,0.0,34,34,1830,-1765195545,1230,5491,-11169,2460549,1199.356,2438,413629,0.66072,0.0,2400,413629,MaxEff_dcmp,0.94,630,0,3062,1001.174,1200
Chuffed Dcmp,jobshop,jobshop/jobshop.mzn,jobshop/dzn/ta71_5a_alloc1.dzn:jobshop/generated_bounds/MaxEffSpread/ta71_5a_alloc1_MaxEffSpread.dzn,SATISFIED,1201.7337992433459,,,,,,-44232,,,minimize,,,345,6100,,4100,18231,,,,8105,,1.87634,,8000,,MaxEff_dcmp,,2100,0,,,4000
Chuffed Dcmp,jobshop,jobshop/jobshop.mzn,jobshop/dzn/ta44_3a_alloc1.dzn:jobshop/generated_bounds/MaxEffSpread/ta44_3a_alloc1_MaxEffSpread.dzn,SATISFIED,1200.603098962456,611,2423248,245363,2443,242918,-10580,472315501,0.11,minimize,0.0,25,25,1830,-728957485,1230,5495,-10580,1691789,1199.35,2441,715942,0.648895,0.0,2400,715942,MaxEff_dcmp,0.94,630,0,3066,21.37,1200
Chuffed Dcmp,jobshop,jobshop/jobshop.mzn,jobshop/dzn/ta47_2a_alloc1.dzn:jobshop/generated_bounds/MaxEffSpread/ta47_2a_alloc1_MaxEffSpread.dzn,OPTIMAL_SOLUTION,126.15293725207448,602,472204,309244,2439,306803,-9610,63506302,0.111,minimize,0.0,40,40,1830,-1089312750,1230,5490,-9610,409838,124.973,2437,43520,0.651515,0.0,2400,43520,MaxEff_dcmp,0.63,630,0,3060,91.379,1200
Chuffed Dcmp,jobshop,jobshop/jobshop.mzn,jobshop/dzn/ta54_5a_alloc1.dzn:jobshop/generated_bounds/MaxEffSpread/ta54_5a_alloc1_MaxEffSpread.dzn,SATISFIED,1200.8784244731069,762,14541798,1065702,3070,1062630,-16651,243288443,0.138,minimize,0.0,104,104,2300,-961842237,1550,6889,-16651,13919611,1199.204,3068,559587,0.796623,0.0,3000,559587,MaxEff_dcmp,0.94,800,0,3841,282.442,1500
Chuffed Dcmp,jobshop,jobshop/jobshop.mzn,jobshop/dzn/ta67_3a_alloc1.dzn:jobshop/generated_bounds/MaxEffSpread/ta67_3a_alloc1_MaxEffSpread.dzn,SATISFIED,1200.8510756287724,1010,4453246,620903,4058,616843,-17753,276993527,0.181,minimize,0.0,67,67,3050,-1415886616,2050,9130,-17753,3688571,1198.985,4056,697765,1.012829,0.0,4000,697765,MaxEff_dcmp,3.16,1050,0,5076,142.599,2000
Chuffed Dcmp,jobshop,jobshop/jobshop.mzn,jobshop/dzn/ta56_5a_alloc1.dzn:jobshop/generated_bounds/MaxEffSpread/ta56_5a_alloc1_MaxEffSpread.dzn,SATISFIED,1200.7194557394832,764,14512134,603541,3066,600473,-16020,233588546,0.136,minimize,0.0,73,73,2300,1948532075,1550,6885,-16020,13544799,1199.222,3064,925135,0.776128,0.0,3000,925135,MaxEff_dcmp,0.94,800,0,3833,119.739,1500
Chuffed Dcmp,jobshop,jobshop/jobshop.mzn,jobshop/dzn/ta77_9a_alloc1.dzn:jobshop/generated_bounds/MaxEffSpread/ta77_9a_alloc1_MaxEffSpread.dzn,SATISFIED,1201.6248233597726,,,,,,-44162,,,minimize,,,145,6100,,4100,18255,,,,8125,,1.88458,,8000,,MaxEff_dcmp,,2100,0,,,4000
Chuffed Dcmp,jobshop,jobshop/jobshop.mzn,jobshop/dzn/ta61_4a_alloc1.dzn:jobshop/generated_bounds/MaxEffSpread/ta61_4a_alloc1_MaxEffSpread.dzn,SATISFIED,1200.8730398844928,1014,16154572,746820,4060,742758,-19136,275526011,0.189,minimize,0.0,110,110,3050,-1304498022,2050,9133,-19136,15591555,1198.988,4058,466290,1.00981,0.0,4000,466290,MaxEff_dcmp,0.94,1050,0,5078,217.161,2000
Chuffed Dcmp,jobshop,jobshop/jobshop.mzn,jobshop/dzn/ta43_3a_alloc1.dzn:jobshop/generated_bounds/MaxEffSpread/ta43_3a_alloc1_MaxEffSpread.dzn,SATISFIED,1200.7667688839138,606,1796584,562635,2438,560195,-9325,281004335,0.11,minimize,0.0,38,38,1830,-1882145014,1230,5490,-9325,1588095,1199.345,2436,187266,0.654797,0.0,2400,187266,MaxEff_dcmp,0.94,630,0,3056,1076.036,1200
Chuffed Dcmp,jobshop,jobshop/jobshop.mzn,jobshop/dzn/ta40_3a_alloc1.dzn:jobshop/generated_bounds/MaxEffSpread/ta40_3a_alloc1_MaxEffSpread.dzn,SATISFIED,1200.4765710048378,457,4375356,165947,1841,164104,-7215,402068519,0.08,minimize,0.0,20,20,1380,1432582815,930,4138,-7215,3218778,1199.488,1839,1147134,0.515445,0.0,1800,1147134,MaxEff_dcmp,0.63,480,0,2307,218.824,900
Chuffed Dcmp,jobshop,jobshop/jobshop.mzn,jobshop/dzn/ta66_5a_alloc1.dzn:jobshop/generated_bounds/MaxEffSpread/ta66_5a_alloc1_MaxEffSpread.dzn,SATISFIED,1200.895933015272,1014,15754163,602222,4065,598155,-18662,251883344,0.186,minimize,0.0,68,68,3050,-1207997717,2050,9139,-18662,14999057,1198.988,4063,698365,1.01076,0.0,4000,698365,MaxEff_dcmp,0.94,1050,0,5086,728.898,2000
Chuffed Dcmp,jobshop,jobshop/jobshop.mzn,jobshop/dzn/ta61_3a_alloc1.dzn:jobshop/generated_bounds/MaxEffSpread/ta61_3a_alloc1_MaxEffSpread.dzn,SATISFIED,1200.8579785525799,1014,3885959,681544,4056,677486,-19606,296814275,0.181,minimize,0.0,90,90,3050,1959040024,2050,9128,-19606,3283318,1198.984,4054,512287,1.01576,0.0,4000,512287,MaxEff_dcmp,3.16,1050,0,5072,933.102,2000
Chuffed Dcmp,jobshop,jobshop/jobshop.mzn,jobshop/dzn/ta77_10a_alloc1.dzn:jobshop/generated_bounds/MaxEffSpread/ta77_10a_alloc1_MaxEffSpread.dzn,UNKNOWN,1201.4343755636364,2004,759275,1251813,8131,1243680,,5774812,0.383,minimize,0.0,0,0,6100,-552159608,4100,18260,-1,595186,1198.08,8129,162087,1.92117,0.0,8000,162087,MaxEff_dcmp,3.16,2100,0,10158,0.0,4000
Chuffed Dcmp,jobshop,jobshop/jobshop.mzn,jobshop/dzn/ta52_4a_alloc1.dzn:jobshop/generated_bounds/MaxEffSpread/ta52_4a_alloc1_MaxEffSpread.dzn,SATISFIED,1200.7341157719493,763,13675501,661500,3063,658435,-16628,238671990,0.139,minimize,0.0,58,58,2300,1587188961,1550,6881,-16628,12887898,1199.221,3061,757544,0.777507,0.0,3000,757544,MaxEff_dcmp,0.94,800,0,3829,156.56,1500
Chuffed Dcmp,jobshop,jobshop/jobshop.mzn,jobshop/dzn/ta44_2a_alloc1.dzn:jobshop/generated_bounds/MaxEffSpread/ta44_2a_alloc1_MaxEffSpread.dzn,SATISFIED,1200.6065193172544,612,2352444,269045,2439,266604,-11710,430590133,0.111,minimize,0.0,32,32,1830,-2002387652,1230,5490,-11710,1714972,1199.333,2437,617724,0.668152,0.0,2400,617724,MaxEff_dcmp,0.94,630,0,3060,453.754,1200
Chuffed Dcmp,jobshop,jobshop/jobshop.mzn,jobshop/dzn/ta74_7a_alloc1.dzn:jobshop/generated_bounds/MaxEffSpread/ta74_7a_alloc1_MaxEffSpread.dzn,SATISFIED,1201.5830745417625,,,,,,-34930,,,minimize,,,173,6100,,4100,18236,,,,8108,,1.88827,,8000,,MaxEff_dcmp,,2100,0,,,4000
