configuration,problem,model,data_file,status,time,restarts,intVars,run,initTime,solveTime,method,flatTime,backjumps,optTime,nSolutions,solver_objective,flatIntConstraints,objective,baseMem,trailMem,eliminatedImplications,flatBoolVars,flatBoolConstraints,failures,nogoods,nodes,propagations,peakDepth,propagators,paths,flatIntVars,evaluatedHalfReifiedConstraints,randomSeed,boolVariables,evaluatedReifiedConstraints,peakMem,variables
Chuffed BBval,jobshop,jobshop/jobshop.mzn,jobshop/dzn/ta79_5a_alloc1.dzn:jobshop/generated_bounds/MinDis/ta79_5a_alloc1_MinDis.dzn,SATISFIED,1201.1517568714917,22,8085,MinDis,0.392,1198.129,minimize,1.8701,3866874,1010.057,22,510930,18207,510930,0.0,2.11,2100,6100,8000,171911,171911,4084497,939280105,2020,10088,0,8084,4100,-1361926677,800566,4000,0.0,808653
Chuffed Prop,jobshop,jobshop/jobshop.mzn,jobshop/dzn/ta42_3a_alloc1.dzn:jobshop/generated_bounds/MinDis/ta42_3a_alloc1_MinDis.dzn,SATISFIED,1200.3988288491964,,,MinDis,,,minimize,0.648199,,,8,,5484,139786,,,630,1830,2400,,,,,,,0,2431,1230,,,1200,,
Chuffed Prop,jobshop,jobshop/jobshop.mzn,jobshop/dzn/ta33_3a_alloc1.dzn:jobshop/generated_bounds/MinDis/ta33_3a_alloc1_MinDis.dzn,SATISFIED,1200.4173663519323,,,MinDis,,,minimize,0.482989,,,19,,4129,102926,,,480,1380,1800,,,,,,,0,1831,930,,,900,,
Chuffed BBval,jobshop,jobshop/jobshop.mzn,jobshop/dzn/ta58_5a_alloc1.dzn:jobshop/generated_bounds/MinDis/ta58_5a_alloc1_MinDis.dzn,SATISFIED,1200.6482556201518,39,3055,MinDis,0.14,1199.221,minimize,0.776544,10161562,1124.026,39,32477,6872,32477,0.0,0.63,800,2300,3000,703999,703999,10895692,836433450,763,3823,0,3054,1550,-1105691154,300280,1500,0.0,303337
Chuffed BBval,jobshop,jobshop/jobshop.mzn,jobshop/dzn/ta51_3a_alloc1.dzn:jobshop/generated_bounds/MinDis/ta51_3a_alloc1_MinDis.dzn,SATISFIED,1200.6743348557502,8,3050,MinDis,0.139,1199.23,minimize,0.768543,4443775,1.032,8,1660874,6867,1660874,0.0,0.94,800,2300,3000,1268958,1268958,5719493,224395795,763,3813,0,3049,1550,-930811026,207724,1500,0.0,210776
Chuffed Prop,jobshop,jobshop/jobshop.mzn,jobshop/dzn/ta74_6a_alloc1.dzn:jobshop/generated_bounds/MinDis/ta74_6a_alloc1_MinDis.dzn,SATISFIED,1200.6551421713084,,,MinDis,,,minimize,1.88822,,,216,,18207,87923,,,2100,6100,8000,,,,,,,0,8084,4100,,,4000,,
Chuffed BBval,jobshop,jobshop/jobshop.mzn,jobshop/dzn/ta49_3a_alloc1.dzn:jobshop/generated_bounds/MinDis/ta49_3a_alloc1_MinDis.dzn,SATISFIED,1200.527016285807,7,2430,MinDis,0.113,1199.375,minimize,0.624738,2525143,1109.504,7,47384,5482,47384,0.0,0.94,630,1830,2400,641062,641062,3170739,483728807,604,3048,0,2429,1230,-805234196,239997,1200,0.0,242429
Chuffed BBval,jobshop,jobshop/jobshop.mzn,jobshop/dzn/ta69_5a_alloc1.dzn:jobshop/generated_bounds/MinDis/ta69_5a_alloc1_MinDis.dzn,SATISFIED,1200.6671219617128,24,4050,MinDis,0.181,1199.06,minimize,0.939299,8812616,74.859,24,77140,9122,77140,0.0,0.94,1050,3050,4000,423183,423183,9260714,977233007,1016,5068,0,4049,2050,1100322170,315813,2000,0.0,319865
Chuffed Prop,jobshop,jobshop/jobshop.mzn,jobshop/dzn/ta62_4a_alloc1.dzn:jobshop/generated_bounds/MinDis/ta62_4a_alloc1_MinDis.dzn,SATISFIED,1200.5081146825105,,,MinDis,,,minimize,0.986618,,,8,,9121,1208036,,,1050,3050,4000,,,,,,,0,4048,2050,,,2000,,
Chuffed BBval,jobshop,jobshop/jobshop.mzn,jobshop/dzn/ta73_7a_alloc1.dzn:jobshop/generated_bounds/MinDis/ta73_7a_alloc1_MinDis.dzn,SATISFIED,1201.1297433990985,41,8091,MinDis,0.386,1198.103,minimize,1.90145,3099377,1045.776,41,952886,18213,952886,0.0,2.11,2100,6100,8000,135185,135185,3318602,793888604,2019,10100,0,8090,4100,1727517130,891887,4000,0.0,899980
Chuffed Prop,jobshop,jobshop/jobshop.mzn,jobshop/dzn/ta39_3a_alloc1.dzn:jobshop/generated_bounds/MinDis/ta39_3a_alloc1_MinDis.dzn,SATISFIED,1200.3860906921327,,,MinDis,,,minimize,0.510256,,,3,,4126,80134,,,480,1380,1800,,,,,,,0,1828,930,,,900,,
Chuffed BB,jobshop,jobshop/jobshop.mzn,jobshop/dzn/ta79_9a_alloc1.dzn:jobshop/generated_bounds/MinDis/ta79_9a_alloc1_MinDis.dzn,SATISFIED,1201.2799404151738,64,8089,MinDis,0.382,1198.164,minimize,1.84372,2438421,1118.295,64,271173,18211,271173,0.0,2.11,2100,6100,8000,116752,116752,2685672,399726658,2022,10096,0,8088,4100,-1469482588,1226367,4000,0.0,1234458
Chuffed BBval,jobshop,jobshop/jobshop.mzn,jobshop/dzn/ta39_3a_alloc1.dzn:jobshop/generated_bounds/MinDis/ta39_3a_alloc1_MinDis.dzn,SATISFIED,1200.4811561517417,3,1829,MinDis,0.078,1199.521,minimize,0.468847,1081164,447.366,3,80134,4126,80134,0.0,0.63,480,1380,1800,706804,706804,1789606,464126934,457,2291,0,1828,930,44309755,178229,900,0.0,180060
Chuffed BB,jobshop,jobshop/jobshop.mzn,jobshop/dzn/ta47_2a_alloc1.dzn:jobshop/generated_bounds/MinDis/ta47_2a_alloc1_MinDis.dzn,OPTIMAL_SOLUTION,73.60897072590888,11,2430,MinDis,0.111,72.439,minimize,0.608824,358539,70.808,11,7310,5482,7310,0.0,0.63,630,1830,2400,30735,30735,393556,44248565,604,3048,0,2429,1230,2017652676,237487,1200,0.0,239919
Chuffed Prop,jobshop,jobshop/jobshop.mzn,jobshop/dzn/ta50_2a_alloc1.dzn:jobshop/generated_bounds/MinDis/ta50_2a_alloc1_MinDis.dzn,OPTIMAL_SOLUTION,407.7703273072839,15,2432,MinDis,0.112,406.548,minimize,0.646601,1481577,168.925,15,1122,5484,1122,0.0,0.63,630,1830,2400,113004,113004,1601853,251431407,603,3052,0,2431,1230,1772005752,275537,1200,0.0,277971
Chuffed Prop,jobshop,jobshop/jobshop.mzn,jobshop/dzn/ta51_3a_alloc1.dzn:jobshop/generated_bounds/MinDis/ta51_3a_alloc1_MinDis.dzn,SATISFIED,1200.4460562374443,,,MinDis,,,minimize,0.776383,,,8,,6867,1660874,,,800,2300,3000,,,,,,,0,3049,1550,,,1500,,
Chuffed Prop,jobshop,jobshop/jobshop.mzn,jobshop/dzn/ta61_3a_alloc1.dzn:jobshop/generated_bounds/MinDis/ta61_3a_alloc1_MinDis.dzn,SATISFIED,1200.50129118748,,,MinDis,,,minimize,1.00969,,,30,,9116,21532,,,1050,3050,4000,,,,,,,0,4043,2050,,,2000,,
Chuffed BBval,jobshop,jobshop/jobshop.mzn,jobshop/dzn/ta79_8a_alloc1.dzn:jobshop/generated_bounds/MinDis/ta79_8a_alloc1_MinDis.dzn,SATISFIED,1201.1937819831073,23,8088,MinDis,0.385,1198.043,minimize,1.9701,3516969,566.381,23,180406,18210,180406,0.0,2.11,2100,6100,8000,156250,156250,3720961,857111054,2020,10094,0,8087,4100,575137856,781907,4000,0.0,789997
Chuffed BBval,jobshop,jobshop/jobshop.mzn,jobshop/dzn/ta77_7a_alloc1.dzn:jobshop/generated_bounds/MinDis/ta77_7a_alloc1_MinDis.dzn,SATISFIED,1201.2058514989913,25,8095,MinDis,0.381,1198.146,minimize,1.85912,3429103,958.424,25,501269,18217,501269,0.0,2.11,2100,6100,8000,154449,154449,3635345,868996941,2019,10108,0,8094,4100,-397330133,749469,4000,0.0,757566
Chuffed BB,jobshop,jobshop/jobshop.mzn,jobshop/dzn/ta46_3a_alloc1.dzn:jobshop/generated_bounds/MinDis/ta46_3a_alloc1_MinDis.dzn,SATISFIED,1200.5654510390013,6,2432,MinDis,0.116,1199.38,minimize,0.619716,2101672,98.88,6,58372,5484,58372,0.0,0.94,630,1830,2400,678361,678361,2783675,486704730,604,3052,0,2431,1230,-576083928,264452,1200,0.0,266886
Chuffed BBval,jobshop,jobshop/jobshop.mzn,jobshop/dzn/ta78_9a_alloc1.dzn:jobshop/generated_bounds/MinDis/ta78_9a_alloc1_MinDis.dzn,SATISFIED,1201.1801446303725,30,8090,MinDis,0.384,1198.068,minimize,1.94439,3652700,1042.43,30,1158432,18212,1158432,0.0,2.11,2100,6100,8000,160351,160351,3874946,755937497,2020,10098,0,8089,4100,-125513631,879017,4000,0.0,887109
Chuffed BBval,jobshop,jobshop/jobshop.mzn,jobshop/dzn/ta55_5a_alloc1.dzn:jobshop/generated_bounds/MinDis/ta55_5a_alloc1_MinDis.dzn,SATISFIED,1200.5365126412362,1,3049,MinDis,0.14,1199.229,minimize,0.770213,3337821,0.147,1,578022,6866,578022,0.0,0.94,800,2300,3000,1205705,1205705,4544932,306689445,763,3811,0,3048,1550,-79886822,177090,1500,0.0,180141
Chuffed Prop,jobshop,jobshop/jobshop.mzn,jobshop/dzn/ta71_9a_alloc1.dzn:jobshop/generated_bounds/MinDis/ta71_9a_alloc1_MinDis.dzn,SATISFIED,1200.7372898925096,,,MinDis,,,minimize,1.91286,,,434,,18215,4,,,2100,6100,8000,,,,,,,0,8092,4100,,,4000,,
Chuffed Prop,jobshop,jobshop/jobshop.mzn,jobshop/dzn/ta71_5a_alloc1.dzn:jobshop/generated_bounds/MinDis/ta71_5a_alloc1_MinDis.dzn,OPTIMAL_SOLUTION,725.9349135961384,279,8089,MinDis,0.387,722.193,minimize,1.88574,1572045,722.119,279,0,18211,0,0.0,2.11,2100,6100,8000,66500,66500,2192497,250863004,2019,10096,0,8088,4100,1772007074,1806254,4000,0.0,1814345
Chuffed Prop,jobshop,jobshop/jobshop.mzn,jobshop/dzn/ta80_7a_alloc1.dzn:jobshop/generated_bounds/MinDis/ta80_7a_alloc1_MinDis.dzn,SATISFIED,1200.7549449279904,,,MinDis,,,minimize,1.89472,,,158,,18212,13859,,,2100,6100,8000,,,,,,,0,8089,4100,,,4000,,
Chuffed Prop,jobshop,jobshop/jobshop.mzn,jobshop/dzn/ta68_4a_alloc1.dzn:jobshop/generated_bounds/MinDis/ta68_4a_alloc1_MinDis.dzn,SATISFIED,1200.445267625153,,,MinDis,,,minimize,0.960777,,,24,,9117,794485,,,1050,3050,4000,,,,,,,0,4044,2050,,,2000,,
Chuffed Prop,jobshop,jobshop/jobshop.mzn,jobshop/dzn/ta57_3a_alloc1.dzn:jobshop/generated_bounds/MinDis/ta57_3a_alloc1_MinDis.dzn,SATISFIED,1200.399156756699,,,MinDis,,,minimize,0.759935,,,1,,6865,1949968,,,800,2300,3000,,,,,,,0,3047,1550,,,1500,,
Chuffed Prop,jobshop,jobshop/jobshop.mzn,jobshop/dzn/ta58_4a_alloc1.dzn:jobshop/generated_bounds/MinDis/ta58_4a_alloc1_MinDis.dzn,SATISFIED,1200.531210159883,,,MinDis,,,minimize,0.757047,,,30,,6871,18,,,800,2300,3000,,,,,,,0,3053,1550,,,1500,,
Chuffed BB,jobshop,jobshop/jobshop.mzn,jobshop/dzn/ta60_4a_alloc1.dzn:jobshop/generated_bounds/MinDis/ta60_4a_alloc1_MinDis.dzn,SATISFIED,1200.6896105855703,60,3052,MinDis,0.141,1199.233,minimize,0.765612,2599661,658.259,60,2581,6869,2581,0.0,0.94,800,2300,3000,818522,818522,3464516,300813246,766,3817,0,3051,1550,790467105,349606,1500,0.0,352660
Chuffed BBval,jobshop,jobshop/jobshop.mzn,jobshop/dzn/ta66_3a_alloc1.dzn:jobshop/generated_bounds/MinDis/ta66_3a_alloc1_MinDis.dzn,SATISFIED,1200.7139389924705,23,4045,MinDis,0.191,1199.002,minimize,0.996443,4175373,1190.643,23,74,9117,74,0.0,0.94,1050,3050,4000,633284,633284,4832544,449934383,1014,5058,0,4044,2050,1697971500,358673,2000,0.0,362720
Chuffed BB,jobshop,jobshop/jobshop.mzn,jobshop/dzn/ta42_2a_alloc1.dzn:jobshop/generated_bounds/MinDis/ta42_2a_alloc1_MinDis.dzn,OPTIMAL_SOLUTION,840.4326752200723,12,2431,MinDis,0.115,839.22,minimize,0.610401,1969258,839.122,12,0,5483,0,0.0,0.94,630,1830,2400,375257,375257,2351331,404479331,604,3050,0,2430,1230,-1209702962,264740,1200,0.0,267173
Chuffed Prop,jobshop,jobshop/jobshop.mzn,jobshop/dzn/ta56_3a_alloc1.dzn:jobshop/generated_bounds/MinDis/ta56_3a_alloc1_MinDis.dzn,OPTIMAL_SOLUTION,3.9271265286952257,25,3046,MinDis,0.14,2.596,minimize,0.770696,29292,2.587,25,0,6863,0,0.0,0.63,800,2300,3000,561,561,48730,1411672,764,3805,0,3045,1550,1772006726,199156,1500,0.0,202204
Chuffed BBval,jobshop,jobshop/jobshop.mzn,jobshop/dzn/ta77_5a_alloc1.dzn:jobshop/generated_bounds/MinDis/ta77_5a_alloc1_MinDis.dzn,SATISFIED,1201.3939846325666,12,8093,MinDis,0.413,1198.139,minimize,1.858,3951222,776.099,12,4120454,18215,4120454,0.0,2.11,2100,6100,8000,179978,179978,4156746,1001094721,2018,10104,0,8092,4100,922191099,584241,4000,0.0,592336
Chuffed BB,jobshop,jobshop/jobshop.mzn,jobshop/dzn/ta65_4a_alloc1.dzn:jobshop/generated_bounds/MinDis/ta65_4a_alloc1_MinDis.dzn,SATISFIED,1200.7234792467207,55,4046,MinDis,0.183,1199.001,minimize,1.00664,5895205,581.071,55,1,9118,1,0.0,0.94,1050,3050,4000,295400,295400,6246289,644827174,1014,5060,0,4045,2050,575982618,400693,2000,0.0,404741
Chuffed Prop,jobshop,jobshop/jobshop.mzn,jobshop/dzn/ta45_2a_alloc1.dzn:jobshop/generated_bounds/MinDis/ta45_2a_alloc1_MinDis.dzn,OPTIMAL_SOLUTION,62.23095607571304,10,2427,MinDis,0.113,61.038,minimize,0.651461,248060,60.975,10,0,5479,0,0.0,0.63,630,1830,2400,46791,46791,300582,33387385,611,3042,0,2426,1230,1772003048,245155,1200,0.0,247584
Chuffed BB,jobshop,jobshop/jobshop.mzn,jobshop/dzn/ta75_6a_alloc1.dzn:jobshop/generated_bounds/MinDis/ta75_6a_alloc1_MinDis.dzn,SATISFIED,1201.214821683243,41,8084,MinDis,0.375,1198.112,minimize,1.89309,2081266,544.646,41,786701,18206,786701,0.0,2.11,2100,6100,8000,96619,96619,2261890,646953803,2019,10086,0,8083,4100,534718708,1023813,4000,0.0,1031899
Chuffed Prop,jobshop,jobshop/jobshop.mzn,jobshop/dzn/ta77_5a_alloc1.dzn:jobshop/generated_bounds/MinDis/ta77_5a_alloc1_MinDis.dzn,SATISFIED,1200.7702618483454,,,MinDis,,,minimize,1.88677,,,175,,18215,549632,,,2100,6100,8000,,,,,,,0,8092,4100,,,4000,,
Chuffed Prop,jobshop,jobshop/jobshop.mzn,jobshop/dzn/ta78_7a_alloc1.dzn:jobshop/generated_bounds/MinDis/ta78_7a_alloc1_MinDis.dzn,SATISFIED,1200.7462481744587,,,MinDis,,,minimize,1.88798,,,188,,18210,1211,,,2100,6100,8000,,,,,,,0,8087,4100,,,4000,,
Chuffed Prop,jobshop,jobshop/jobshop.mzn,jobshop/dzn/ta72_5a_alloc1.dzn:jobshop/generated_bounds/MinDis/ta72_5a_alloc1_MinDis.dzn,OPTIMAL_SOLUTION,244.4250260386616,187,8086,MinDis,0.389,240.597,minimize,1.90176,559634,240.515,187,0,18208,0,0.0,2.11,2100,6100,8000,15750,15750,944110,78960868,2018,10090,0,8085,4100,1772009892,1833830,4000,0.0,1841918
Chuffed BBval,jobshop,jobshop/jobshop.mzn,jobshop/dzn/ta71_9a_alloc1.dzn:jobshop/generated_bounds/MinDis/ta71_9a_alloc1_MinDis.dzn,SATISFIED,1201.1941630560905,23,8093,MinDis,0.385,1198.08,minimize,1.92013,3435523,310.09,23,229674,18215,229674,0.0,2.11,2100,6100,8000,160451,160451,3643700,850641241,2017,10104,0,8092,4100,1431550517,737282,4000,0.0,745377
Chuffed BBval,jobshop,jobshop/jobshop.mzn,jobshop/dzn/ta43_2a_alloc1.dzn:jobshop/generated_bounds/MinDis/ta43_2a_alloc1_MinDis.dzn,SATISFIED,1200.5628530625254,4,2425,MinDis,0.109,1199.344,minimize,0.662682,4307211,513.066,4,1,5477,1,0.0,0.94,630,1830,2400,288119,288119,4597709,680229232,604,3038,0,2424,1230,1581604452,284053,1200,0.0,286480
Chuffed BBval,jobshop,jobshop/jobshop.mzn,jobshop/dzn/ta72_5a_alloc1.dzn:jobshop/generated_bounds/MinDis/ta72_5a_alloc1_MinDis.dzn,SATISFIED,1201.2540268730372,37,8086,MinDis,0.376,1198.125,minimize,1.8865,2750290,392.821,37,220346,18208,220346,0.0,2.11,2100,6100,8000,119497,119497,2945709,743296418,2018,10090,0,8085,4100,-261962715,960173,4000,0.0,968261
Chuffed BBval,jobshop,jobshop/jobshop.mzn,jobshop/dzn/ta32_3a_alloc1.dzn:jobshop/generated_bounds/MinDis/ta32_3a_alloc1_MinDis.dzn,SATISFIED,1200.576495859772,15,1832,MinDis,0.084,1199.508,minimize,0.489494,4099742,276.951,15,210,4129,210,0.0,0.63,480,1380,1800,569312,569312,4676186,472754120,459,2297,0,1831,930,1266249689,250203,900,0.0,252037
Chuffed BB,jobshop,jobshop/jobshop.mzn,jobshop/dzn/ta75_7a_alloc1.dzn:jobshop/generated_bounds/MinDis/ta75_7a_alloc1_MinDis.dzn,SATISFIED,1201.2354334443808,45,8085,MinDis,0.396,1198.156,minimize,1.84225,2846263,579.432,45,21832,18207,21832,0.0,2.11,2100,6100,8000,131691,131691,3070019,447011770,2019,10088,0,8084,4100,1157847968,1002092,4000,0.0,1010179
Chuffed Prop,jobshop,jobshop/jobshop.mzn,jobshop/dzn/ta37_2a_alloc1.dzn:jobshop/generated_bounds/MinDis/ta37_2a_alloc1_MinDis.dzn,SATISFIED,1200.401338543743,,,MinDis,,,minimize,0.514945,,,3,,4129,59536,,,480,1380,1800,,,,,,,0,1831,930,,,900,,
Chuffed BB,jobshop,jobshop/jobshop.mzn,jobshop/dzn/ta56_4a_alloc1.dzn:jobshop/generated_bounds/MinDis/ta56_4a_alloc1_MinDis.dzn,SATISFIED,1200.592417050153,66,3047,MinDis,0.141,1199.239,minimize,0.758596,3300896,1139.237,66,797091,6864,797091,0.0,0.94,800,2300,3000,925113,925113,4276965,310973107,765,3807,0,3046,1550,-1261968802,375217,1500,0.0,378266
Chuffed Prop,jobshop,jobshop/jobshop.mzn,jobshop/dzn/ta74_9a_alloc1.dzn:jobshop/generated_bounds/MinDis/ta74_9a_alloc1_MinDis.dzn,SATISFIED,1200.5586437042803,,,MinDis,,,minimize,1.84453,,,105,,18210,69090,,,2100,6100,8000,,,,,,,0,8087,4100,,,4000,,
Chuffed BB,jobshop,jobshop/jobshop.mzn,jobshop/dzn/ta41_3a_alloc1.dzn:jobshop/generated_bounds/MinDis/ta41_3a_alloc1_MinDis.dzn,SATISFIED,1200.5886019468307,9,2432,MinDis,0.113,1199.395,minimize,0.607158,3486634,94.57,9,2,5484,2,0.0,0.63,630,1830,2400,233823,233823,3725403,604770518,604,3052,0,2431,1230,-1494282792,377893,1200,0.0,380327
Chuffed BBval,jobshop,jobshop/jobshop.mzn,jobshop/dzn/ta75_8a_alloc1.dzn:jobshop/generated_bounds/MinDis/ta75_8a_alloc1_MinDis.dzn,SATISFIED,1201.1196459531784,29,8086,MinDis,0.372,1198.229,minimize,1.77039,3322980,1182.659,29,2241213,18208,2241213,0.0,2.11,2100,6100,8000,154165,154165,3536943,788964151,2018,10090,0,8085,4100,-265642428,837504,4000,0.0,845592
Chuffed BBval,jobshop,jobshop/jobshop.mzn,jobshop/dzn/ta36_2a_alloc1.dzn:jobshop/generated_bounds/MinDis/ta36_2a_alloc1_MinDis.dzn,SATISFIED,1200.492312707007,3,1832,MinDis,0.081,1199.511,minimize,0.484246,2102944,1115.833,3,10100,4129,10100,0.0,0.63,480,1380,1800,927218,927218,3031859,373084132,460,2297,0,1831,930,1984482215,193977,900,0.0,195811
Chuffed Prop,jobshop,jobshop/jobshop.mzn,jobshop/dzn/ta35_3a_alloc1.dzn:jobshop/generated_bounds/MinDis/ta35_3a_alloc1_MinDis.dzn,UNKNOWN,1200.4753531198949,,,MinDis,,,minimize,0.510282,,,0,,4127,,,,480,1380,1800,,,,,,,0,1829,930,,,900,,
Chuffed BB,jobshop,jobshop/jobshop.mzn,jobshop/dzn/ta76_6a_alloc1.dzn:jobshop/generated_bounds/MinDis/ta76_6a_alloc1_MinDis.dzn,SATISFIED,1201.1991187315434,40,8085,MinDis,0.386,1198.11,minimize,1.90094,2784371,244.92,40,167500,18207,167500,0.0,2.11,2100,6100,8000,128364,128364,2994896,582909327,2021,10088,0,8084,4100,1145640039,924259,4000,0.0,932346
Chuffed BB,jobshop,jobshop/jobshop.mzn,jobshop/dzn/ta67_5a_alloc1.dzn:jobshop/generated_bounds/MinDis/ta67_5a_alloc1_MinDis.dzn,SATISFIED,1200.729547355324,3,4048,MinDis,0.187,1198.986,minimize,1.01157,1765224,0.997,3,723871,9120,723871,0.0,1.41,1050,3050,4000,523295,523295,2292355,337898598,1011,5064,0,4047,2050,-2007232147,291695,2000,0.0,295745
Chuffed BBval,jobshop,jobshop/jobshop.mzn,jobshop/dzn/ta65_5a_alloc1.dzn:jobshop/generated_bounds/MinDis/ta65_5a_alloc1_MinDis.dzn,SATISFIED,1200.7357820607722,2,4047,MinDis,0.186,1198.988,minimize,1.012529,1847473,421.756,2,282133,9119,282133,0.0,0.94,1050,3050,4000,797177,797177,2647536,291053021,1014,5062,0,4046,2050,-169600814,287182,2000,0.0,291231
Chuffed BB,jobshop,jobshop/jobshop.mzn,jobshop/dzn/ta72_5a_alloc1.dzn:jobshop/generated_bounds/MinDis/ta72_5a_alloc1_MinDis.dzn,SATISFIED,1201.3147018104792,93,8086,MinDis,0.376,1198.133,minimize,1.88582,2574561,929.249,93,6364,18208,6364,0.0,2.11,2100,6100,8000,117022,117022,2880560,377066563,2019,10090,0,8085,4100,-75590694,1378979,4000,0.0,1387067
Chuffed Prop,jobshop,jobshop/jobshop.mzn,jobshop/dzn/ta46_3a_alloc1.dzn:jobshop/generated_bounds/MinDis/ta46_3a_alloc1_MinDis.dzn,SATISFIED,1200.4305012244731,,,MinDis,,,minimize,0.651941,,,6,,5484,58372,,,630,1830,2400,,,,,,,0,2431,1230,,,1200,,
Chuffed BBval,jobshop,jobshop/jobshop.mzn,jobshop/dzn/ta66_4a_alloc1.dzn:jobshop/generated_bounds/MinDis/ta66_4a_alloc1_MinDis.dzn,SATISFIED,1200.7659437861294,11,4046,MinDis,0.188,1199.007,minimize,0.994055,1934768,116.715,11,183529,9118,183529,0.0,0.94,1050,3050,4000,596619,596619,2543310,307606466,1014,5060,0,4045,2050,-300554177,372223,2000,0.0,376271
Chuffed BB,jobshop,jobshop/jobshop.mzn,jobshop/dzn/ta36_3a_alloc1.dzn:jobshop/generated_bounds/MinDis/ta36_3a_alloc1_MinDis.dzn,UNKNOWN,1200.5371583793312,0,1833,MinDis,0.086,1199.509,minimize,0.489791,1856751,0.0,0,-1,4130,,0.0,0.63,480,1380,1800,885175,885175,2742244,408002493,454,2299,0,1832,930,1501575037,192499,900,0.0,194334
Chuffed BB,jobshop,jobshop/jobshop.mzn,jobshop/dzn/ta70_5a_alloc1.dzn:jobshop/generated_bounds/MinDis/ta70_5a_alloc1_MinDis.dzn,SATISFIED,1200.7481901887804,15,4045,MinDis,0.189,1198.993,minimize,1.00684,4560488,14.257,15,261238,9117,261238,0.0,0.94,1050,3050,4000,751363,751363,5327893,259725872,1014,5058,0,4044,2050,1465446260,341114,2000,0.0,345161
Chuffed Prop,jobshop,jobshop/jobshop.mzn,jobshop/dzn/ta59_3a_alloc1.dzn:jobshop/generated_bounds/MinDis/ta59_3a_alloc1_MinDis.dzn,SATISFIED,1200.4218225497752,,,MinDis,,,minimize,0.77015,,,3,,6865,552105,,,800,2300,3000,,,,,,,0,3047,1550,,,1500,,
Chuffed Prop,jobshop,jobshop/jobshop.mzn,jobshop/dzn/ta73_10a_alloc1.dzn:jobshop/generated_bounds/MinDis/ta73_10a_alloc1_MinDis.dzn,SATISFIED,1200.653387248516,,,MinDis,,,minimize,1.82291,,,202,,18216,86824,,,2100,6100,8000,,,,,,,0,8093,4100,,,4000,,
Chuffed Prop,jobshop,jobshop/jobshop.mzn,jobshop/dzn/ta75_10a_alloc1.dzn:jobshop/generated_bounds/MinDis/ta75_10a_alloc1_MinDis.dzn,SATISFIED,1201.2448126133531,,,MinDis,,,minimize,1.88173,,,28,,18210,355460,,,2100,6100,8000,,,,,,,0,8087,4100,,,4000,,
Chuffed BB,jobshop,jobshop/jobshop.mzn,jobshop/dzn/ta69_5a_alloc1.dzn:jobshop/generated_bounds/MinDis/ta69_5a_alloc1_MinDis.dzn,SATISFIED,1200.8777816500515,31,4050,MinDis,0.188,1198.988,minimize,1.011609,2481585,305.963,31,36897,9122,36897,0.0,1.41,1050,3050,4000,606280,606280,3120115,312725726,1017,5068,0,4049,2050,-627625947,426214,2000,0.0,430266
Chuffed BBval,jobshop,jobshop/jobshop.mzn,jobshop/dzn/ta31_3a_alloc1.dzn:jobshop/generated_bounds/MinDis/ta31_3a_alloc1_MinDis.dzn,SATISFIED,1200.5042824074626,2,1829,MinDis,0.084,1199.483,minimize,0.515422,2442943,713.059,2,151718,4126,151718,0.0,0.63,480,1380,1800,1011379,1011379,3455562,415856293,459,2291,0,1828,930,-1686713487,186602,900,0.0,188433
Chuffed Prop,jobshop,jobshop/jobshop.mzn,jobshop/dzn/ta79_9a_alloc1.dzn:jobshop/generated_bounds/MinDis/ta79_9a_alloc1_MinDis.dzn,SATISFIED,1200.626055829227,,,MinDis,,,minimize,1.87857,,,125,,18211,19214,,,2100,6100,8000,,,,,,,0,8088,4100,,,4000,,
Chuffed Prop,jobshop,jobshop/jobshop.mzn,jobshop/dzn/ta74_10a_alloc1.dzn:jobshop/generated_bounds/MinDis/ta74_10a_alloc1_MinDis.dzn,SATISFIED,1200.6139640342444,,,MinDis,,,minimize,1.87712,,,71,,18211,110164,,,2100,6100,8000,,,,,,,0,8088,4100,,,4000,,
Chuffed BBval,jobshop,jobshop/jobshop.mzn,jobshop/dzn/ta43_3a_alloc1.dzn:jobshop/generated_bounds/MinDis/ta43_3a_alloc1_MinDis.dzn,SATISFIED,1200.7113913353533,9,2426,MinDis,0.111,1199.351,minimize,0.646238,3401844,1125.374,9,58872,5478,58872,0.0,0.94,630,1830,2400,307026,307026,3713615,613967229,604,3040,0,2425,1230,-1896929411,283484,1200,0.0,285912
Chuffed BBval,jobshop,jobshop/jobshop.mzn,jobshop/dzn/ta53_5a_alloc1.dzn:jobshop/generated_bounds/MinDis/ta53_5a_alloc1_MinDis.dzn,SATISFIED,1200.6051849760115,7,3050,MinDis,0.135,1199.227,minimize,0.770759,3621086,0.7,7,272137,6867,272137,0.0,0.63,800,2300,3000,1424535,1424535,5051631,316858811,765,3813,0,3049,1550,1747825619,193844,1500,0.0,196896
Chuffed BB,jobshop,jobshop/jobshop.mzn,jobshop/dzn/ta76_10a_alloc1.dzn:jobshop/generated_bounds/MinDis/ta76_10a_alloc1_MinDis.dzn,SATISFIED,1201.2162510883063,47,8089,MinDis,0.381,1198.142,minimize,1.86119,2297561,202.792,47,286872,18211,286872,0.0,2.11,2100,6100,8000,105587,105587,2499388,551808661,2021,10096,0,8088,4100,1233037598,948342,4000,0.0,956433
Chuffed BB,jobshop,jobshop/jobshop.mzn,jobshop/dzn/ta75_10a_alloc1.dzn:jobshop/generated_bounds/MinDis/ta75_10a_alloc1_MinDis.dzn,SATISFIED,1201.084158476442,9,8088,MinDis,0.376,1198.159,minimize,1.84191,2716831,11.742,9,378345,18210,378345,0.0,2.11,2100,6100,8000,124330,124330,2860624,823359408,2019,10094,0,8087,4100,1190519617,601616,4000,0.0,609706
Chuffed BBval,jobshop,jobshop/jobshop.mzn,jobshop/dzn/ta67_5a_alloc1.dzn:jobshop/generated_bounds/MinDis/ta67_5a_alloc1_MinDis.dzn,SATISFIED,1200.662487912923,3,4048,MinDis,0.181,1199.045,minimize,0.955597,1403856,0.796,3,723871,9120,723871,0.0,0.94,1050,3050,4000,469399,469399,1877129,315212080,1010,5064,0,4047,2050,-621033039,288241,2000,0.0,292291
Chuffed BB,jobshop,jobshop/jobshop.mzn,jobshop/dzn/ta72_9a_alloc1.dzn:jobshop/generated_bounds/MinDis/ta72_9a_alloc1_MinDis.dzn,SATISFIED,1201.286353358999,25,8090,MinDis,0.389,1198.052,minimize,1.95699,2375500,1112.83,25,780165,18212,780165,0.0,2.11,2100,6100,8000,104419,104419,2531662,750103184,2019,10098,0,8089,4100,791076643,890556,4000,0.0,898648
Chuffed Prop,jobshop,jobshop/jobshop.mzn,jobshop/dzn/ta51_4a_alloc1.dzn:jobshop/generated_bounds/MinDis/ta51_4a_alloc1_MinDis.dzn,SATISFIED,1200.4456126615405,,,MinDis,,,minimize,0.735907,,,12,,6868,49522,,,800,2300,3000,,,,,,,0,3050,1550,,,1500,,
Chuffed BB,jobshop,jobshop/jobshop.mzn,jobshop/dzn/ta39_2a_alloc1.dzn:jobshop/generated_bounds/MinDis/ta39_2a_alloc1_MinDis.dzn,SATISFIED,1200.500800134614,2,1828,MinDis,0.082,1199.511,minimize,0.491193,1600284,84.216,2,1042441,4125,1042441,0.0,0.63,480,1380,1800,807574,807574,2409081,431686280,458,2289,0,1827,930,1603034756,185435,900,0.0,187265
Chuffed BB,jobshop,jobshop/jobshop.mzn,jobshop/dzn/ta37_2a_alloc1.dzn:jobshop/generated_bounds/MinDis/ta37_2a_alloc1_MinDis.dzn,SATISFIED,1200.5485267080367,3,1832,MinDis,0.088,1199.505,minimize,0.495468,2744568,256.672,3,59536,4129,59536,0.0,0.63,480,1380,1800,1064614,1064614,3810889,426375699,462,2297,0,1831,930,-1620875301,164883,900,0.0,166717
Chuffed BBval,jobshop,jobshop/jobshop.mzn,jobshop/dzn/ta64_5a_alloc1.dzn:jobshop/generated_bounds/MinDis/ta64_5a_alloc1_MinDis.dzn,SATISFIED,1201.0683327075094,36,4039,MinDis,0.184,1199.006,minimize,0.992862,10691524,1118.823,36,22377,9111,22377,0.0,0.94,1050,3050,4000,548463,548463,11277082,940423046,1016,5046,0,4038,2050,876664629,349465,2000,0.0,353506
Chuffed BB,jobshop,jobshop/jobshop.mzn,jobshop/dzn/ta65_3a_alloc1.dzn:jobshop/generated_bounds/MinDis/ta65_3a_alloc1_MinDis.dzn,SATISFIED,1200.717664565891,2,4045,MinDis,0.187,1198.932,minimize,1.06795,1772517,6.831,2,494776,9117,494776,0.0,1.41,1050,3050,4000,825256,825256,2600635,316285640,1014,5058,0,4044,2050,-1512297921,284246,2000,0.0,288293
Chuffed BB,jobshop,jobshop/jobshop.mzn,jobshop/dzn/ta75_9a_alloc1.dzn:jobshop/generated_bounds/MinDis/ta75_9a_alloc1_MinDis.dzn,SATISFIED,1201.299002705142,75,8087,MinDis,0.381,1197.961,minimize,2.05554,1929665,1193.352,75,593994,18209,593994,0.0,2.11,2100,6100,8000,88263,88263,2170574,565995306,2019,10092,0,8086,4100,1951398207,1246745,4000,0.0,1254834
Chuffed BBval,jobshop,jobshop/jobshop.mzn,jobshop/dzn/ta40_2a_alloc1.dzn:jobshop/generated_bounds/MinDis/ta40_2a_alloc1_MinDis.dzn,UNKNOWN,1200.5134727004915,0,1828,MinDis,0.081,1199.502,minimize,0.49529,2330606,0.0,0,-1,4125,,0.0,0.63,480,1380,1800,1021220,1021220,3352130,439689343,454,2289,0,1827,930,-490741414,183838,900,0.0,185668
Chuffed BB,jobshop,jobshop/jobshop.mzn,jobshop/dzn/ta74_10a_alloc1.dzn:jobshop/generated_bounds/MinDis/ta74_10a_alloc1_MinDis.dzn,SATISFIED,1201.1706576254219,31,8089,MinDis,0.396,1198.159,minimize,1.84123,2400188,1130.713,31,218072,18211,218072,0.0,2.11,2100,6100,8000,107986,107986,2571989,653429648,2020,10096,0,8088,4100,-1671374829,1027712,4000,0.0,1035803
Chuffed BB,jobshop,jobshop/jobshop.mzn,jobshop/dzn/ta77_9a_alloc1.dzn:jobshop/generated_bounds/MinDis/ta77_9a_alloc1_MinDis.dzn,SATISFIED,1201.204669462517,57,8097,MinDis,0.376,1198.123,minimize,1.88177,2610605,846.338,57,132588,18219,132588,0.0,2.11,2100,6100,8000,121245,121245,2848104,487397097,2020,10112,0,8096,4100,-992115898,1075551,4000,0.0,1083650
Chuffed BBval,jobshop,jobshop/jobshop.mzn,jobshop/dzn/ta60_4a_alloc1.dzn:jobshop/generated_bounds/MinDis/ta60_4a_alloc1_MinDis.dzn,SATISFIED,1200.563730692491,57,3052,MinDis,0.137,1199.239,minimize,0.75931,5520608,736.733,57,3334,6869,3334,0.0,0.94,800,2300,3000,530907,530907,6095354,556928558,765,3817,0,3051,1550,1855995741,315204,1500,0.0,318258
Chuffed BBval,jobshop,jobshop/jobshop.mzn,jobshop/dzn/ta56_5a_alloc1.dzn:jobshop/generated_bounds/MinDis/ta56_5a_alloc1_MinDis.dzn,SATISFIED,1200.6089002359658,21,3048,MinDis,0.141,1199.242,minimize,0.75745,4387089,20.929,21,1511,6865,1511,0.0,0.94,800,2300,3000,1612259,1612259,6016031,287279476,764,3809,0,3047,1550,-584123548,255274,1500,0.0,258324
Chuffed BBval,jobshop,jobshop/jobshop.mzn,jobshop/dzn/ta74_6a_alloc1.dzn:jobshop/generated_bounds/MinDis/ta74_6a_alloc1_MinDis.dzn,SATISFIED,1201.1527331285179,43,8085,MinDis,0.392,1198.087,minimize,1.91481,2797936,1038.228,43,816228,18207,816228,0.0,2.11,2100,6100,8000,122945,122945,3008933,765425913,2019,10088,0,8084,4100,-1753036951,1038969,4000,0.0,1047056
Chuffed BBval,jobshop,jobshop/jobshop.mzn,jobshop/dzn/ta80_7a_alloc1.dzn:jobshop/generated_bounds/MinDis/ta80_7a_alloc1_MinDis.dzn,SATISFIED,1201.1633663065732,22,8090,MinDis,0.374,1198.14,minimize,1.85789,3407351,925.538,22,1081235,18212,1081235,0.0,2.11,2100,6100,8000,160051,160051,3613035,903000095,2016,10098,0,8089,4100,1473497756,763287,4000,0.0,771379
Chuffed BBval,jobshop,jobshop/jobshop.mzn,jobshop/dzn/ta79_9a_alloc1.dzn:jobshop/generated_bounds/MinDis/ta79_9a_alloc1_MinDis.dzn,SATISFIED,1201.1320732831955,32,8089,MinDis,0.393,1198.085,minimize,1.91564,3369266,1151.242,32,344935,18211,344935,0.0,2.11,2100,6100,8000,150814,150814,3585957,829457287,2019,10096,0,8088,4100,2098193427,900014,4000,0.0,908105
Chuffed Prop,jobshop,jobshop/jobshop.mzn,jobshop/dzn/ta72_7a_alloc1.dzn:jobshop/generated_bounds/MinDis/ta72_7a_alloc1_MinDis.dzn,SATISFIED,1200.6720301769674,,,MinDis,,,minimize,1.87821,,,322,,18210,249,,,2100,6100,8000,,,,,,,0,8087,4100,,,4000,,
Chuffed Prop,jobshop,jobshop/jobshop.mzn,jobshop/dzn/ta60_5a_alloc1.dzn:jobshop/generated_bounds/MinDis/ta60_5a_alloc1_MinDis.dzn,SATISFIED,1200.3999480362982,,,MinDis,,,minimize,0.730351,,,26,,6870,415374,,,800,2300,3000,,,,,,,0,3052,1550,,,1500,,
Chuffed BB,jobshop,jobshop/jobshop.mzn,jobshop/dzn/ta38_2a_alloc1.dzn:jobshop/generated_bounds/MinDis/ta38_2a_alloc1_MinDis.dzn,OPTIMAL_SOLUTION,527.5117073934525,2,1831,MinDis,0.083,526.441,minimize,0.489484,1036619,526.325,2,0,4128,0,0.0,0.63,480,1380,1800,446633,446633,1484141,228126698,454,2295,0,1830,930,570691123,177557,900,0.0,179390
Chuffed BB,jobshop,jobshop/jobshop.mzn,jobshop/dzn/ta49_2a_alloc1.dzn:jobshop/generated_bounds/MinDis/ta49_2a_alloc1_MinDis.dzn,OPTIMAL_SOLUTION,247.83538936078548,6,2429,MinDis,0.115,246.671,minimize,0.623199,605013,246.593,6,0,5481,0,0.0,0.94,630,1830,2400,154994,154994,763537,113165652,611,3046,0,2428,1230,-841976394,242644,1200,0.0,245075
Chuffed Prop,jobshop,jobshop/jobshop.mzn,jobshop/dzn/ta80_5a_alloc1.dzn:jobshop/generated_bounds/MinDis/ta80_5a_alloc1_MinDis.dzn,OPTIMAL_SOLUTION,896.9679029881954,138,8088,MinDis,0.376,893.376,minimize,1.84172,2265825,893.267,138,0,18210,0,0.0,3.16,2100,6100,8000,87237,87237,2627647,411064708,2017,10094,0,8087,4100,1771999366,1672904,4000,0.0,1680994
Chuffed BBval,jobshop,jobshop/jobshop.mzn,jobshop/dzn/ta74_9a_alloc1.dzn:jobshop/generated_bounds/MinDis/ta74_9a_alloc1_MinDis.dzn,SATISFIED,1201.5456394143403,22,8088,MinDis,0.407,1198.147,minimize,1.85204,3708399,913.905,22,374934,18210,374934,0.0,2.11,2100,6100,8000,167049,167049,3921102,986467440,2019,10094,0,8087,4100,-492295774,839923,4000,0.0,848013
Chuffed BB,jobshop,jobshop/jobshop.mzn,jobshop/dzn/ta66_5a_alloc1.dzn:jobshop/generated_bounds/MinDis/ta66_5a_alloc1_MinDis.dzn,SATISFIED,1200.8566038589925,35,4047,MinDis,0.189,1198.983,minimize,1.0155,2748547,172.752,35,77512,9119,77512,0.0,1.41,1050,3050,4000,693143,693143,3477919,262650589,1014,5062,0,4046,2050,-418794139,392179,2000,0.0,396228
Chuffed BB,jobshop,jobshop/jobshop.mzn,jobshop/dzn/ta71_7a_alloc1.dzn:jobshop/generated_bounds/MinDis/ta71_7a_alloc1_MinDis.dzn,SATISFIED,1201.2036892008036,14,8091,MinDis,0.397,1198.179,minimize,1.81946,2848604,889.026,14,1514729,18213,1514729,0.0,2.11,2100,6100,8000,133740,133740,3011917,920272477,2018,10100,0,8090,4100,283557534,630054,4000,0.0,638147
Chuffed BB,jobshop,jobshop/jobshop.mzn,jobshop/dzn/ta31_2a_alloc1.dzn:jobshop/generated_bounds/MinDis/ta31_2a_alloc1_MinDis.dzn,SATISFIED,1200.496617494151,1,1828,MinDis,0.083,1199.496,minimize,0.501911,2197352,161.18,1,414736,4125,414736,0.0,0.63,480,1380,1800,950652,950652,3148762,452686543,454,2289,0,1827,930,-1963366450,187147,900,0.0,188977
Chuffed BB,jobshop,jobshop/jobshop.mzn,jobshop/dzn/ta45_3a_alloc1.dzn:jobshop/generated_bounds/MinDis/ta45_3a_alloc1_MinDis.dzn,SATISFIED,1200.619018882513,8,2428,MinDis,0.115,1199.386,minimize,0.613752,19679220,1092.07,8,48074,5480,48074,0.0,4.75,630,1830,2400,515767,515767,20275167,584181331,604,3044,0,2427,1230,331080639,348908,1200,0.0,351338
Chuffed Prop,jobshop,jobshop/jobshop.mzn,jobshop/dzn/ta44_3a_alloc1.dzn:jobshop/generated_bounds/MinDis/ta44_3a_alloc1_MinDis.dzn,SATISFIED,1200.5120326895267,,,MinDis,,,minimize,0.653307,,,1,,5483,178396,,,630,1830,2400,,,,,,,0,2430,1230,,,1200,,
Chuffed Prop,jobshop,jobshop/jobshop.mzn,jobshop/dzn/ta51_5a_alloc1.dzn:jobshop/generated_bounds/MinDis/ta51_5a_alloc1_MinDis.dzn,SATISFIED,1200.4540592562407,,,MinDis,,,minimize,0.771913,,,42,,6869,5,,,800,2300,3000,,,,,,,0,3051,1550,,,1500,,
Chuffed BBval,jobshop,jobshop/jobshop.mzn,jobshop/dzn/ta71_5a_alloc1.dzn:jobshop/generated_bounds/MinDis/ta71_5a_alloc1_MinDis.dzn,SATISFIED,1201.1509625744075,16,8089,MinDis,0.382,1198.108,minimize,1.89655,3940998,206.237,16,1605752,18211,1605752,0.0,2.11,2100,6100,8000,184604,184604,4159203,975728663,2017,10096,0,8088,4100,-1705177858,629985,4000,0.0,638076
Chuffed BB,jobshop,jobshop/jobshop.mzn,jobshop/dzn/ta75_8a_alloc1.dzn:jobshop/generated_bounds/MinDis/ta75_8a_alloc1_MinDis.dzn,SATISFIED,1201.3474055994302,80,8086,MinDis,0.375,1198.099,minimize,1.90846,2044126,829.886,80,1098199,18208,1098199,0.0,2.11,2100,6100,8000,95097,95097,2301874,436770396,2019,10090,0,8085,4100,454075886,1305901,4000,0.0,1313989
Chuffed Prop,jobshop,jobshop/jobshop.mzn,jobshop/dzn/ta53_3a_alloc1.dzn:jobshop/generated_bounds/MinDis/ta53_3a_alloc1_MinDis.dzn,OPTIMAL_SOLUTION,5.202483205124736,12,3048,MinDis,0.141,3.865,minimize,0.771754,123693,3.858,12,0,6865,0,0.0,0.63,800,2300,3000,1114,1114,133888,4017898,764,3809,0,3047,1550,1771998536,170393,1500,0.0,173443
Chuffed Prop,jobshop,jobshop/jobshop.mzn,jobshop/dzn/ta72_10a_alloc1.dzn:jobshop/generated_bounds/MinDis/ta72_10a_alloc1_MinDis.dzn,SATISFIED,1200.6306355092674,,,MinDis,,,minimize,1.90805,,,32,,18213,1273085,,,2100,6100,8000,,,,,,,0,8090,4100,,,4000,,
Chuffed BBval,jobshop,jobshop/jobshop.mzn,jobshop/dzn/ta68_3a_alloc1.dzn:jobshop/generated_bounds/MinDis/ta68_3a_alloc1_MinDis.dzn,SATISFIED,1200.7353618424386,20,4044,MinDis,0.185,1198.95,minimize,1.04914,1988461,50.819,20,34022,9116,34022,0.0,1.41,1050,3050,4000,608069,608069,2617530,320064008,1013,5056,0,4043,2050,1344529771,355054,2000,0.0,359100
Chuffed BBval,jobshop,jobshop/jobshop.mzn,jobshop/dzn/ta74_7a_alloc1.dzn:jobshop/generated_bounds/MinDis/ta74_7a_alloc1_MinDis.dzn,SATISFIED,1201.1854775678366,31,8086,MinDis,0.387,1198.064,minimize,1.93899,2902171,1014.749,31,752096,18208,752096,0.0,2.11,2100,6100,8000,128432,128432,3094384,793747850,2019,10090,0,8085,4100,-423389249,931852,4000,0.0,939940
Chuffed BB,jobshop,jobshop/jobshop.mzn,jobshop/dzn/ta45_2a_alloc1.dzn:jobshop/generated_bounds/MinDis/ta45_2a_alloc1_MinDis.dzn,OPTIMAL_SOLUTION,69.13206011429429,10,2427,MinDis,0.118,68.014,minimize,0.610437,252403,67.951,10,0,5479,0,0.0,0.63,630,1830,2400,45808,45808,303972,35285044,612,3042,0,2426,1230,-1923361697,245689,1200,0.0,248118
Chuffed BBval,jobshop,jobshop/jobshop.mzn,jobshop/dzn/ta80_10a_alloc1.dzn:jobshop/generated_bounds/MinDis/ta80_10a_alloc1_MinDis.dzn,SATISFIED,1201.1406671386212,19,8093,MinDis,0.387,1198.103,minimize,1.89507,3571924,859.189,19,254748,18215,254748,0.0,2.11,2100,6100,8000,166721,166721,3778235,944994194,2016,10104,0,8092,4100,-510209101,737394,4000,0.0,745489
Chuffed Prop,jobshop,jobshop/jobshop.mzn,jobshop/dzn/ta52_4a_alloc1.dzn:jobshop/generated_bounds/MinDis/ta52_4a_alloc1_MinDis.dzn,UNKNOWN,1200.4432952906936,,,MinDis,,,minimize,0.771419,,,0,,6865,,,,800,2300,3000,,,,,,,0,3047,1550,,,1500,,
Chuffed BBval,jobshop,jobshop/jobshop.mzn,jobshop/dzn/ta62_5a_alloc1.dzn:jobshop/generated_bounds/MinDis/ta62_5a_alloc1_MinDis.dzn,SATISFIED,1200.7713970430195,3,4050,MinDis,0.187,1198.953,minimize,1.04616,1758730,15.893,3,5209937,9122,5209937,0.0,1.41,1050,3050,4000,636031,636031,2398599,343623231,1012,5068,0,4049,2050,543842320,369213,2000,0.0,373265
Chuffed BB,jobshop,jobshop/jobshop.mzn,jobshop/dzn/ta48_2a_alloc1.dzn:jobshop/generated_bounds/MinDis/ta48_2a_alloc1_MinDis.dzn,OPTIMAL_SOLUTION,26.22808270342648,5,2430,MinDis,0.116,25.194,minimize,0.597654,119883,25.177,5,0,5482,0,0.0,0.63,630,1830,2400,13672,13672,136296,16120061,604,3048,0,2429,1230,-607907510,218565,1200,0.0,220997
Chuffed BB,jobshop,jobshop/jobshop.mzn,jobshop/dzn/ta71_5a_alloc1.dzn:jobshop/generated_bounds/MinDis/ta71_5a_alloc1_MinDis.dzn,SATISFIED,1201.3570476789027,92,8089,MinDis,0.388,1198.126,minimize,1.88246,2879720,1138.924,92,248696,18211,248696,0.0,2.11,2100,6100,8000,138685,138685,3205291,463025970,2019,10096,0,8088,4100,-1010620289,1225981,4000,0.0,1234072
Chuffed BBval,jobshop,jobshop/jobshop.mzn,jobshop/dzn/ta56_4a_alloc1.dzn:jobshop/generated_bounds/MinDis/ta56_4a_alloc1_MinDis.dzn,SATISFIED,1200.552123490721,49,3047,MinDis,0.137,1199.266,minimize,0.733439,7887615,1175.274,49,911955,6864,911955,0.0,0.63,800,2300,3000,498572,498572,8423940,697074613,764,3807,0,3046,1550,84148255,316664,1500,0.0,319713
Chuffed BBval,jobshop,jobshop/jobshop.mzn,jobshop/dzn/ta38_2a_alloc1.dzn:jobshop/generated_bounds/MinDis/ta38_2a_alloc1_MinDis.dzn,SATISFIED,1200.4425684269518,1,1831,MinDis,0.08,1199.546,minimize,0.456662,1686177,456.79,1,144,4128,144,0.0,0.94,480,1380,1800,937119,937119,2624058,473544013,454,2295,0,1830,930,-1852481211,169710,900,0.0,171543
Chuffed BB,jobshop,jobshop/jobshop.mzn,jobshop/dzn/ta51_5a_alloc1.dzn:jobshop/generated_bounds/MinDis/ta51_5a_alloc1_MinDis.dzn,SATISFIED,1200.6296477038413,42,3052,MinDis,0.142,1199.23,minimize,0.768492,5729356,61.493,42,5,6869,5,0.0,0.63,800,2300,3000,1425359,1425359,7187104,234166880,765,3817,0,3051,1550,261612187,267782,1500,0.0,270836
Chuffed Prop,jobshop,jobshop/jobshop.mzn,jobshop/dzn/ta74_8a_alloc1.dzn:jobshop/generated_bounds/MinDis/ta74_8a_alloc1_MinDis.dzn,SATISFIED,1200.770654702559,,,MinDis,,,minimize,1.84639,,,21,,18209,863450,,,2100,6100,8000,,,,,,,0,8086,4100,,,4000,,
Chuffed BBval,jobshop,jobshop/jobshop.mzn,jobshop/dzn/ta54_3a_alloc1.dzn:jobshop/generated_bounds/MinDis/ta54_3a_alloc1_MinDis.dzn,SATISFIED,1200.79777065292,24,3050,MinDis,0.144,1199.248,minimize,0.751355,7103963,1131.111,24,6,6867,6,0.0,0.63,800,2300,3000,478671,478671,7601302,797777598,763,3813,0,3049,1550,-297412571,306168,1500,0.0,309220
Chuffed BBval,jobshop,jobshop/jobshop.mzn,jobshop/dzn/ta48_3a_alloc1.dzn:jobshop/generated_bounds/MinDis/ta48_3a_alloc1_MinDis.dzn,SATISFIED,1200.5214718282223,11,2431,MinDis,0.108,1199.361,minimize,0.638875,4458270,674.244,11,405,5483,405,0.0,0.63,630,1830,2400,292635,292635,4757268,589021087,604,3050,0,2430,1230,949554253,278200,1200,0.0,280633
Chuffed BBval,jobshop,jobshop/jobshop.mzn,jobshop/dzn/ta36_3a_alloc1.dzn:jobshop/generated_bounds/MinDis/ta36_3a_alloc1_MinDis.dzn,UNKNOWN,1200.5052389726043,0,1833,MinDis,0.082,1199.513,minimize,0.484625,1874419,0.0,0,-1,4130,,0.0,0.63,480,1380,1800,896295,896295,2771037,413671793,454,2299,0,1832,930,829760971,192508,900,0.0,194343
Chuffed BBval,jobshop,jobshop/jobshop.mzn,jobshop/dzn/ta37_3a_alloc1.dzn:jobshop/generated_bounds/MinDis/ta37_3a_alloc1_MinDis.dzn,SATISFIED,1200.717153251171,4,1833,MinDis,0.088,1199.511,minimize,0.485114,2418387,222.247,4,53734,4130,53734,0.0,0.63,480,1380,1800,980703,980703,3401241,405622967,461,2299,0,1832,930,-941183909,163661,900,0.0,165496
Chuffed BBval,jobshop,jobshop/jobshop.mzn,jobshop/dzn/ta71_6a_alloc1.dzn:jobshop/generated_bounds/MinDis/ta71_6a_alloc1_MinDis.dzn,SATISFIED,1201.1904897484928,26,8090,MinDis,0.39,1198.054,minimize,1.94824,3650991,901.335,26,2472700,18212,2472700,0.0,2.11,2100,6100,8000,170492,170492,3875250,907540463,2017,10098,0,8089,4100,1213408549,756803,4000,0.0,764895
Chuffed Prop,jobshop,jobshop/jobshop.mzn,jobshop/dzn/ta37_3a_alloc1.dzn:jobshop/generated_bounds/MinDis/ta37_3a_alloc1_MinDis.dzn,SATISFIED,1200.4781495872885,,,MinDis,,,minimize,0.489029,,,4,,4130,53734,,,480,1380,1800,,,,,,,0,1832,930,,,900,,
Chuffed BBval,jobshop,jobshop/jobshop.mzn,jobshop/dzn/ta35_3a_alloc1.dzn:jobshop/generated_bounds/MinDis/ta35_3a_alloc1_MinDis.dzn,UNKNOWN,1200.504326844588,0,1830,MinDis,0.081,1199.511,minimize,0.488505,2054301,0.0,0,-1,4127,,0.0,0.94,480,1380,1800,903254,903254,2957869,396892799,454,2293,0,1829,930,-760028745,204165,900,0.0,205997
Chuffed Prop,jobshop,jobshop/jobshop.mzn,jobshop/dzn/ta77_9a_alloc1.dzn:jobshop/generated_bounds/MinDis/ta77_9a_alloc1_MinDis.dzn,SATISFIED,1200.6521778870374,,,MinDis,,,minimize,1.91488,,,147,,18219,74959,,,2100,6100,8000,,,,,,,0,8096,4100,,,4000,,
Chuffed BB,jobshop,jobshop/jobshop.mzn,jobshop/dzn/ta79_6a_alloc1.dzn:jobshop/generated_bounds/MinDis/ta79_6a_alloc1_MinDis.dzn,SATISFIED,1201.3226261213422,139,8086,MinDis,0.397,1198.173,minimize,1.84442,2036746,967.497,139,92054,18208,92054,0.0,2.11,2100,6100,8000,95794,95794,2414660,384211208,2022,10090,0,8085,4100,-1681859259,1523014,4000,0.0,1531102
Chuffed BBval,jobshop,jobshop/jobshop.mzn,jobshop/dzn/ta57_4a_alloc1.dzn:jobshop/generated_bounds/MinDis/ta57_4a_alloc1_MinDis.dzn,SATISFIED,1200.5634730365127,5,3049,MinDis,0.141,1199.231,minimize,0.768807,9352934,0.806,5,1310504,6866,1310504,0.0,0.94,800,2300,3000,1629861,1629861,10987300,261857933,765,3811,0,3048,1550,629414451,180057,1500,0.0,183108
Chuffed Prop,jobshop,jobshop/jobshop.mzn,jobshop/dzn/ta48_3a_alloc1.dzn:jobshop/generated_bounds/MinDis/ta48_3a_alloc1_MinDis.dzn,SATISFIED,1200.3831027112901,,,MinDis,,,minimize,0.665967,,,12,,5483,214,,,630,1830,2400,,,,,,,0,2430,1230,,,1200,,
Chuffed BB,jobshop,jobshop/jobshop.mzn,jobshop/dzn/ta39_3a_alloc1.dzn:jobshop/generated_bounds/MinDis/ta39_3a_alloc1_MinDis.dzn,SATISFIED,1200.5379448849708,2,1829,MinDis,0.082,1199.515,minimize,0.495646,10740354,128.872999,2,81238,4126,81238,0.0,3.16,480,1380,1800,235211,235211,11034258,178742525,454,2291,0,1828,930,235531917,230634,900,0.0,232465
Chuffed BB,jobshop,jobshop/jobshop.mzn,jobshop/dzn/ta61_3a_alloc1.dzn:jobshop/generated_bounds/MinDis/ta61_3a_alloc1_MinDis.dzn,SATISFIED,1200.791587524116,30,4044,MinDis,0.189,1198.982,minimize,1.01844,1956358,105.069,30,21532,9116,21532,0.0,1.41,1050,3050,4000,539175,539175,2526685,339543895,1015,5056,0,4043,2050,1391663509,404418,2000,0.0,408464
Chuffed BBval,jobshop,jobshop/jobshop.mzn,jobshop/dzn/ta59_4a_alloc1.dzn:jobshop/generated_bounds/MinDis/ta59_4a_alloc1_MinDis.dzn,SATISFIED,1200.5076786149293,15,3049,MinDis,0.135,1199.228,minimize,0.774334,10831740,729.782,15,606903,6866,606903,0.0,0.63,800,2300,3000,729488,729488,11573105,1020008499,763,3811,0,3048,1550,2068948758,204938,1500,0.0,207989
Chuffed BBval,jobshop,jobshop/jobshop.mzn,jobshop/dzn/ta69_4a_alloc1.dzn:jobshop/generated_bounds/MinDis/ta69_4a_alloc1_MinDis.dzn,SATISFIED,1200.7307667601854,34,4049,MinDis,0.19,1198.977,minimize,1.024189,7329140,561.213,34,16131,9121,16131,0.0,0.94,1050,3050,4000,408367,408367,7772508,820545749,1015,5066,0,4048,2050,-1355772156,383346,2000,0.0,387397
Chuffed BBval,jobshop,jobshop/jobshop.mzn,jobshop/dzn/ta73_8a_alloc1.dzn:jobshop/generated_bounds/MinDis/ta73_8a_alloc1_MinDis.dzn,SATISFIED,1201.0974404402077,36,8092,MinDis,0.386,1198.101,minimize,1.89955,3062203,655.632,36,1815879,18214,1815879,0.0,2.11,2100,6100,8000,132484,132484,3268670,780137415,2019,10102,0,8091,4100,-1691372285,829898,4000,0.0,837992
Chuffed BB,jobshop,jobshop/jobshop.mzn,jobshop/dzn/ta76_9a_alloc1.dzn:jobshop/generated_bounds/MinDis/ta76_9a_alloc1_MinDis.dzn,SATISFIED,1201.181816380471,51,8088,MinDis,0.382,1198.117,minimize,1.88231,2350195,1042.479,51,1186334,18210,1186334,0.0,2.11,2100,6100,8000,105539,105539,2560105,613495787,2021,10094,0,8087,4100,-1542340441,1015113,4000,0.0,1023203
Chuffed BB,jobshop,jobshop/jobshop.mzn,jobshop/dzn/ta66_3a_alloc1.dzn:jobshop/generated_bounds/MinDis/ta66_3a_alloc1_MinDis.dzn,OPTIMAL_SOLUTION,1106.253814008087,24,4045,MinDis,0.189,1104.485,minimize,1.01545,1817659,1104.371,24,0,9117,0,0.0,0.94,1050,3050,4000,714015,714015,2555920,278019047,1015,5058,0,4044,2050,1618770922,355156,2000,0.0,359203
Chuffed BBval,jobshop,jobshop/jobshop.mzn,jobshop/dzn/ta76_9a_alloc1.dzn:jobshop/generated_bounds/MinDis/ta76_9a_alloc1_MinDis.dzn,SATISFIED,1201.1513865385205,25,8088,MinDis,0.384,1198.122,minimize,1.88697,3568386,122.865,25,1476222,18210,1476222,0.0,2.11,2100,6100,8000,159045,159045,3779262,855329966,2020,10094,0,8087,4100,-905651358,733314,4000,0.0,741404
Chuffed BBval,jobshop,jobshop/jobshop.mzn,jobshop/dzn/ta79_6a_alloc1.dzn:jobshop/generated_bounds/MinDis/ta79_6a_alloc1_MinDis.dzn,SATISFIED,1201.3602093309164,51,8086,MinDis,0.409,1198.146,minimize,1.86542,2691588,903.201,51,1036269,18208,1036269,0.0,2.11,2100,6100,8000,117916,117916,2913780,673039080,2020,10090,0,8085,4100,875409831,1063882,4000,0.0,1071970
Chuffed BBval,jobshop,jobshop/jobshop.mzn,jobshop/dzn/ta48_2a_alloc1.dzn:jobshop/generated_bounds/MinDis/ta48_2a_alloc1_MinDis.dzn,OPTIMAL_SOLUTION,70.3689747247845,5,2430,MinDis,0.109,69.334,minimize,0.585798,396290,69.304,5,0,5482,0,0.0,0.63,630,1830,2400,22937,22937,421963,47734976,604,3048,0,2429,1230,-1571171339,228129,1200,0.0,230561
Chuffed Prop,jobshop,jobshop/jobshop.mzn,jobshop/dzn/ta78_8a_alloc1.dzn:jobshop/generated_bounds/MinDis/ta78_8a_alloc1_MinDis.dzn,SATISFIED,1200.633425815031,,,MinDis,,,minimize,1.83398,,,56,,18211,1591890,,,2100,6100,8000,,,,,,,0,8088,4100,,,4000,,
Chuffed BBval,jobshop,jobshop/jobshop.mzn,jobshop/dzn/ta67_4a_alloc1.dzn:jobshop/generated_bounds/MinDis/ta67_4a_alloc1_MinDis.dzn,SATISFIED,1200.6459697522223,17,4047,MinDis,0.182,1198.981,minimize,1.01732,12132837,936.875,17,2240,9119,2240,0.0,0.94,1050,3050,4000,611500,611500,12762162,1167225442,1011,5062,0,4046,2050,-590927104,235810,2000,0.0,239859
Chuffed BBval,jobshop,jobshop/jobshop.mzn,jobshop/dzn/ta75_9a_alloc1.dzn:jobshop/generated_bounds/MinDis/ta75_9a_alloc1_MinDis.dzn,SATISFIED,1201.1426245458424,36,8087,MinDis,0.378,1198.145,minimize,1.86052,3439451,1131.705,36,1073098,18209,1073098,0.0,2.11,2100,6100,8000,158770,158770,3672127,815125882,2018,10092,0,8086,4100,-1903739215,890235,4000,0.0,898324
Chuffed Prop,jobshop,jobshop/jobshop.mzn,jobshop/dzn/ta55_5a_alloc1.dzn:jobshop/generated_bounds/MinDis/ta55_5a_alloc1_MinDis.dzn,SATISFIED,1200.4568974152207,,,MinDis,,,minimize,0.786475,,,1,,6866,578022,,,800,2300,3000,,,,,,,0,3048,1550,,,1500,,
Chuffed BB,jobshop,jobshop/jobshop.mzn,jobshop/dzn/ta80_9a_alloc1.dzn:jobshop/generated_bounds/MinDis/ta80_9a_alloc1_MinDis.dzn,SATISFIED,1201.2548447605222,97,8092,MinDis,0.387,1198.164,minimize,1.84159,1974625,954.009,97,361129,18214,361129,0.0,2.11,2100,6100,8000,93001,93001,2264425,455279444,2017,10102,0,8091,4100,900891276,1351829,4000,0.0,1359923
Chuffed BBval,jobshop,jobshop/jobshop.mzn,jobshop/dzn/ta68_4a_alloc1.dzn:jobshop/generated_bounds/MinDis/ta68_4a_alloc1_MinDis.dzn,SATISFIED,1200.9959486778826,24,4045,MinDis,0.188,1199.002,minimize,0.994029,3039026,706.316,24,794485,9117,794485,0.0,0.94,1050,3050,4000,459526,459526,3523521,478551148,1013,5058,0,4044,2050,1900995505,430945,2000,0.0,434992
Chuffed BB,jobshop,jobshop/jobshop.mzn,jobshop/dzn/ta74_8a_alloc1.dzn:jobshop/generated_bounds/MinDis/ta74_8a_alloc1_MinDis.dzn,SATISFIED,1201.2505976893008,21,8087,MinDis,0.384,1198.126,minimize,1.87468,2666393,672.588,21,863450,18209,863450,0.0,2.11,2100,6100,8000,121843,121843,2831907,652229918,2020,10092,0,8086,4100,-1605297891,859734,4000,0.0,867823
Chuffed BB,jobshop,jobshop/jobshop.mzn,jobshop/dzn/ta52_3a_alloc1.dzn:jobshop/generated_bounds/MinDis/ta52_3a_alloc1_MinDis.dzn,UNKNOWN,1200.6027686446905,0,3047,MinDis,0.14,1199.234,minimize,0.768887,4722510,0.0,0,-1,6864,,0.0,0.94,800,2300,3000,990747,990747,5713913,230339805,754,3807,0,3046,1550,-1374234852,180243,1500,0.0,183292
Chuffed Prop,jobshop,jobshop/jobshop.mzn,jobshop/dzn/ta71_6a_alloc1.dzn:jobshop/generated_bounds/MinDis/ta71_6a_alloc1_MinDis.dzn,SATISFIED,1200.6407095436007,,,MinDis,,,minimize,1.89502,,,37,,18212,2438215,,,2100,6100,8000,,,,,,,0,8089,4100,,,4000,,
Chuffed BBval,jobshop,jobshop/jobshop.mzn,jobshop/dzn/ta57_5a_alloc1.dzn:jobshop/generated_bounds/MinDis/ta57_5a_alloc1_MinDis.dzn,UNKNOWN,1200.5626337695867,0,3050,MinDis,0.142,1199.252,minimize,0.746534,4626675,0.0,0,-1,6867,,0.0,0.94,800,2300,3000,1532709,1532709,6160086,245901566,754,3813,0,3049,1550,-69839206,159974,1500,0.0,163026
Chuffed BB,jobshop,jobshop/jobshop.mzn,jobshop/dzn/ta53_3a_alloc1.dzn:jobshop/generated_bounds/MinDis/ta53_3a_alloc1_MinDis.dzn,OPTIMAL_SOLUTION,5.544716563075781,12,3048,MinDis,0.142,4.204,minimize,0.775909,51209,4.197,12,0,6865,0,0.0,0.63,800,2300,3000,2170,2170,62546,3807119,765,3809,0,3047,1550,-1067065185,163646,1500,0.0,166696
Chuffed BBval,jobshop,jobshop/jobshop.mzn,jobshop/dzn/ta46_3a_alloc1.dzn:jobshop/generated_bounds/MinDis/ta46_3a_alloc1_MinDis.dzn,SATISFIED,1200.5701598282903,6,2432,MinDis,0.11,1199.33,minimize,0.671437,2206586,171.366,6,58372,5484,58372,0.0,0.94,630,1830,2400,638507,638507,2848728,479631489,604,3052,0,2431,1230,1260048980,269504,1200,0.0,271938
Chuffed BB,jobshop,jobshop/jobshop.mzn,jobshop/dzn/ta61_4a_alloc1.dzn:jobshop/generated_bounds/MinDis/ta61_4a_alloc1_MinDis.dzn,SATISFIED,1200.8266448955983,93,4045,MinDis,0.187,1198.974,minimize,1.02647,5237814,1117.19,93,92,9117,92,0.0,0.94,1050,3050,4000,283800,283800,5616284,431206764,1015,5058,0,4044,2050,238151229,565073,2000,0.0,569120
Chuffed BBval,jobshop,jobshop/jobshop.mzn,jobshop/dzn/ta79_7a_alloc1.dzn:jobshop/generated_bounds/MinDis/ta79_7a_alloc1_MinDis.dzn,SATISFIED,1201.2076442725956,16,8087,MinDis,0.387,1198.1,minimize,1.91249,3685977,499.951,16,227726,18209,227726,0.0,2.11,2100,6100,8000,165784,165784,3885361,899543486,2020,10092,0,8086,4100,-354859183,698327,4000,0.0,706416
Chuffed BBval,jobshop,jobshop/jobshop.mzn,jobshop/dzn/ta54_5a_alloc1.dzn:jobshop/generated_bounds/MinDis/ta54_5a_alloc1_MinDis.dzn,SATISFIED,1200.5562650766224,34,3052,MinDis,0.134,1199.282,minimize,0.718292,9614918,246.83,34,424674,6869,424674,0.0,0.63,800,2300,3000,641675,641675,10282897,900286057,761,3817,0,3051,1550,-1782259971,220402,1500,0.0,223456
Chuffed BBval,jobshop,jobshop/jobshop.mzn,jobshop/dzn/ta44_2a_alloc1.dzn:jobshop/generated_bounds/MinDis/ta44_2a_alloc1_MinDis.dzn,SATISFIED,1200.6688016057014,7,2430,MinDis,0.11,1199.348,minimize,0.653246,1991246,720.221,7,2304,5482,2304,0.0,0.94,630,1830,2400,623781,623781,2619651,447738522,611,3048,0,2429,1230,-981684437,271071,1200,0.0,273503
Chuffed BB,jobshop,jobshop/jobshop.mzn,jobshop/dzn/ta80_7a_alloc1.dzn:jobshop/generated_bounds/MinDis/ta80_7a_alloc1_MinDis.dzn,SATISFIED,1201.232172647491,66,8090,MinDis,0.373,1198.146,minimize,1.876,2187846,986.905,66,351230,18212,351230,0.0,2.11,2100,6100,8000,100423,100423,2422675,630925270,2018,10098,0,8089,4100,2128196118,1180890,4000,0.0,1188982
Chuffed Prop,jobshop,jobshop/jobshop.mzn,jobshop/dzn/ta62_3a_alloc1.dzn:jobshop/generated_bounds/MinDis/ta62_3a_alloc1_MinDis.dzn,OPTIMAL_SOLUTION,30.780401499941945,33,4048,MinDis,0.192,29.023,minimize,1.01305,245383,29.0,33,0,9120,0,0.0,0.94,1050,3050,4000,13576,13576,291594,23386528,1013,5064,0,4047,2050,1772003952,347424,2000,0.0,351474
Chuffed BBval,jobshop,jobshop/jobshop.mzn,jobshop/dzn/ta55_4a_alloc1.dzn:jobshop/generated_bounds/MinDis/ta55_4a_alloc1_MinDis.dzn,SATISFIED,1200.8873548489064,21,3048,MinDis,0.139,1199.233,minimize,0.761798,13295172,101.187,21,12864,6865,12864,0.0,0.42,800,2300,3000,880224,880224,14191890,942387587,762,3809,0,3047,1550,-799648187,169486,1500,0.0,172536
Chuffed BB,jobshop,jobshop/jobshop.mzn,jobshop/dzn/ta72_10a_alloc1.dzn:jobshop/generated_bounds/MinDis/ta72_10a_alloc1_MinDis.dzn,SATISFIED,1201.1527288593352,32,8091,MinDis,0.381,1198.09,minimize,1.90996,2041042,961.158,32,1273085,18213,1273085,0.0,2.11,2100,6100,8000,87451,87451,2194335,777203598,2019,10100,0,8090,4100,1525536536,968183,4000,0.0,976276
Chuffed BBval,jobshop,jobshop/jobshop.mzn,jobshop/dzn/ta58_4a_alloc1.dzn:jobshop/generated_bounds/MinDis/ta58_4a_alloc1_MinDis.dzn,SATISFIED,1200.5338946171105,27,3054,MinDis,0.144,1199.246,minimize,0.752181,11525146,346.024,27,104,6871,104,0.0,0.63,800,2300,3000,780308,780308,12326446,902380833,762,3821,0,3053,1550,522594078,216807,1500,0.0,219863
Chuffed Prop,jobshop,jobshop/jobshop.mzn,jobshop/dzn/ta47_2a_alloc1.dzn:jobshop/generated_bounds/MinDis/ta47_2a_alloc1_MinDis.dzn,OPTIMAL_SOLUTION,58.96594793908298,11,2430,MinDis,0.114,57.771,minimize,0.655756,315079,56.757,11,7310,5482,7310,0.0,0.63,630,1830,2400,28190,28190,347525,38303103,603,3048,0,2429,1230,1772006072,236771,1200,0.0,239203
Chuffed BBval,jobshop,jobshop/jobshop.mzn,jobshop/dzn/ta73_9a_alloc1.dzn:jobshop/generated_bounds/MinDis/ta73_9a_alloc1_MinDis.dzn,SATISFIED,1201.1851420272142,26,8093,MinDis,0.394,1198.1,minimize,1.90174,3398503,270.797,26,1786836,18215,1786836,0.0,2.11,2100,6100,8000,148585,148585,3600914,843286700,2019,10104,0,8092,4100,-593872621,733132,4000,0.0,741227
Chuffed Prop,jobshop,jobshop/jobshop.mzn,jobshop/dzn/ta73_9a_alloc1.dzn:jobshop/generated_bounds/MinDis/ta73_9a_alloc1_MinDis.dzn,SATISFIED,1200.634878527373,,,MinDis,,,minimize,1.88504,,,54,,18215,877528,,,2100,6100,8000,,,,,,,0,8092,4100,,,4000,,
Chuffed BBval,jobshop,jobshop/jobshop.mzn,jobshop/dzn/ta78_6a_alloc1.dzn:jobshop/generated_bounds/MinDis/ta78_6a_alloc1_MinDis.dzn,SATISFIED,1201.1894825603813,20,8087,MinDis,0.38,1198.102,minimize,1.90055,4168037,947.528,20,2120587,18209,2120587,0.0,2.11,2100,6100,8000,184674,184674,4394384,845953022,2020,10092,0,8086,4100,2080033346,744569,4000,0.0,752658
Chuffed BB,jobshop,jobshop/jobshop.mzn,jobshop/dzn/ta53_5a_alloc1.dzn:jobshop/generated_bounds/MinDis/ta53_5a_alloc1_MinDis.dzn,SATISFIED,1200.6158647574484,7,3050,MinDis,0.138,1199.224,minimize,0.772572,3786935,0.979,7,272137,6867,272137,0.0,0.63,800,2300,3000,1337838,1337838,5130792,270511343,766,3813,0,3049,1550,-2079114945,193779,1500,0.0,196831
Chuffed BB,jobshop,jobshop/jobshop.mzn,jobshop/dzn/ta77_6a_alloc1.dzn:jobshop/generated_bounds/MinDis/ta77_6a_alloc1_MinDis.dzn,SATISFIED,1201.3818493820727,192,8094,MinDis,0.386,1198.115,minimize,1.8857,2342149,1054.662,192,8350,18216,8350,0.0,2.11,2100,6100,8000,103965,103965,2834761,363723830,2020,10106,0,8093,4100,1476208519,1563037,4000,0.0,1571133
Chuffed Prop,jobshop,jobshop/jobshop.mzn,jobshop/dzn/ta64_5a_alloc1.dzn:jobshop/generated_bounds/MinDis/ta64_5a_alloc1_MinDis.dzn,SATISFIED,1200.3409062530845,,,MinDis,,,minimize,0.96796,,,4,,9111,1384293,,,1050,3050,4000,,,,,,,0,4038,2050,,,2000,,
Chuffed BB,jobshop,jobshop/jobshop.mzn,jobshop/dzn/ta42_3a_alloc1.dzn:jobshop/generated_bounds/MinDis/ta42_3a_alloc1_MinDis.dzn,SATISFIED,1200.5833230651915,8,2432,MinDis,0.111,1199.401,minimize,0.606957,2875033,1198.371,8,139786,5484,139786,0.0,0.94,630,1830,2400,442440,442440,3321925,534850762,604,3052,0,2431,1230,-1078962157,278120,1200,0.0,280554
Chuffed BB,jobshop,jobshop/jobshop.mzn,jobshop/dzn/ta69_3a_alloc1.dzn:jobshop/generated_bounds/MinDis/ta69_3a_alloc1_MinDis.dzn,OPTIMAL_SOLUTION,387.3655684944242,35,4048,MinDis,0.183,385.73,minimize,0.956673,1630502,385.656,35,0,9120,0,0.0,0.94,1050,3050,4000,116906,116906,1782732,181264281,1017,5064,0,4047,2050,-1409871159,404514,2000,0.0,408564
Chuffed Prop,jobshop,jobshop/jobshop.mzn,jobshop/dzn/ta69_4a_alloc1.dzn:jobshop/generated_bounds/MinDis/ta69_4a_alloc1_MinDis.dzn,SATISFIED,1200.5166213288903,,,MinDis,,,minimize,1.01169,,,74,,9121,1117,,,1050,3050,4000,,,,,,,0,4048,2050,,,2000,,
Chuffed BBval,jobshop,jobshop/jobshop.mzn,jobshop/dzn/ta42_2a_alloc1.dzn:jobshop/generated_bounds/MinDis/ta42_2a_alloc1_MinDis.dzn,SATISFIED,1200.5873204991221,11,2431,MinDis,0.111,1199.346,minimize,0.656554,3230322,930.325,11,12,5483,12,0.0,0.94,630,1830,2400,439008,439008,3676149,583573391,604,3050,0,2430,1230,1386452155,260971,1200,0.0,263404
Chuffed BB,jobshop,jobshop/jobshop.mzn,jobshop/dzn/ta56_3a_alloc1.dzn:jobshop/generated_bounds/MinDis/ta56_3a_alloc1_MinDis.dzn,OPTIMAL_SOLUTION,7.973888607695699,25,3046,MinDis,0.142,6.638,minimize,0.776148,52647,6.631,25,0,6863,0,0.0,0.63,800,2300,3000,2229,2229,73955,4152979,765,3805,0,3045,1550,-1434731151,201471,1500,0.0,204519
Chuffed BBval,jobshop,jobshop/jobshop.mzn,jobshop/dzn/ta76_7a_alloc1.dzn:jobshop/generated_bounds/MinDis/ta76_7a_alloc1_MinDis.dzn,SATISFIED,1201.116274483502,32,8086,MinDis,0.401,1198.117,minimize,1.88433,3552816,1055.414,32,1803716,18208,1803716,0.0,2.11,2100,6100,8000,158121,158121,3776892,842174087,2020,10090,0,8085,4100,-1243036302,789903,4000,0.0,797991
Chuffed BB,jobshop,jobshop/jobshop.mzn,jobshop/dzn/ta79_8a_alloc1.dzn:jobshop/generated_bounds/MinDis/ta79_8a_alloc1_MinDis.dzn,SATISFIED,1201.2135593574494,31,8088,MinDis,0.386,1198.103,minimize,1.89901,2711307,1024.953,31,156559,18210,156559,0.0,2.11,2100,6100,8000,118686,118686,2893831,692733481,2021,10094,0,8087,4100,-1952435366,894963,4000,0.0,903053
Chuffed BB,jobshop,jobshop/jobshop.mzn,jobshop/dzn/ta63_3a_alloc1.dzn:jobshop/generated_bounds/MinDis/ta63_3a_alloc1_MinDis.dzn,OPTIMAL_SOLUTION,93.96075339242816,34,4049,MinDis,0.184,92.215,minimize,1.06215,475910,92.113,34,0,9121,0,0.0,0.94,1050,3050,4000,82585,82585,592916,36765416,1015,5066,0,4048,2050,277556918,295862,2000,0.0,299913
Chuffed BBval,jobshop,jobshop/jobshop.mzn,jobshop/dzn/ta53_4a_alloc1.dzn:jobshop/generated_bounds/MinDis/ta53_4a_alloc1_MinDis.dzn,SATISFIED,1200.5275667533278,2,3049,MinDis,0.136,1199.239,minimize,0.759726,2689526,4.95,2,1697505,6866,1697505,0.0,0.94,800,2300,3000,1280387,1280387,3972129,306660899,765,3811,0,3048,1550,-1228864045,179284,1500,0.0,182335
Chuffed Prop,jobshop,jobshop/jobshop.mzn,jobshop/dzn/ta36_2a_alloc1.dzn:jobshop/generated_bounds/MinDis/ta36_2a_alloc1_MinDis.dzn,SATISFIED,1200.4220712315291,,,MinDis,,,minimize,0.517227,,,3,,4129,10100,,,480,1380,1800,,,,,,,0,1831,930,,,900,,
Chuffed Prop,jobshop,jobshop/jobshop.mzn,jobshop/dzn/ta53_5a_alloc1.dzn:jobshop/generated_bounds/MinDis/ta53_5a_alloc1_MinDis.dzn,SATISFIED,1200.4496003054082,,,MinDis,,,minimize,0.784295,,,7,,6867,272137,,,800,2300,3000,,,,,,,0,3049,1550,,,1500,,
Chuffed BB,jobshop,jobshop/jobshop.mzn,jobshop/dzn/ta57_4a_alloc1.dzn:jobshop/generated_bounds/MinDis/ta57_4a_alloc1_MinDis.dzn,SATISFIED,1200.591180274263,5,3049,MinDis,0.142,1199.231,minimize,0.766564,9446436,0.923,5,1310504,6866,1310504,0.0,0.94,800,2300,3000,1569251,1569251,11020211,254876532,766,3811,0,3048,1550,-278886888,179942,1500,0.0,182993
Chuffed Prop,jobshop,jobshop/jobshop.mzn,jobshop/dzn/ta79_10a_alloc1.dzn:jobshop/generated_bounds/MinDis/ta79_10a_alloc1_MinDis.dzn,SATISFIED,1200.7071387711912,,,MinDis,,,minimize,1.886,,,12,,18212,2054780,,,2100,6100,8000,,,,,,,0,8089,4100,,,4000,,
Chuffed BB,jobshop,jobshop/jobshop.mzn,jobshop/dzn/ta33_3a_alloc1.dzn:jobshop/generated_bounds/MinDis/ta33_3a_alloc1_MinDis.dzn,SATISFIED,1200.5636803098023,15,1832,MinDis,0.083,1199.529,minimize,0.469566,2375542,1180.433,15,384334,4129,384334,0.0,0.63,480,1380,1800,1047697,1047697,3430432,421620135,462,2297,0,1831,930,-1866266220,231896,900,0.0,233730
Chuffed BB,jobshop,jobshop/jobshop.mzn,jobshop/dzn/ta35_3a_alloc1.dzn:jobshop/generated_bounds/MinDis/ta35_3a_alloc1_MinDis.dzn,UNKNOWN,1200.554950973019,0,1830,MinDis,0.082,1199.506,minimize,0.492686,2128229,0.0,0,-1,4127,,0.0,0.94,480,1380,1800,946218,946218,3074773,414018169,454,2293,0,1829,930,1973284615,204190,900,0.0,206022
Chuffed BBval,jobshop,jobshop/jobshop.mzn,jobshop/dzn/ta75_10a_alloc1.dzn:jobshop/generated_bounds/MinDis/ta75_10a_alloc1_MinDis.dzn,SATISFIED,1201.1533357948065,9,8088,MinDis,0.383,1198.105,minimize,1.90161,4573438,22.347,9,378345,18210,378345,0.0,2.11,2100,6100,8000,210875,210875,4803788,1092277313,2018,10094,0,8087,4100,-1043011250,546273,4000,0.0,554363
Chuffed Prop,jobshop,jobshop/jobshop.mzn,jobshop/dzn/ta58_3a_alloc1.dzn:jobshop/generated_bounds/MinDis/ta58_3a_alloc1_MinDis.dzn,SATISFIED,1200.4558175355196,,,MinDis,,,minimize,0.767799,,,14,,6870,2741,,,800,2300,3000,,,,,,,0,3052,1550,,,1500,,
Chuffed BB,jobshop,jobshop/jobshop.mzn,jobshop/dzn/ta80_8a_alloc1.dzn:jobshop/generated_bounds/MinDis/ta80_8a_alloc1_MinDis.dzn,SATISFIED,1201.1935226507485,33,8091,MinDis,0.377,1198.069,minimize,1.93794,2744636,692.606,33,69738,18213,69738,0.0,2.11,2100,6100,8000,128521,128521,2941008,581391464,2017,10100,0,8090,4100,-989853344,940834,4000,0.0,948927
Chuffed Prop,jobshop,jobshop/jobshop.mzn,jobshop/dzn/ta64_4a_alloc1.dzn:jobshop/generated_bounds/MinDis/ta64_4a_alloc1_MinDis.dzn,SATISFIED,1200.515792351216,,,MinDis,,,minimize,1.0783,,,13,,9110,40743,,,1050,3050,4000,,,,,,,0,4037,2050,,,2000,,
Chuffed BB,jobshop,jobshop/jobshop.mzn,jobshop/dzn/ta71_9a_alloc1.dzn:jobshop/generated_bounds/MinDis/ta71_9a_alloc1_MinDis.dzn,SATISFIED,1201.1800236459821,40,8093,MinDis,0.383,1198.106,minimize,1.89253,2639867,1180.58,40,205105,18215,205105,0.0,2.11,2100,6100,8000,123807,123807,2845689,432251498,2019,10104,0,8092,4100,1836241125,956881,4000,0.0,964976
Chuffed BB,jobshop,jobshop/jobshop.mzn,jobshop/dzn/ta77_10a_alloc1.dzn:jobshop/generated_bounds/MinDis/ta77_10a_alloc1_MinDis.dzn,SATISFIED,1201.1592446044087,33,8098,MinDis,0.379,1198.123,minimize,1.88517,2150864,221.8,33,2524277,18220,2524277,0.0,2.11,2100,6100,8000,96428,96428,2315217,676531355,2019,10114,0,8097,4100,375490550,842900,4000,0.0,851000
Chuffed BB,jobshop,jobshop/jobshop.mzn,jobshop/dzn/ta58_5a_alloc1.dzn:jobshop/generated_bounds/MinDis/ta58_5a_alloc1_MinDis.dzn,SATISFIED,1200.6546637751162,42,3055,MinDis,0.142,1199.219,minimize,0.780401,6743534,343.173,42,28673,6872,28673,0.0,1.41,800,2300,3000,764092,764092,7558066,359381492,764,3823,0,3054,1550,237645648,351662,1500,0.0,354719
Chuffed BB,jobshop,jobshop/jobshop.mzn,jobshop/dzn/ta44_2a_alloc1.dzn:jobshop/generated_bounds/MinDis/ta44_2a_alloc1_MinDis.dzn,SATISFIED,1200.578117646277,7,2430,MinDis,0.113,1199.39,minimize,0.610014,1852404,899.337,7,2304,5482,2304,0.0,0.94,630,1830,2400,620975,620975,2477958,435459634,612,3048,0,2429,1230,1772507023,259716,1200,0.0,262148
Chuffed Prop,jobshop,jobshop/jobshop.mzn,jobshop/dzn/ta78_9a_alloc1.dzn:jobshop/generated_bounds/MinDis/ta78_9a_alloc1_MinDis.dzn,SATISFIED,1200.6681099999696,,,MinDis,,,minimize,1.8513,,,84,,18212,703586,,,2100,6100,8000,,,,,,,0,8089,4100,,,4000,,
Chuffed Prop,jobshop,jobshop/jobshop.mzn,jobshop/dzn/ta77_10a_alloc1.dzn:jobshop/generated_bounds/MinDis/ta77_10a_alloc1_MinDis.dzn,SATISFIED,1200.6413365472108,,,MinDis,,,minimize,1.89547,,,68,,18220,1928777,,,2100,6100,8000,,,,,,,0,8097,4100,,,4000,,
Chuffed BB,jobshop,jobshop/jobshop.mzn,jobshop/dzn/ta63_5a_alloc1.dzn:jobshop/generated_bounds/MinDis/ta63_5a_alloc1_MinDis.dzn,SATISFIED,1200.7687520403415,60,4051,MinDis,0.19,1198.983,minimize,1.01965,3271439,54.159,60,15627,9123,15627,0.0,0.94,1050,3050,4000,692630,692630,4025645,258664202,1015,5070,0,4050,2050,-733800683,343051,2000,0.0,347104
Chuffed BB,jobshop,jobshop/jobshop.mzn,jobshop/dzn/ta74_6a_alloc1.dzn:jobshop/generated_bounds/MinDis/ta74_6a_alloc1_MinDis.dzn,SATISFIED,1201.3999338876456,148,8085,MinDis,0.386,1198.096,minimize,1.90457,2094617,1140.52,148,110614,18207,110614,0.0,3.16,2100,6100,8000,93165,93165,2487793,330716657,2020,10088,0,8084,4100,1060663791,1682451,4000,0.0,1690538
Chuffed BB,jobshop,jobshop/jobshop.mzn,jobshop/dzn/ta34_3a_alloc1.dzn:jobshop/generated_bounds/MinDis/ta34_3a_alloc1_MinDis.dzn,SATISFIED,1200.538837166503,8,1833,MinDis,0.084,1199.513,minimize,0.488961,2156567,796.793,8,70856,4130,70856,0.0,0.94,480,1380,1800,931762,931762,3092302,401389790,463,2299,0,1832,930,34878677,215878,900,0.0,217713
Chuffed BBval,jobshop,jobshop/jobshop.mzn,jobshop/dzn/ta49_2a_alloc1.dzn:jobshop/generated_bounds/MinDis/ta49_2a_alloc1_MinDis.dzn,OPTIMAL_SOLUTION,253.72091878391802,6,2429,MinDis,0.111,252.532,minimize,0.649869,684365,252.464,6,0,5481,0,0.0,0.94,630,1830,2400,154722,154722,842691,119371729,610,3046,0,2428,1230,-1976240145,244427,1200,0.0,246858
Chuffed Prop,jobshop,jobshop/jobshop.mzn,jobshop/dzn/ta71_7a_alloc1.dzn:jobshop/generated_bounds/MinDis/ta71_7a_alloc1_MinDis.dzn,SATISFIED,1200.6608410496265,,,MinDis,,,minimize,1.84766,,,23,,18213,1501987,,,2100,6100,8000,,,,,,,0,8090,4100,,,4000,,
Chuffed Prop,jobshop,jobshop/jobshop.mzn,jobshop/dzn/ta40_3a_alloc1.dzn:jobshop/generated_bounds/MinDis/ta40_3a_alloc1_MinDis.dzn,UNKNOWN,1200.354026922956,,,MinDis,,,minimize,0.504918,,,0,,4126,,,,480,1380,1800,,,,,,,0,1828,930,,,900,,
Chuffed BBval,jobshop,jobshop/jobshop.mzn,jobshop/dzn/ta70_5a_alloc1.dzn:jobshop/generated_bounds/MinDis/ta70_5a_alloc1_MinDis.dzn,SATISFIED,1200.7719158474356,15,4045,MinDis,0.181,1199.076,minimize,0.923298,4477678,18.7,15,261238,9117,261238,0.0,0.94,1050,3050,4000,747671,747671,5241379,288114914,1013,5058,0,4044,2050,91397917,345868,2000,0.0,349915
Chuffed BB,jobshop,jobshop/jobshop.mzn,jobshop/dzn/ta62_3a_alloc1.dzn:jobshop/generated_bounds/MinDis/ta62_3a_alloc1_MinDis.dzn,OPTIMAL_SOLUTION,1180.8552820254117,33,4048,MinDis,0.188,1179.122,minimize,1.01171,6940241,1179.063,33,0,9120,0,0.0,0.94,1050,3050,4000,329713,329713,7304297,749771272,1016,5064,0,4047,2050,1115384154,347060,2000,0.0,351110
Chuffed Prop,jobshop,jobshop/jobshop.mzn,jobshop/dzn/ta78_10a_alloc1.dzn:jobshop/generated_bounds/MinDis/ta78_10a_alloc1_MinDis.dzn,SATISFIED,1200.6600828245282,,,MinDis,,,minimize,1.88225,,,78,,18213,393379,,,2100,6100,8000,,,,,,,0,8090,4100,,,4000,,
Chuffed BBval,jobshop,jobshop/jobshop.mzn,jobshop/dzn/ta60_5a_alloc1.dzn:jobshop/generated_bounds/MinDis/ta60_5a_alloc1_MinDis.dzn,SATISFIED,1200.8222810737789,26,3053,MinDis,0.138,1199.234,minimize,0.763038,5258267,883.145,26,415374,6870,415374,0.0,0.94,800,2300,3000,1095165,1095165,6373831,259913240,765,3819,0,3052,1550,891015889,284821,1500,0.0,287876
Chuffed Prop,jobshop,jobshop/jobshop.mzn,jobshop/dzn/ta52_5a_alloc1.dzn:jobshop/generated_bounds/MinDis/ta52_5a_alloc1_MinDis.dzn,SATISFIED,1200.496062360704,,,MinDis,,,minimize,0.776688,,,24,,6866,146973,,,800,2300,3000,,,,,,,0,3048,1550,,,1500,,
Chuffed Prop,jobshop,jobshop/jobshop.mzn,jobshop/dzn/ta75_7a_alloc1.dzn:jobshop/generated_bounds/MinDis/ta75_7a_alloc1_MinDis.dzn,SATISFIED,1200.7189924232662,,,MinDis,,,minimize,1.8383,,,106,,18207,5874,,,2100,6100,8000,,,,,,,0,8084,4100,,,4000,,
Chuffed BB,jobshop,jobshop/jobshop.mzn,jobshop/dzn/ta80_6a_alloc1.dzn:jobshop/generated_bounds/MinDis/ta80_6a_alloc1_MinDis.dzn,SATISFIED,1201.2537907660007,50,8089,MinDis,0.378,1198.136,minimize,1.87411,2550634,1089.212,50,915532,18211,915532,0.0,2.11,2100,6100,8000,120795,120795,2773501,574767902,2017,10096,0,8088,4100,1910035155,1088796,4000,0.0,1096887
Chuffed Prop,jobshop,jobshop/jobshop.mzn,jobshop/dzn/ta58_5a_alloc1.dzn:jobshop/generated_bounds/MinDis/ta58_5a_alloc1_MinDis.dzn,SATISFIED,1200.4572799019516,,,MinDis,,,minimize,0.77485,,,42,,6872,28673,,,800,2300,3000,,,,,,,0,3054,1550,,,1500,,
Chuffed BB,jobshop,jobshop/jobshop.mzn,jobshop/dzn/ta51_3a_alloc1.dzn:jobshop/generated_bounds/MinDis/ta51_3a_alloc1_MinDis.dzn,SATISFIED,1200.6013272963464,8,3050,MinDis,0.142,1199.229,minimize,0.769529,4942679,1.162,8,1660874,6867,1660874,0.0,0.94,800,2300,3000,1369985,1369985,6319443,232840656,764,3813,0,3049,1550,-1670753377,205094,1500,0.0,208146
Chuffed BBval,jobshop,jobshop/jobshop.mzn,jobshop/dzn/ta75_7a_alloc1.dzn:jobshop/generated_bounds/MinDis/ta75_7a_alloc1_MinDis.dzn,SATISFIED,1201.3439345173538,26,8085,MinDis,0.404,1198.152,minimize,1.8447,3830582,1048.147999,26,52061,18207,52061,0.0,2.11,2100,6100,8000,177577,177577,4061903,912663261,2018,10088,0,8084,4100,-929034224,789663,4000,0.0,797750
Chuffed BB,jobshop,jobshop/jobshop.mzn,jobshop/dzn/ta79_7a_alloc1.dzn:jobshop/generated_bounds/MinDis/ta79_7a_alloc1_MinDis.dzn,SATISFIED,1201.1633180826902,34,8087,MinDis,0.387,1198.045,minimize,1.95713,3160758,943.292,34,29838,18209,29838,0.0,2.11,2100,6100,8000,140569,140569,3371300,630303247,2021,10092,0,8086,4100,-1423662671,940889,4000,0.0,948978
Chuffed BB,jobshop,jobshop/jobshop.mzn,jobshop/dzn/ta50_2a_alloc1.dzn:jobshop/generated_bounds/MinDis/ta50_2a_alloc1_MinDis.dzn,OPTIMAL_SOLUTION,631.9559886809438,15,2432,MinDis,0.114,630.765,minimize,0.610044,1925911,254.553,15,1122,5484,1122,0.0,0.63,630,1830,2400,146970,146970,2080220,330955580,604,3052,0,2431,1230,-3360158,275384,1200,0.0,277818
Chuffed BBval,jobshop,jobshop/jobshop.mzn,jobshop/dzn/ta73_6a_alloc1.dzn:jobshop/generated_bounds/MinDis/ta73_6a_alloc1_MinDis.dzn,SATISFIED,1201.1040074937046,31,8090,MinDis,0.393,1198.095,minimize,1.90395,3463339,587.225,31,331944,18212,331944,0.0,2.11,2100,6100,8000,151301,151301,3678584,858320725,2019,10098,0,8089,4100,1710134006,757649,4000,0.0,765741
Chuffed Prop,jobshop,jobshop/jobshop.mzn,jobshop/dzn/ta32_2a_alloc1.dzn:jobshop/generated_bounds/MinDis/ta32_2a_alloc1_MinDis.dzn,SATISFIED,1200.3879941981286,,,MinDis,,,minimize,0.51239,,,7,,4128,100,,,480,1380,1800,,,,,,,0,1830,930,,,900,,
Chuffed Prop,jobshop,jobshop/jobshop.mzn,jobshop/dzn/ta60_3a_alloc1.dzn:jobshop/generated_bounds/MinDis/ta60_3a_alloc1_MinDis.dzn,SATISFIED,1200.4420690312982,,,MinDis,,,minimize,0.784908,,,9,,6868,499570,,,800,2300,3000,,,,,,,0,3050,1550,,,1500,,
Chuffed BBval,jobshop,jobshop/jobshop.mzn,jobshop/dzn/ta76_10a_alloc1.dzn:jobshop/generated_bounds/MinDis/ta76_10a_alloc1_MinDis.dzn,SATISFIED,1201.1310338880867,38,8089,MinDis,0.375,1198.13,minimize,1.86852,3069957,140.164,38,378592,18211,378592,0.0,2.11,2100,6100,8000,136385,136385,3284382,735199545,2020,10096,0,8088,4100,771987672,848636,4000,0.0,856727
Chuffed BBval,jobshop,jobshop/jobshop.mzn,jobshop/dzn/ta61_3a_alloc1.dzn:jobshop/generated_bounds/MinDis/ta61_3a_alloc1_MinDis.dzn,SATISFIED,1200.6770052872598,29,4044,MinDis,0.187,1198.993,minimize,1.00708,8169361,596.732,29,32539,9116,32539,0.0,0.94,1050,3050,4000,409136,409136,8608468,746543415,1014,5056,0,4043,2050,2044450854,379098,2000,0.0,383144
Chuffed BB,jobshop,jobshop/jobshop.mzn,jobshop/dzn/ta44_3a_alloc1.dzn:jobshop/generated_bounds/MinDis/ta44_3a_alloc1_MinDis.dzn,SATISFIED,1200.571599232033,3,2431,MinDis,0.113,1199.398,minimize,0.605601,2043021,1035.14,3,128222,5483,128222,0.0,0.94,630,1830,2400,756826,756826,2802072,508482454,612,3050,0,2430,1230,2093885603,247129,1200,0.0,249562
Chuffed Prop,jobshop,jobshop/jobshop.mzn,jobshop/dzn/ta69_3a_alloc1.dzn:jobshop/generated_bounds/MinDis/ta69_3a_alloc1_MinDis.dzn,OPTIMAL_SOLUTION,111.01228365302086,35,4048,MinDis,0.186,109.215,minimize,0.963537,544200,109.127,35,0,9120,0,0.0,1.41,1050,3050,4000,48083,48083,627135,45199744,1016,5064,0,4047,2050,1771996940,404806,2000,0.0,408856
Chuffed BBval,jobshop,jobshop/jobshop.mzn,jobshop/dzn/ta60_3a_alloc1.dzn:jobshop/generated_bounds/MinDis/ta60_3a_alloc1_MinDis.dzn,SATISFIED,1200.5675980281085,9,3051,MinDis,0.142,1199.252,minimize,0.746077,5494177,378.082,9,499570,6868,499570,0.0,0.94,800,2300,3000,1124114,1124114,6625828,284259543,764,3815,0,3050,1550,353837135,232809,1500,0.0,235862
Chuffed BBval,jobshop,jobshop/jobshop.mzn,jobshop/dzn/ta77_10a_alloc1.dzn:jobshop/generated_bounds/MinDis/ta77_10a_alloc1_MinDis.dzn,SATISFIED,1201.1053297445178,33,8098,MinDis,0.389,1198.142,minimize,1.85786,3032858,278.148,33,2524277,18220,2524277,0.0,2.11,2100,6100,8000,138166,138166,3238914,773415669,2018,10114,0,8097,4100,482325910,799992,4000,0.0,808092
Chuffed Prop,jobshop,jobshop/jobshop.mzn,jobshop/dzn/ta77_6a_alloc1.dzn:jobshop/generated_bounds/MinDis/ta77_6a_alloc1_MinDis.dzn,OPTIMAL_SOLUTION,708.634824808687,349,8094,MinDis,0.395,704.666,minimize,1.9058,1462438,704.562,349,0,18216,0,0.0,2.11,2100,6100,8000,43830,43830,2183293,155424699,2019,10106,0,8093,4100,1772002961,2107877,4000,0.0,2115973
Chuffed BB,jobshop,jobshop/jobshop.mzn,jobshop/dzn/ta33_2a_alloc1.dzn:jobshop/generated_bounds/MinDis/ta33_2a_alloc1_MinDis.dzn,OPTIMAL_SOLUTION,6.357682688161731,4,1831,MinDis,0.087,5.427,minimize,0.49023,49294,5.414,4,0,4128,0,0.0,0.42,480,1380,1800,7711,7711,58819,4168604,461,2295,0,1830,930,1508008905,150017,900,0.0,151850
Chuffed Prop,jobshop,jobshop/jobshop.mzn,jobshop/dzn/ta56_4a_alloc1.dzn:jobshop/generated_bounds/MinDis/ta56_4a_alloc1_MinDis.dzn,SATISFIED,1200.4241803716868,,,MinDis,,,minimize,0.759748,,,59,,6864,863428,,,800,2300,3000,,,,,,,0,3046,1550,,,1500,,
Chuffed Prop,jobshop,jobshop/jobshop.mzn,jobshop/dzn/ta80_6a_alloc1.dzn:jobshop/generated_bounds/MinDis/ta80_6a_alloc1_MinDis.dzn,SATISFIED,1200.63955559209,,,MinDis,,,minimize,1.89002,,,63,,18211,899473,,,2100,6100,8000,,,,,,,0,8088,4100,,,4000,,
Chuffed BBval,jobshop,jobshop/jobshop.mzn,jobshop/dzn/ta53_3a_alloc1.dzn:jobshop/generated_bounds/MinDis/ta53_3a_alloc1_MinDis.dzn,OPTIMAL_SOLUTION,42.65253257751465,12,3048,MinDis,0.14,41.444,minimize,0.713466,559564,41.427,12,0,6865,0,0.0,0.63,800,2300,3000,32581,32581,601301,56110349,764,3809,0,3047,1550,-1795292497,162071,1500,0.0,165121
Chuffed BBval,jobshop,jobshop/jobshop.mzn,jobshop/dzn/ta73_5a_alloc1.dzn:jobshop/generated_bounds/MinDis/ta73_5a_alloc1_MinDis.dzn,SATISFIED,1201.524575309828,21,8089,MinDis,0.414,1198.117,minimize,1.89071,3718590,109.939,21,1040885,18211,1040885,0.0,2.11,2100,6100,8000,163821,163821,3926137,933885622,2019,10096,0,8088,4100,1339480940,643893,4000,0.0,651984
Chuffed BB,jobshop,jobshop/jobshop.mzn,jobshop/dzn/ta50_3a_alloc1.dzn:jobshop/generated_bounds/MinDis/ta50_3a_alloc1_MinDis.dzn,OPTIMAL_SOLUTION,260.7564648706466,23,2433,MinDis,0.109,259.699,minimize,0.591746,902889,206.714,23,24,5485,24,0.0,0.63,630,1830,2400,86511,86511,1000194,136673375,604,3054,0,2432,1230,-507775144,271905,1200,0.0,274340
Chuffed BB,jobshop,jobshop/jobshop.mzn,jobshop/dzn/ta68_5a_alloc1.dzn:jobshop/generated_bounds/MinDis/ta68_5a_alloc1_MinDis.dzn,SATISFIED,1200.7493309248239,3,4046,MinDis,0.183,1198.995,minimize,1.00886,1753013,807.554,3,1026256,9118,1026256,0.0,0.94,1050,3050,4000,593271,593271,2350144,361565099,1014,5060,0,4045,2050,1006915173,316805,2000,0.0,320853
Chuffed BBval,jobshop,jobshop/jobshop.mzn,jobshop/dzn/ta77_6a_alloc1.dzn:jobshop/generated_bounds/MinDis/ta77_6a_alloc1_MinDis.dzn,SATISFIED,1201.223742481321,39,8094,MinDis,0.382,1198.11,minimize,1.89312,2977527,728.497,39,295808,18216,295808,0.0,2.11,2100,6100,8000,135382,135382,3192927,758367105,2019,10106,0,8093,4100,1017097093,837116,4000,0.0,845212
Chuffed Prop,jobshop,jobshop/jobshop.mzn,jobshop/dzn/ta68_5a_alloc1.dzn:jobshop/generated_bounds/MinDis/ta68_5a_alloc1_MinDis.dzn,SATISFIED,1200.4949355814606,,,MinDis,,,minimize,1.01519,,,3,,9118,1026256,,,1050,3050,4000,,,,,,,0,4045,2050,,,2000,,
Chuffed BBval,jobshop,jobshop/jobshop.mzn,jobshop/dzn/ta51_4a_alloc1.dzn:jobshop/generated_bounds/MinDis/ta51_4a_alloc1_MinDis.dzn,SATISFIED,1200.8330168649554,12,3051,MinDis,0.141,1199.24,minimize,0.756907,7322180,14.059,12,49522,6868,49522,0.0,0.63,800,2300,3000,1603452,1603452,8935463,233240000,764,3815,0,3050,1550,-351279877,202273,1500,0.0,205326
Chuffed BB,jobshop,jobshop/jobshop.mzn,jobshop/dzn/ta40_3a_alloc1.dzn:jobshop/generated_bounds/MinDis/ta40_3a_alloc1_MinDis.dzn,UNKNOWN,1200.6036864127964,0,1829,MinDis,0.081,1199.469,minimize,0.529754,2184930,0.0,0,-1,4126,,0.0,0.94,480,1380,1800,999401,999401,3184649,448774256,454,2291,0,1828,930,653779467,158354,900,0.0,160185
Chuffed Prop,jobshop,jobshop/jobshop.mzn,jobshop/dzn/ta59_4a_alloc1.dzn:jobshop/generated_bounds/MinDis/ta59_4a_alloc1_MinDis.dzn,SATISFIED,1200.4517280254513,,,MinDis,,,minimize,0.77047,,,23,,6866,150650,,,800,2300,3000,,,,,,,0,3048,1550,,,1500,,
Chuffed BB,jobshop,jobshop/jobshop.mzn,jobshop/dzn/ta66_4a_alloc1.dzn:jobshop/generated_bounds/MinDis/ta66_4a_alloc1_MinDis.dzn,SATISFIED,1200.766447769478,11,4046,MinDis,0.184,1198.986,minimize,1.01296,1902192,112.371,11,183529,9118,183529,0.0,0.94,1050,3050,4000,581713,581713,2495905,294105317,1015,5060,0,4045,2050,-590958455,373361,2000,0.0,377409
Chuffed BBval,jobshop,jobshop/jobshop.mzn,jobshop/dzn/ta33_2a_alloc1.dzn:jobshop/generated_bounds/MinDis/ta33_2a_alloc1_MinDis.dzn,OPTIMAL_SOLUTION,8.722735000774264,4,1831,MinDis,0.085,7.858,minimize,0.483323,66871,7.848,4,0,4128,0,0.0,0.42,480,1380,1800,9391,9391,78088,6366173,460,2295,0,1830,930,1129304425,153091,900,0.0,154924
Chuffed Prop,jobshop,jobshop/jobshop.mzn,jobshop/dzn/ta52_3a_alloc1.dzn:jobshop/generated_bounds/MinDis/ta52_3a_alloc1_MinDis.dzn,UNKNOWN,1200.444987025112,,,MinDis,,,minimize,0.770298,,,0,,6864,,,,800,2300,3000,,,,,,,0,3046,1550,,,1500,,
Chuffed BB,jobshop,jobshop/jobshop.mzn,jobshop/dzn/ta73_10a_alloc1.dzn:jobshop/generated_bounds/MinDis/ta73_10a_alloc1_MinDis.dzn,SATISFIED,1201.1260319054127,34,8094,MinDis,0.408,1198.179,minimize,1.8308,2358276,45.005,34,905273,18216,905273,0.0,2.11,2100,6100,8000,107840,107840,2536083,618198771,2020,10106,0,8093,4100,-903487369,810181,4000,0.0,818277
Chuffed Prop,jobshop,jobshop/jobshop.mzn,jobshop/dzn/ta55_3a_alloc1.dzn:jobshop/generated_bounds/MinDis/ta55_3a_alloc1_MinDis.dzn,SATISFIED,1200.4630204029381,,,MinDis,,,minimize,0.785464,,,1,,6864,564521,,,800,2300,3000,,,,,,,0,3046,1550,,,1500,,
Chuffed Prop,jobshop,jobshop/jobshop.mzn,jobshop/dzn/ta38_2a_alloc1.dzn:jobshop/generated_bounds/MinDis/ta38_2a_alloc1_MinDis.dzn,OPTIMAL_SOLUTION,512.9148484040052,2,1831,MinDis,0.082,511.862,minimize,0.516626,1057160,511.788,2,0,4128,0,0.0,0.63,480,1380,1800,452341,452341,1510388,232066227,453,2295,0,1830,930,1771998471,177970,900,0.0,179803
Chuffed BB,jobshop,jobshop/jobshop.mzn,jobshop/dzn/ta57_3a_alloc1.dzn:jobshop/generated_bounds/MinDis/ta57_3a_alloc1_MinDis.dzn,SATISFIED,1200.5110147818923,1,3048,MinDis,0.14,1199.225,minimize,0.772555,6348393,0.244,1,1949968,6865,1949968,0.0,0.94,800,2300,3000,1405243,1405243,7755114,241606649,766,3809,0,3047,1550,-2064191942,163744,1500,0.0,166794
Chuffed BBval,jobshop,jobshop/jobshop.mzn,jobshop/dzn/ta80_5a_alloc1.dzn:jobshop/generated_bounds/MinDis/ta80_5a_alloc1_MinDis.dzn,SATISFIED,1201.1230231840163,21,8088,MinDis,0.389,1198.122,minimize,1.88355,3305539,563.692,21,2120811,18210,2120811,0.0,2.11,2100,6100,8000,153562,153562,3502725,896359765,2016,10094,0,8087,4100,483950782,750509,4000,0.0,758599
Chuffed BBval,jobshop,jobshop/jobshop.mzn,jobshop/dzn/ta32_2a_alloc1.dzn:jobshop/generated_bounds/MinDis/ta32_2a_alloc1_MinDis.dzn,SATISFIED,1200.4498641062528,7,1831,MinDis,0.082,1199.535,minimize,0.465124,2195455,363.053,7,100,4128,100,0.0,0.63,480,1380,1800,753300,753300,2952132,408142565,458,2295,0,1830,930,-990216346,225934,900,0.0,227767
Chuffed Prop,jobshop,jobshop/jobshop.mzn,jobshop/dzn/ta73_6a_alloc1.dzn:jobshop/generated_bounds/MinDis/ta73_6a_alloc1_MinDis.dzn,OPTIMAL_SOLUTION,152.09232904948294,132,8090,MinDis,0.384,148.467,minimize,1.90307,464340,148.4,132,0,18212,0,0.0,2.11,2100,6100,8000,12805,12805,735679,67494775,2019,10098,0,8089,4100,1772002598,1658123,4000,0.0,1666215
Chuffed BB,jobshop,jobshop/jobshop.mzn,jobshop/dzn/ta67_4a_alloc1.dzn:jobshop/generated_bounds/MinDis/ta67_4a_alloc1_MinDis.dzn,SATISFIED,1200.8584540896118,28,4047,MinDis,0.189,1198.998,minimize,1.004969,2639635,305.639,28,249,9119,249,0.0,1.41,1050,3050,4000,441449,441449,3109733,509615302,1012,5062,0,4046,2050,-282859984,427406,2000,0.0,431455
Chuffed Prop,jobshop,jobshop/jobshop.mzn,jobshop/dzn/ta68_3a_alloc1.dzn:jobshop/generated_bounds/MinDis/ta68_3a_alloc1_MinDis.dzn,SATISFIED,1200.5072437115014,,,MinDis,,,minimize,1.026589,,,20,,9116,34022,,,1050,3050,4000,,,,,,,0,4043,2050,,,2000,,
Chuffed BB,jobshop,jobshop/jobshop.mzn,jobshop/dzn/ta71_8a_alloc1.dzn:jobshop/generated_bounds/MinDis/ta71_8a_alloc1_MinDis.dzn,SATISFIED,1201.2347870897502,53,8092,MinDis,0.385,1198.159,minimize,1.83958,2542774,1192.957,53,233167,18214,233167,0.0,2.11,2100,6100,8000,114828,114828,2765877,566323926,2019,10102,0,8091,4100,1008436587,1066841,4000,0.0,1074935
Chuffed BBval,jobshop,jobshop/jobshop.mzn,jobshop/dzn/ta72_9a_alloc1.dzn:jobshop/generated_bounds/MinDis/ta72_9a_alloc1_MinDis.dzn,SATISFIED,1201.1731576733291,17,8090,MinDis,0.385,1198.115,minimize,1.90385,3460158,593.439,17,786376,18212,786376,0.0,2.11,2100,6100,8000,151044,151044,3646775,942060747,2018,10098,0,8089,4100,-1710688589,740742,4000,0.0,748834
Chuffed BB,jobshop,jobshop/jobshop.mzn,jobshop/dzn/ta62_5a_alloc1.dzn:jobshop/generated_bounds/MinDis/ta62_5a_alloc1_MinDis.dzn,SATISFIED,1200.7544672023505,3,4050,MinDis,0.191,1198.986,minimize,1.01155,1930583,15.86,3,5209937,9122,5209937,0.0,1.41,1050,3050,4000,685832,685832,2620257,424134280,1014,5068,0,4049,2050,-1770247325,362103,2000,0.0,366155
Chuffed BBval,jobshop,jobshop/jobshop.mzn,jobshop/dzn/ta67_3a_alloc1.dzn:jobshop/generated_bounds/MinDis/ta67_3a_alloc1_MinDis.dzn,SATISFIED,1200.6476664952934,43,4046,MinDis,0.189,1199.003,minimize,0.995717,10661715,195.15,43,42,9118,42,0.0,0.94,1050,3050,4000,498868,498868,11204542,924399484,1010,5060,0,4045,2050,-1770140923,304321,2000,0.0,308369
Chuffed Prop,jobshop,jobshop/jobshop.mzn,jobshop/dzn/ta80_10a_alloc1.dzn:jobshop/generated_bounds/MinDis/ta80_10a_alloc1_MinDis.dzn,SATISFIED,1200.669343193993,,,MinDis,,,minimize,1.88869,,,139,,18215,26237,,,2100,6100,8000,,,,,,,0,8092,4100,,,4000,,
Chuffed Prop,jobshop,jobshop/jobshop.mzn,jobshop/dzn/ta79_5a_alloc1.dzn:jobshop/generated_bounds/MinDis/ta79_5a_alloc1_MinDis.dzn,OPTIMAL_SOLUTION,481.7211585249752,124,8085,MinDis,0.38,478.054,minimize,1.8821,1412904,477.969,124,0,18207,0,0.0,2.11,2100,6100,8000,44899,44899,1703663,201069731,2020,10088,0,8084,4100,1772002431,1631027,4000,0.0,1639114
Chuffed BB,jobshop,jobshop/jobshop.mzn,jobshop/dzn/ta72_7a_alloc1.dzn:jobshop/generated_bounds/MinDis/ta72_7a_alloc1_MinDis.dzn,SATISFIED,1201.3031086064875,86,8088,MinDis,0.383,1198.145,minimize,1.86236,2518875,1125.062,86,86008,18210,86008,0.0,2.11,2100,6100,8000,116200,116200,2809915,427375923,2020,10094,0,8087,4100,-1454388885,1340196,4000,0.0,1348286
Chuffed Prop,jobshop,jobshop/jobshop.mzn,jobshop/dzn/ta72_9a_alloc1.dzn:jobshop/generated_bounds/MinDis/ta72_9a_alloc1_MinDis.dzn,SATISFIED,1200.5457873679698,,,MinDis,,,minimize,1.94022,,,37,,18212,691635,,,2100,6100,8000,,,,,,,0,8089,4100,,,4000,,
Chuffed BB,jobshop,jobshop/jobshop.mzn,jobshop/dzn/ta38_3a_alloc1.dzn:jobshop/generated_bounds/MinDis/ta38_3a_alloc1_MinDis.dzn,SATISFIED,1200.5037995893508,6,1832,MinDis,0.085,1199.509,minimize,0.488812,1906518,636.18,6,223142,4129,223142,0.0,0.63,480,1380,1800,1035089,1035089,2944532,494133310,454,2297,0,1831,930,1488695659,170774,900,0.0,172608
Chuffed BB,jobshop,jobshop/jobshop.mzn,jobshop/dzn/ta78_8a_alloc1.dzn:jobshop/generated_bounds/MinDis/ta78_8a_alloc1_MinDis.dzn,SATISFIED,1201.2364140506834,53,8089,MinDis,0.403,1198.19,minimize,1.82782,1931915,738.402,53,1596047,18211,1596047,0.0,2.11,2100,6100,8000,84601,84601,2124897,593862815,2022,10096,0,8088,4100,-662352626,1100065,4000,0.0,1108156
Chuffed BB,jobshop,jobshop/jobshop.mzn,jobshop/dzn/ta59_4a_alloc1.dzn:jobshop/generated_bounds/MinDis/ta59_4a_alloc1_MinDis.dzn,SATISFIED,1200.5980504211038,16,3049,MinDis,0.141,1199.231,minimize,0.767937,4855982,463.859,16,606864,6866,606864,0.0,0.63,800,2300,3000,311384,311384,5179963,523882979,764,3811,0,3048,1550,437105997,249964,1500,0.0,253015
Chuffed BB,jobshop,jobshop/jobshop.mzn,jobshop/dzn/ta64_3a_alloc1.dzn:jobshop/generated_bounds/MinDis/ta64_3a_alloc1_MinDis.dzn,SATISFIED,1200.8148349039257,15,4037,MinDis,0.181,1199.02,minimize,0.984625,3045822,312.094,15,62073,9109,62073,0.0,0.94,1050,3050,4000,701751,701751,3763550,277165272,1016,5042,0,4036,2050,-450651391,349506,2000,0.0,353545
Chuffed Prop,jobshop,jobshop/jobshop.mzn,jobshop/dzn/ta39_2a_alloc1.dzn:jobshop/generated_bounds/MinDis/ta39_2a_alloc1_MinDis.dzn,SATISFIED,1200.3964230362326,,,MinDis,,,minimize,0.512054,,,2,,4125,1042441,,,480,1380,1800,,,,,,,0,1827,930,,,900,,
Chuffed BB,jobshop,jobshop/jobshop.mzn,jobshop/dzn/ta32_2a_alloc1.dzn:jobshop/generated_bounds/MinDis/ta32_2a_alloc1_MinDis.dzn,SATISFIED,1200.5054828450084,7,1831,MinDis,0.085,1199.508,minimize,0.492639,2078473,315.169,7,100,4128,100,0.0,0.63,480,1380,1800,806416,806416,2888259,430316507,459,2295,0,1830,930,1684997716,224763,900,0.0,226596
Chuffed Prop,jobshop,jobshop/jobshop.mzn,jobshop/dzn/ta48_2a_alloc1.dzn:jobshop/generated_bounds/MinDis/ta48_2a_alloc1_MinDis.dzn,OPTIMAL_SOLUTION,22.688951037824154,5,2430,MinDis,0.111,21.532,minimize,0.648946,119965,21.513,5,0,5482,0,0.0,0.63,630,1830,2400,14538,14538,137199,14877364,603,3048,0,2429,1230,1771999351,213420,1200,0.0,215852
Chuffed Prop,jobshop,jobshop/jobshop.mzn,jobshop/dzn/ta32_3a_alloc1.dzn:jobshop/generated_bounds/MinDis/ta32_3a_alloc1_MinDis.dzn,SATISFIED,1200.403570216149,,,MinDis,,,minimize,0.517615,,,15,,4129,210,,,480,1380,1800,,,,,,,0,1831,930,,,900,,
Chuffed BB,jobshop,jobshop/jobshop.mzn,jobshop/dzn/ta37_3a_alloc1.dzn:jobshop/generated_bounds/MinDis/ta37_3a_alloc1_MinDis.dzn,SATISFIED,1200.4698917157948,4,1833,MinDis,0.083,1199.531,minimize,0.46685,2604654,219.822,4,53734,4130,53734,0.0,0.63,480,1380,1800,1032519,1032519,3639326,408539214,462,2299,0,1832,930,1162698983,163466,900,0.0,165301
Chuffed Prop,jobshop,jobshop/jobshop.mzn,jobshop/dzn/ta79_8a_alloc1.dzn:jobshop/generated_bounds/MinDis/ta79_8a_alloc1_MinDis.dzn,OPTIMAL_SOLUTION,923.6118043903261,274,8088,MinDis,0.387,919.472,minimize,1.88412,2438032,919.313,274,0,18210,0,0.0,3.16,2100,6100,8000,143720,143720,3112113,424273894,2020,10094,0,8087,4100,1772010122,2459965,4000,0.0,2468055
Chuffed BB,jobshop,jobshop/jobshop.mzn,jobshop/dzn/ta74_5a_alloc1.dzn:jobshop/generated_bounds/MinDis/ta74_5a_alloc1_MinDis.dzn,SATISFIED,1201.204229824245,42,8084,MinDis,0.401,1198.143,minimize,1.85267,3085265,1102.604,42,324920,18206,324920,0.0,2.11,2100,6100,8000,135302,135302,3306678,681647357,2020,10086,0,8083,4100,-171329846,1092515,4000,0.0,1100601
Chuffed BB,jobshop,jobshop/jobshop.mzn,jobshop/dzn/ta67_3a_alloc1.dzn:jobshop/generated_bounds/MinDis/ta67_3a_alloc1_MinDis.dzn,OPTIMAL_SOLUTION,14.897290512919426,47,4046,MinDis,0.185,13.196,minimize,1.024729,112435,13.177,47,0,9118,0,0.0,0.94,1050,3050,4000,4647,4647,164434,7475923,1012,5060,0,4045,2050,-310859180,303409,2000,0.0,307457
Chuffed BBval,jobshop,jobshop/jobshop.mzn,jobshop/dzn/ta68_5a_alloc1.dzn:jobshop/generated_bounds/MinDis/ta68_5a_alloc1_MinDis.dzn,SATISFIED,1200.7229107562453,3,4046,MinDis,0.192,1198.996,minimize,1.00408,1715717,822.535,3,1026256,9118,1026256,0.0,0.94,1050,3050,4000,583473,583473,2303022,356474460,1013,5060,0,4045,2050,1684085783,316732,2000,0.0,320780
Chuffed Prop,jobshop,jobshop/jobshop.mzn,jobshop/dzn/ta76_7a_alloc1.dzn:jobshop/generated_bounds/MinDis/ta76_7a_alloc1_MinDis.dzn,SATISFIED,1200.7325662598014,,,MinDis,,,minimize,1.90941,,,39,,18208,1786099,,,2100,6100,8000,,,,,,,0,8085,4100,,,4000,,
Chuffed Prop,jobshop,jobshop/jobshop.mzn,jobshop/dzn/ta73_5a_alloc1.dzn:jobshop/generated_bounds/MinDis/ta73_5a_alloc1_MinDis.dzn,SATISFIED,1200.6074410807341,,,MinDis,,,minimize,1.82173,,,71,,18211,940448,,,2100,6100,8000,,,,,,,0,8088,4100,,,4000,,
Chuffed BBval,jobshop,jobshop/jobshop.mzn,jobshop/dzn/ta52_3a_alloc1.dzn:jobshop/generated_bounds/MinDis/ta52_3a_alloc1_MinDis.dzn,UNKNOWN,1200.6753244660795,0,3047,MinDis,0.14,1199.221,minimize,0.776384,4737003,0.0,0,-1,6864,,0.0,0.94,800,2300,3000,994163,994163,5731832,231138738,754,3807,0,3046,1550,1148621388,180244,1500,0.0,183293
Chuffed BB,jobshop,jobshop/jobshop.mzn,jobshop/dzn/ta35_2a_alloc1.dzn:jobshop/generated_bounds/MinDis/ta35_2a_alloc1_MinDis.dzn,OPTIMAL_SOLUTION,111.32672662474215,2,1829,MinDis,0.084,110.398,minimize,0.482945,394305,110.297,2,0,4126,0,0.0,0.63,480,1380,1800,130693,130693,525915,50063587,461,2291,0,1828,930,587462372,183248,900,0.0,185079
Chuffed BBval,jobshop,jobshop/jobshop.mzn,jobshop/dzn/ta65_4a_alloc1.dzn:jobshop/generated_bounds/MinDis/ta65_4a_alloc1_MinDis.dzn,SATISFIED,1200.7925455030054,33,4046,MinDis,0.178,1199.065,minimize,0.933139,10909286,796.307,33,2437,9118,2437,0.0,0.94,1050,3050,4000,541582,541582,11484916,923648075,1013,5060,0,4045,2050,2111023029,310482,2000,0.0,314530
Chuffed Prop,jobshop,jobshop/jobshop.mzn,jobshop/dzn/ta75_5a_alloc1.dzn:jobshop/generated_bounds/MinDis/ta75_5a_alloc1_MinDis.dzn,SATISFIED,1200.6687014792114,,,MinDis,,,minimize,1.86025,,,169,,18205,53,,,2100,6100,8000,,,,,,,0,8082,4100,,,4000,,
Chuffed BB,jobshop,jobshop/jobshop.mzn,jobshop/dzn/ta70_3a_alloc1.dzn:jobshop/generated_bounds/MinDis/ta70_3a_alloc1_MinDis.dzn,SATISFIED,1200.7675179485232,17,4043,MinDis,0.187,1199.001,minimize,0.997903,2137580,126.643,17,314256,9115,314256,0.0,0.94,1050,3050,4000,732604,732604,2888185,296298491,1015,5054,0,4042,2050,1102800415,404035,2000,0.0,408080
Chuffed BB,jobshop,jobshop/jobshop.mzn,jobshop/dzn/ta57_5a_alloc1.dzn:jobshop/generated_bounds/MinDis/ta57_5a_alloc1_MinDis.dzn,UNKNOWN,1200.65036816895,0,3050,MinDis,0.142,1199.221,minimize,0.777724,4575891,0.0,0,-1,6867,,0.0,0.94,800,2300,3000,1515594,1515594,6092194,243576253,754,3813,0,3049,1550,-1939175096,159981,1500,0.0,163033
Chuffed BB,jobshop,jobshop/jobshop.mzn,jobshop/dzn/ta80_10a_alloc1.dzn:jobshop/generated_bounds/MinDis/ta80_10a_alloc1_MinDis.dzn,SATISFIED,1201.1676984485239,35,8093,MinDis,0.382,1198.105,minimize,1.8952,2437285,1188.02,35,98244,18215,98244,0.0,2.11,2100,6100,8000,115969,115969,2625087,564698214,2017,10104,0,8092,4100,-1909824594,970483,4000,0.0,978578
Chuffed Prop,jobshop,jobshop/jobshop.mzn,jobshop/dzn/ta79_7a_alloc1.dzn:jobshop/generated_bounds/MinDis/ta79_7a_alloc1_MinDis.dzn,SATISFIED,1200.6263019293547,,,MinDis,,,minimize,1.86818,,,65,,18209,13607,,,2100,6100,8000,,,,,,,0,8086,4100,,,4000,,
Chuffed BB,jobshop,jobshop/jobshop.mzn,jobshop/dzn/ta77_7a_alloc1.dzn:jobshop/generated_bounds/MinDis/ta77_7a_alloc1_MinDis.dzn,SATISFIED,1201.1697812341154,45,8095,MinDis,0.386,1198.073,minimize,1.92551,2649654,824.346,45,181121,18217,181121,0.0,2.11,2100,6100,8000,122730,122730,2864478,484320638,2020,10108,0,8094,4100,1639316039,1017895,4000,0.0,1025992
Chuffed BBval,jobshop,jobshop/jobshop.mzn,jobshop/dzn/ta33_3a_alloc1.dzn:jobshop/generated_bounds/MinDis/ta33_3a_alloc1_MinDis.dzn,SATISFIED,1200.8328711707145,2,1832,MinDis,0.086,1199.485,minimize,0.51198,2490629,50.695,2,2144406,4129,2144406,0.0,0.63,480,1380,1800,999744,999744,3491619,400024453,460,2297,0,1831,930,-508601471,183959,900,0.0,185793
Chuffed BB,jobshop,jobshop/jobshop.mzn,jobshop/dzn/ta61_5a_alloc1.dzn:jobshop/generated_bounds/MinDis/ta61_5a_alloc1_MinDis.dzn,SATISFIED,1200.7694391477853,58,4046,MinDis,0.191,1199.0,minimize,0.997918,6340005,554.011,58,1,9118,1,0.0,0.94,1050,3050,4000,289513,289513,6688165,673643678,1015,5060,0,4045,2050,-589596170,368220,2000,0.0,372268
Chuffed BB,jobshop,jobshop/jobshop.mzn,jobshop/dzn/ta77_5a_alloc1.dzn:jobshop/generated_bounds/MinDis/ta77_5a_alloc1_MinDis.dzn,SATISFIED,1201.4342956673354,70,8093,MinDis,0.385,1198.096,minimize,1.90538,2866031,952.287,70,1724515,18215,1724515,0.0,2.11,2100,6100,8000,131454,131454,3139932,535971060,2020,10104,0,8092,4100,-1538844254,1132290,4000,0.0,1140385
Chuffed BB,jobshop,jobshop/jobshop.mzn,jobshop/dzn/ta65_5a_alloc1.dzn:jobshop/generated_bounds/MinDis/ta65_5a_alloc1_MinDis.dzn,SATISFIED,1200.7371624931693,2,4047,MinDis,0.187,1198.984,minimize,1.01414,1807688,732.882,2,282133,9119,282133,0.0,0.94,1050,3050,4000,865106,865106,2675722,297568891,1015,5062,0,4046,2050,1115079133,273558,2000,0.0,277607
Chuffed BBval,jobshop,jobshop/jobshop.mzn,jobshop/dzn/ta40_3a_alloc1.dzn:jobshop/generated_bounds/MinDis/ta40_3a_alloc1_MinDis.dzn,UNKNOWN,1200.428560398519,0,1829,MinDis,0.079,1199.546,minimize,0.452713,2219662,0.0,0,-1,4126,,0.0,0.94,480,1380,1800,1010350,1010350,3230336,453522462,454,2291,0,1828,930,263626045,158403,900,0.0,160234
Chuffed BBval,jobshop,jobshop/jobshop.mzn,jobshop/dzn/ta73_10a_alloc1.dzn:jobshop/generated_bounds/MinDis/ta73_10a_alloc1_MinDis.dzn,SATISFIED,1201.3427256010473,34,8094,MinDis,0.407,1198.14,minimize,1.86437,3209767,510.146,34,905273,18216,905273,0.0,2.11,2100,6100,8000,140106,140106,3419806,814478141,2019,10106,0,8093,4100,-1522740149,781476,4000,0.0,789572
Chuffed Prop,jobshop,jobshop/jobshop.mzn,jobshop/dzn/ta64_3a_alloc1.dzn:jobshop/generated_bounds/MinDis/ta64_3a_alloc1_MinDis.dzn,SATISFIED,1200.510701207444,,,MinDis,,,minimize,1.00789,,,15,,9109,62073,,,1050,3050,4000,,,,,,,0,4036,2050,,,2000,,
Chuffed Prop,jobshop,jobshop/jobshop.mzn,jobshop/dzn/ta43_3a_alloc1.dzn:jobshop/generated_bounds/MinDis/ta43_3a_alloc1_MinDis.dzn,OPTIMAL_SOLUTION,786.2243929263204,14,2426,MinDis,0.108,784.986,minimize,0.631786,2137996,762.902,14,1776,5478,1776,0.0,0.94,630,1830,2400,278356,278356,2422932,394364681,603,3040,0,2425,1230,1771998146,303641,1200,0.0,306069
Chuffed BBval,jobshop,jobshop/jobshop.mzn,jobshop/dzn/ta63_3a_alloc1.dzn:jobshop/generated_bounds/MinDis/ta63_3a_alloc1_MinDis.dzn,SATISFIED,1200.6866207476705,31,4049,MinDis,0.181,1198.984,minimize,1.015949,9721192,920.678,31,310,9121,310,0.0,0.94,1050,3050,4000,504458,504458,10257752,726884887,1014,5066,0,4048,2050,-1447225243,300051,2000,0.0,304102
Chuffed BB,jobshop,jobshop/jobshop.mzn,jobshop/dzn/ta46_2a_alloc1.dzn:jobshop/generated_bounds/MinDis/ta46_2a_alloc1_MinDis.dzn,UNKNOWN,1200.5760283581913,0,2431,MinDis,0.113,1199.386,minimize,0.611826,2340283,0.0,0,-1,5483,,0.0,0.94,630,1830,2400,696400,696400,3037000,488937617,604,3050,0,2430,1230,436564389,230483,1200,0.0,232916
Chuffed BBval,jobshop,jobshop/jobshop.mzn,jobshop/dzn/ta78_7a_alloc1.dzn:jobshop/generated_bounds/MinDis/ta78_7a_alloc1_MinDis.dzn,SATISFIED,1201.1688758525997,17,8088,MinDis,0.376,1198.097,minimize,1.90204,4342777,792.066,17,657127,18210,657127,0.0,2.11,2100,6100,8000,193684,193684,4572097,885013816,2020,10094,0,8087,4100,1239105781,693104,4000,0.0,701194
Chuffed Prop,jobshop,jobshop/jobshop.mzn,jobshop/dzn/ta79_6a_alloc1.dzn:jobshop/generated_bounds/MinDis/ta79_6a_alloc1_MinDis.dzn,SATISFIED,1200.648739989847,,,MinDis,,,minimize,1.86615,,,216,,18208,24740,,,2100,6100,8000,,,,,,,0,8085,4100,,,4000,,
Chuffed Prop,jobshop,jobshop/jobshop.mzn,jobshop/dzn/ta80_8a_alloc1.dzn:jobshop/generated_bounds/MinDis/ta80_8a_alloc1_MinDis.dzn,SATISFIED,1200.67599372752,,,MinDis,,,minimize,1.98278,,,104,,18213,5797,,,2100,6100,8000,,,,,,,0,8090,4100,,,4000,,
Chuffed BBval,jobshop,jobshop/jobshop.mzn,jobshop/dzn/ta59_5a_alloc1.dzn:jobshop/generated_bounds/MinDis/ta59_5a_alloc1_MinDis.dzn,SATISFIED,1200.832423105836,1,3050,MinDis,0.14,1199.236,minimize,0.762416,7809474,0.119,1,1942050,6867,1942050,0.0,0.94,800,2300,3000,1557998,1557998,9368938,236235291,760,3813,0,3049,1550,1533320446,160922,1500,0.0,163974
Chuffed BBval,jobshop,jobshop/jobshop.mzn,jobshop/dzn/ta80_9a_alloc1.dzn:jobshop/generated_bounds/MinDis/ta80_9a_alloc1_MinDis.dzn,SATISFIED,1201.514767587185,38,8092,MinDis,0.401,1198.142,minimize,1.85522,2691784,278.712,38,1312775,18214,1312775,0.0,2.11,2100,6100,8000,125219,125219,2894867,727507567,2016,10102,0,8091,4100,-1410297820,927145,4000,0.0,935239
Chuffed Prop,jobshop,jobshop/jobshop.mzn,jobshop/dzn/ta67_3a_alloc1.dzn:jobshop/generated_bounds/MinDis/ta67_3a_alloc1_MinDis.dzn,OPTIMAL_SOLUTION,10.566354036331177,47,4046,MinDis,0.184,8.837,minimize,1.01443,97505,8.823,47,0,9118,0,0.0,0.94,1050,3050,4000,3762,3762,147757,4921051,1010,5060,0,4045,2050,1772001987,303205,2000,0.0,307253
Chuffed BB,jobshop,jobshop/jobshop.mzn,jobshop/dzn/ta51_4a_alloc1.dzn:jobshop/generated_bounds/MinDis/ta51_4a_alloc1_MinDis.dzn,SATISFIED,1200.6199799310416,12,3051,MinDis,0.136,1199.274,minimize,0.723779,7363780,3.414,12,49522,6868,49522,0.0,0.63,800,2300,3000,1663058,1663058,9036684,212483007,765,3815,0,3050,1550,-1816266216,196156,1500,0.0,199209
Chuffed BBval,jobshop,jobshop/jobshop.mzn,jobshop/dzn/ta35_2a_alloc1.dzn:jobshop/generated_bounds/MinDis/ta35_2a_alloc1_MinDis.dzn,OPTIMAL_SOLUTION,115.06133237294853,2,1829,MinDis,0.082,114.17,minimize,0.478844,394305,114.069,2,0,4126,0,0.0,0.63,480,1380,1800,130693,130693,525913,50063499,460,2291,0,1828,930,1394084349,183249,900,0.0,185080
Chuffed BB,jobshop,jobshop/jobshop.mzn,jobshop/dzn/ta52_5a_alloc1.dzn:jobshop/generated_bounds/MinDis/ta52_5a_alloc1_MinDis.dzn,SATISFIED,1200.627349147573,24,3049,MinDis,0.14,1199.219,minimize,0.778436,5272222,30.028,24,146973,6866,146973,0.0,0.63,800,2300,3000,1130122,1130122,6421301,231178948,763,3811,0,3048,1550,776545936,280842,1500,0.0,283893
Chuffed Prop,jobshop,jobshop/jobshop.mzn,jobshop/dzn/ta70_3a_alloc1.dzn:jobshop/generated_bounds/MinDis/ta70_3a_alloc1_MinDis.dzn,SATISFIED,1200.4878938216716,,,MinDis,,,minimize,0.998606,,,17,,9115,314256,,,1050,3050,4000,,,,,,,0,4042,2050,,,2000,,
Chuffed Prop,jobshop,jobshop/jobshop.mzn,jobshop/dzn/ta41_2a_alloc1.dzn:jobshop/generated_bounds/MinDis/ta41_2a_alloc1_MinDis.dzn,OPTIMAL_SOLUTION,385.57735980674624,7,2431,MinDis,0.111,384.338,minimize,0.647882,1352356,384.274,7,0,5483,0,0.0,0.63,630,1830,2400,152589,152589,1508854,205475386,603,3050,0,2430,1230,1772003280,289393,1200,0.0,291826
Chuffed BBval,jobshop,jobshop/jobshop.mzn,jobshop/dzn/ta52_4a_alloc1.dzn:jobshop/generated_bounds/MinDis/ta52_4a_alloc1_MinDis.dzn,UNKNOWN,1200.5741375386715,0,3048,MinDis,0.142,1199.245,minimize,0.754284,4375548,0.0,0,-1,6865,,0.0,0.94,800,2300,3000,929591,929591,5305800,227322920,754,3809,0,3047,1550,1569817928,179088,1500,0.0,182138
Chuffed BBval,jobshop,jobshop/jobshop.mzn,jobshop/dzn/ta72_8a_alloc1.dzn:jobshop/generated_bounds/MinDis/ta72_8a_alloc1_MinDis.dzn,SATISFIED,1201.2467089835554,17,8089,MinDis,0.378,1198.186,minimize,1.88978,3452680,80.468,17,939888,18211,939888,0.0,2.11,2100,6100,8000,150101,150101,3638343,951517546,2018,10096,0,8088,4100,1616073272,741608,4000,0.0,749699
Chuffed BBval,jobshop,jobshop/jobshop.mzn,jobshop/dzn/ta50_2a_alloc1.dzn:jobshop/generated_bounds/MinDis/ta50_2a_alloc1_MinDis.dzn,SATISFIED,1200.5124930310994,15,2432,MinDis,0.111,1199.354,minimize,0.645148,4648548,726.044,15,1122,5484,1122,0.0,0.63,630,1830,2400,284359,284359,4940673,690571495,604,3052,0,2431,1230,23390718,274720,1200,0.0,277154
Chuffed Prop,jobshop,jobshop/jobshop.mzn,jobshop/dzn/ta45_3a_alloc1.dzn:jobshop/generated_bounds/MinDis/ta45_3a_alloc1_MinDis.dzn,SATISFIED,1200.4156602285802,,,MinDis,,,minimize,0.651803,,,8,,5480,48074,,,630,1830,2400,,,,,,,0,2427,1230,,,1200,,
Chuffed BBval,jobshop,jobshop/jobshop.mzn,jobshop/dzn/ta56_3a_alloc1.dzn:jobshop/generated_bounds/MinDis/ta56_3a_alloc1_MinDis.dzn,SATISFIED,1200.5593067202717,24,3046,MinDis,0.138,1199.229,minimize,0.770662,11173251,44.382,24,1,6863,1,0.0,0.63,800,2300,3000,738021,738021,11930054,973651235,764,3805,0,3045,1550,1378841710,205083,1500,0.0,208131
Chuffed Prop,jobshop,jobshop/jobshop.mzn,jobshop/dzn/ta75_8a_alloc1.dzn:jobshop/generated_bounds/MinDis/ta75_8a_alloc1_MinDis.dzn,SATISFIED,1200.6499442383647,,,MinDis,,,minimize,1.88772,,,121,,18208,745121,,,2100,6100,8000,,,,,,,0,8085,4100,,,4000,,
Chuffed Prop,jobshop,jobshop/jobshop.mzn,jobshop/dzn/ta61_5a_alloc1.dzn:jobshop/generated_bounds/MinDis/ta61_5a_alloc1_MinDis.dzn,SATISFIED,1200.507039586082,,,MinDis,,,minimize,1.03984,,,58,,9118,1,,,1050,3050,4000,,,,,,,0,4045,2050,,,2000,,
Chuffed Prop,jobshop,jobshop/jobshop.mzn,jobshop/dzn/ta59_5a_alloc1.dzn:jobshop/generated_bounds/MinDis/ta59_5a_alloc1_MinDis.dzn,SATISFIED,1200.413285439834,,,MinDis,,,minimize,0.75894,,,1,,6867,1942050,,,800,2300,3000,,,,,,,0,3049,1550,,,1500,,
Chuffed BBval,jobshop,jobshop/jobshop.mzn,jobshop/dzn/ta77_9a_alloc1.dzn:jobshop/generated_bounds/MinDis/ta77_9a_alloc1_MinDis.dzn,SATISFIED,1201.1625783480704,19,8097,MinDis,0.397,1198.105,minimize,1.89592,3553093,802.634,19,415194,18219,415194,0.0,2.11,2100,6100,8000,160309,160309,3753055,900442432,2018,10112,0,8096,4100,1754994186,689725,4000,0.0,697824
Chuffed BBval,jobshop,jobshop/jobshop.mzn,jobshop/dzn/ta52_5a_alloc1.dzn:jobshop/generated_bounds/MinDis/ta52_5a_alloc1_MinDis.dzn,SATISFIED,1200.5420363247395,24,3049,MinDis,0.142,1199.252,minimize,0.748182,8222270,966.368,24,146973,6866,146973,0.0,0.63,800,2300,3000,552403,552403,8793376,865128270,762,3811,0,3048,1550,1680425917,267692,1500,0.0,270743
Chuffed BB,jobshop,jobshop/jobshop.mzn,jobshop/dzn/ta58_3a_alloc1.dzn:jobshop/generated_bounds/MinDis/ta58_3a_alloc1_MinDis.dzn,SATISFIED,1200.6753801442683,14,3053,MinDis,0.143,1199.216,minimize,0.781441,3262397,6.788,14,2741,6870,2741,0.0,0.94,800,2300,3000,1255874,1255874,4529567,267836281,764,3819,0,3052,1550,-1912813718,252338,1500,0.0,255393
Chuffed Prop,jobshop,jobshop/jobshop.mzn,jobshop/dzn/ta70_4a_alloc1.dzn:jobshop/generated_bounds/MinDis/ta70_4a_alloc1_MinDis.dzn,SATISFIED,1200.5249384585768,,,MinDis,,,minimize,1.01279,,,48,,9116,12366,,,1050,3050,4000,,,,,,,0,4043,2050,,,2000,,
Chuffed Prop,jobshop,jobshop/jobshop.mzn,jobshop/dzn/ta31_3a_alloc1.dzn:jobshop/generated_bounds/MinDis/ta31_3a_alloc1_MinDis.dzn,SATISFIED,1200.4001850988716,,,MinDis,,,minimize,0.512715,,,2,,4126,151718,,,480,1380,1800,,,,,,,0,1828,930,,,900,,
Chuffed BBval,jobshop,jobshop/jobshop.mzn,jobshop/dzn/ta47_2a_alloc1.dzn:jobshop/generated_bounds/MinDis/ta47_2a_alloc1_MinDis.dzn,OPTIMAL_SOLUTION,178.35782356001437,11,2430,MinDis,0.111,177.229,minimize,0.636794,1048567,174.011,11,7310,5482,7310,0.0,0.63,630,1830,2400,63976,63976,1116874,114711251,604,3048,0,2429,1230,1333561335,242077,1200,0.0,244509
Chuffed BB,jobshop,jobshop/jobshop.mzn,jobshop/dzn/ta55_5a_alloc1.dzn:jobshop/generated_bounds/MinDis/ta55_5a_alloc1_MinDis.dzn,SATISFIED,1200.5947587676346,1,3049,MinDis,0.145,1199.21,minimize,0.787273,3363516,0.272,1,578022,6866,578022,0.0,0.94,800,2300,3000,1214418,1214418,4579345,309257531,764,3811,0,3048,1550,-1327948668,177125,1500,0.0,180176
Chuffed BBval,jobshop,jobshop/jobshop.mzn,jobshop/dzn/ta62_3a_alloc1.dzn:jobshop/generated_bounds/MinDis/ta62_3a_alloc1_MinDis.dzn,SATISFIED,1200.677556378767,23,4048,MinDis,0.191,1198.997,minimize,1.00177,11564896,510.766,23,104,9120,104,0.0,0.94,1050,3050,4000,539525,539525,12128353,1021682884,1014,5064,0,4047,2050,1819343146,260601,2000,0.0,264651
Chuffed BBval,jobshop,jobshop/jobshop.mzn,jobshop/dzn/ta50_3a_alloc1.dzn:jobshop/generated_bounds/MinDis/ta50_3a_alloc1_MinDis.dzn,SATISFIED,1200.8979534301907,23,2433,MinDis,0.112,1199.346,minimize,0.65146,4285171,916.794,23,24,5485,24,0.0,0.63,630,1830,2400,274857,274857,4571284,657968409,604,3054,0,2432,1230,-1313652764,275945,1200,0.0,278380
Chuffed Prop,jobshop,jobshop/jobshop.mzn,jobshop/dzn/ta78_6a_alloc1.dzn:jobshop/generated_bounds/MinDis/ta78_6a_alloc1_MinDis.dzn,SATISFIED,1200.6328412517905,,,MinDis,,,minimize,1.96842,,,191,,18209,108024,,,2100,6100,8000,,,,,,,0,8086,4100,,,4000,,
Chuffed BB,jobshop,jobshop/jobshop.mzn,jobshop/dzn/ta71_10a_alloc1.dzn:jobshop/generated_bounds/MinDis/ta71_10a_alloc1_MinDis.dzn,SATISFIED,1201.1798050031066,20,8094,MinDis,0.392,1198.12,minimize,1.89289,2233023,457.701,20,514344,18216,514344,0.0,2.11,2100,6100,8000,102176,102176,2376886,734129058,2018,10106,0,8093,4100,-58846148,765211,4000,0.0,773307
Chuffed Prop,jobshop,jobshop/jobshop.mzn,jobshop/dzn/ta55_4a_alloc1.dzn:jobshop/generated_bounds/MinDis/ta55_4a_alloc1_MinDis.dzn,SATISFIED,1200.5133222974837,,,MinDis,,,minimize,0.722796,,,26,,6865,2494,,,800,2300,3000,,,,,,,0,3047,1550,,,1500,,
Chuffed Prop,jobshop,jobshop/jobshop.mzn,jobshop/dzn/ta73_7a_alloc1.dzn:jobshop/generated_bounds/MinDis/ta73_7a_alloc1_MinDis.dzn,SATISFIED,1200.6930492036045,,,MinDis,,,minimize,1.89696,,,277,,18213,118897,,,2100,6100,8000,,,,,,,0,8090,4100,,,4000,,
Chuffed Prop,jobshop,jobshop/jobshop.mzn,jobshop/dzn/ta31_2a_alloc1.dzn:jobshop/generated_bounds/MinDis/ta31_2a_alloc1_MinDis.dzn,SATISFIED,1200.3663346935064,,,MinDis,,,minimize,0.534343,,,1,,4125,414736,,,480,1380,1800,,,,,,,0,1827,930,,,900,,
Chuffed Prop,jobshop,jobshop/jobshop.mzn,jobshop/dzn/ta61_4a_alloc1.dzn:jobshop/generated_bounds/MinDis/ta61_4a_alloc1_MinDis.dzn,SATISFIED,1200.5273286513984,,,MinDis,,,minimize,1.00963,,,93,,9117,92,,,1050,3050,4000,,,,,,,0,4044,2050,,,2000,,
Chuffed BB,jobshop,jobshop/jobshop.mzn,jobshop/dzn/ta64_4a_alloc1.dzn:jobshop/generated_bounds/MinDis/ta64_4a_alloc1_MinDis.dzn,SATISFIED,1200.7421445231885,13,4038,MinDis,0.185,1198.995,minimize,1.00452,1285259,12.544,13,40743,9110,40743,0.0,0.94,1050,3050,4000,509036,509036,1808290,316021339,1017,5044,0,4037,2050,1350795268,340212,2000,0.0,344252
Chuffed BBval,jobshop,jobshop/jobshop.mzn,jobshop/dzn/ta75_5a_alloc1.dzn:jobshop/generated_bounds/MinDis/ta75_5a_alloc1_MinDis.dzn,SATISFIED,1201.1274093315005,14,8083,MinDis,0.384,1198.052,minimize,1.94865,4233820,860.715,14,745353,18205,745353,0.0,2.11,2100,6100,8000,193823,193823,4457187,1002100654,2018,10084,0,8082,4100,1578054806,619995,4000,0.0,628080
Chuffed BBval,jobshop,jobshop/jobshop.mzn,jobshop/dzn/ta64_3a_alloc1.dzn:jobshop/generated_bounds/MinDis/ta64_3a_alloc1_MinDis.dzn,SATISFIED,1200.6990596596152,15,4037,MinDis,0.178,1199.06,minimize,0.938604,3067078,459.192,15,62073,9109,62073,0.0,0.94,1050,3050,4000,731465,731465,3814486,279212360,1015,5042,0,4036,2050,-814124289,355188,2000,0.0,359227
Chuffed BBval,jobshop,jobshop/jobshop.mzn,jobshop/dzn/ta45_3a_alloc1.dzn:jobshop/generated_bounds/MinDis/ta45_3a_alloc1_MinDis.dzn,SATISFIED,1200.5830527693033,8,2428,MinDis,0.114,1199.338,minimize,0.659441,2290998,935.496,8,48074,5480,48074,0.0,0.94,630,1830,2400,512334,512334,2808193,436417895,604,3044,0,2427,1230,1225988922,277974,1200,0.0,280404
Chuffed BBval,jobshop,jobshop/jobshop.mzn,jobshop/dzn/ta63_4a_alloc1.dzn:jobshop/generated_bounds/MinDis/ta63_4a_alloc1_MinDis.dzn,SATISFIED,1200.7899933028966,36,4050,MinDis,0.182,1198.997,minimize,1.003239,2392141,619.575,36,1247323,9122,1247323,0.0,0.94,1050,3050,4000,612879,612879,3042152,350858239,1015,5068,0,4049,2050,-1961762355,396092,2000,0.0,400144
Chuffed BB,jobshop,jobshop/jobshop.mzn,jobshop/dzn/ta47_3a_alloc1.dzn:jobshop/generated_bounds/MinDis/ta47_3a_alloc1_MinDis.dzn,OPTIMAL_SOLUTION,16.231431948021054,7,2431,MinDis,0.109,15.124,minimize,0.58248,120814,11.441,7,104,5483,104,0.0,0.42,630,1830,2400,8287,8287,131873,10504350,604,3050,0,2430,1230,-1872932011,207429,1200,0.0,209862
Chuffed Prop,jobshop,jobshop/jobshop.mzn,jobshop/dzn/ta41_3a_alloc1.dzn:jobshop/generated_bounds/MinDis/ta41_3a_alloc1_MinDis.dzn,OPTIMAL_SOLUTION,318.8507820535451,9,2432,MinDis,0.113,317.603,minimize,0.645765,1211323,67.502,9,2,5484,2,0.0,0.63,630,1830,2400,90277,90277,1306172,195121138,603,3052,0,2431,1230,1772006752,359373,1200,0.0,361807
Chuffed Prop,jobshop,jobshop/jobshop.mzn,jobshop/dzn/ta80_9a_alloc1.dzn:jobshop/generated_bounds/MinDis/ta80_9a_alloc1_MinDis.dzn,SATISFIED,1200.6541645210236,,,MinDis,,,minimize,1.80325,,,257,,18214,5513,,,2100,6100,8000,,,,,,,0,8091,4100,,,4000,,
Chuffed Prop,jobshop,jobshop/jobshop.mzn,jobshop/dzn/ta47_3a_alloc1.dzn:jobshop/generated_bounds/MinDis/ta47_3a_alloc1_MinDis.dzn,OPTIMAL_SOLUTION,9.095738852396607,7,2431,MinDis,0.11,8.026999,minimize,0.621619,82656,7.452,7,104,5483,104,0.0,0.42,630,1830,2400,6649,6649,91999,6644683,603,3050,0,2430,1230,1771998146,201434,1200,0.0,203867
Chuffed BBval,jobshop,jobshop/jobshop.mzn,jobshop/dzn/ta46_2a_alloc1.dzn:jobshop/generated_bounds/MinDis/ta46_2a_alloc1_MinDis.dzn,UNKNOWN,1200.501610957086,0,2431,MinDis,0.112,1199.371,minimize,0.627634,2263487,0.0,0,-1,5483,,0.0,0.94,630,1830,2400,670858,670858,2934666,471320180,604,3050,0,2430,1230,656356853,230561,1200,0.0,232994
Chuffed BB,jobshop,jobshop/jobshop.mzn,jobshop/dzn/ta62_4a_alloc1.dzn:jobshop/generated_bounds/MinDis/ta62_4a_alloc1_MinDis.dzn,SATISFIED,1200.750424200669,8,4049,MinDis,0.19,1198.985,minimize,1.0123,2586825,71.166,8,1208036,9121,1208036,0.0,0.94,1050,3050,4000,834733,834733,3430487,321203606,1014,5066,0,4048,2050,422272647,315737,2000,0.0,319788
Chuffed BBval,jobshop,jobshop/jobshop.mzn,jobshop/dzn/ta79_10a_alloc1.dzn:jobshop/generated_bounds/MinDis/ta79_10a_alloc1_MinDis.dzn,SATISFIED,1201.1276730038226,10,8090,MinDis,0.373,1198.193,minimize,1.81575,4098436,931.405,10,2056339,18212,2056339,0.0,2.11,2100,6100,8000,184335,184335,4304232,1020101655,2020,10098,0,8089,4100,313104013,617800,4000,0.0,625892
Chuffed Prop,jobshop,jobshop/jobshop.mzn,jobshop/dzn/ta36_3a_alloc1.dzn:jobshop/generated_bounds/MinDis/ta36_3a_alloc1_MinDis.dzn,UNKNOWN,1200.3977101165801,,,MinDis,,,minimize,0.51015,,,0,,4130,,,,480,1380,1800,,,,,,,0,1832,930,,,900,,
Chuffed BB,jobshop,jobshop/jobshop.mzn,jobshop/dzn/ta68_4a_alloc1.dzn:jobshop/generated_bounds/MinDis/ta68_4a_alloc1_MinDis.dzn,SATISFIED,1200.8473348617554,24,4045,MinDis,0.185,1199.045,minimize,0.956823,1725846,570.335,24,794485,9117,794485,0.0,0.94,1050,3050,4000,518553,518553,2269486,379512452,1014,5058,0,4044,2050,-1524605571,432970,2000,0.0,437017
Chuffed Prop,jobshop,jobshop/jobshop.mzn,jobshop/dzn/ta72_8a_alloc1.dzn:jobshop/generated_bounds/MinDis/ta72_8a_alloc1_MinDis.dzn,SATISFIED,1200.7230786141008,,,MinDis,,,minimize,1.89507,,,63,,18211,331488,,,2100,6100,8000,,,,,,,0,8088,4100,,,4000,,
Chuffed BB,jobshop,jobshop/jobshop.mzn,jobshop/dzn/ta73_7a_alloc1.dzn:jobshop/generated_bounds/MinDis/ta73_7a_alloc1_MinDis.dzn,SATISFIED,1201.3476351704448,67,8091,MinDis,0.387,1198.12,minimize,1.89294,2391868,970.964,67,722494,18213,722494,0.0,2.11,2100,6100,8000,103374,103374,2631786,535333719,2020,10100,0,8090,4100,-1845745996,1146428,4000,0.0,1154521
Chuffed BB,jobshop,jobshop/jobshop.mzn,jobshop/dzn/ta53_4a_alloc1.dzn:jobshop/generated_bounds/MinDis/ta53_4a_alloc1_MinDis.dzn,SATISFIED,1200.5886270087212,2,3049,MinDis,0.142,1199.226,minimize,0.772879,2641716,5.132,2,1697505,6866,1697505,0.0,0.94,800,2300,3000,1255140,1255140,3899056,300956572,766,3811,0,3048,1550,-1708000029,179234,1500,0.0,182285
Chuffed BBval,jobshop,jobshop/jobshop.mzn,jobshop/dzn/ta65_3a_alloc1.dzn:jobshop/generated_bounds/MinDis/ta65_3a_alloc1_MinDis.dzn,SATISFIED,1200.7006624992937,2,4045,MinDis,0.183,1198.983,minimize,1.01494,1954048,6.515,2,494776,9117,494776,0.0,1.41,1050,3050,4000,787266,787266,2744190,343720852,1013,5058,0,4044,2050,-1764360747,288826,2000,0.0,292873
Chuffed BBval,jobshop,jobshop/jobshop.mzn,jobshop/dzn/ta70_3a_alloc1.dzn:jobshop/generated_bounds/MinDis/ta70_3a_alloc1_MinDis.dzn,SATISFIED,1200.7194590363652,17,4043,MinDis,0.192,1199.015,minimize,0.984526,5711164,380.761,17,314256,9115,314256,0.0,0.94,1050,3050,4000,381005,381005,6110182,672766739,1014,5054,0,4042,2050,905558985,406945,2000,0.0,410990
Chuffed Prop,jobshop,jobshop/jobshop.mzn,jobshop/dzn/ta57_5a_alloc1.dzn:jobshop/generated_bounds/MinDis/ta57_5a_alloc1_MinDis.dzn,UNKNOWN,1200.4430687595159,,,MinDis,,,minimize,0.778938,,,0,,6867,,,,800,2300,3000,,,,,,,0,3049,1550,,,1500,,
Chuffed Prop,jobshop,jobshop/jobshop.mzn,jobshop/dzn/ta63_5a_alloc1.dzn:jobshop/generated_bounds/MinDis/ta63_5a_alloc1_MinDis.dzn,SATISFIED,1200.5111959986389,,,MinDis,,,minimize,1.00237,,,60,,9123,15627,,,1050,3050,4000,,,,,,,0,4050,2050,,,2000,,
Chuffed Prop,jobshop,jobshop/jobshop.mzn,jobshop/dzn/ta43_2a_alloc1.dzn:jobshop/generated_bounds/MinDis/ta43_2a_alloc1_MinDis.dzn,OPTIMAL_SOLUTION,727.1903571151197,5,2425,MinDis,0.109,725.911,minimize,0.656189,2714008,725.851,5,0,5477,0,0.0,0.94,630,1830,2400,213458,213458,2929930,455980330,603,3038,0,2424,1230,1772005363,292217,1200,0.0,294644
Chuffed BB,jobshop,jobshop/jobshop.mzn,jobshop/dzn/ta76_7a_alloc1.dzn:jobshop/generated_bounds/MinDis/ta76_7a_alloc1_MinDis.dzn,SATISFIED,1201.272983605042,39,8086,MinDis,0.378,1198.112,minimize,1.89273,2893535,1035.791999,39,1786099,18208,1786099,0.0,2.11,2100,6100,8000,132413,132413,3106030,543758561,2021,10090,0,8085,4100,-161026177,908119,4000,0.0,916207
Chuffed Prop,jobshop,jobshop/jobshop.mzn,jobshop/dzn/ta67_4a_alloc1.dzn:jobshop/generated_bounds/MinDis/ta67_4a_alloc1_MinDis.dzn,SATISFIED,1200.5174703169614,,,MinDis,,,minimize,1.01647,,,28,,9119,249,,,1050,3050,4000,,,,,,,0,4046,2050,,,2000,,
Chuffed BB,jobshop,jobshop/jobshop.mzn,jobshop/dzn/ta55_3a_alloc1.dzn:jobshop/generated_bounds/MinDis/ta55_3a_alloc1_MinDis.dzn,SATISFIED,1200.6679270714521,1,3047,MinDis,0.138,1199.221,minimize,0.77733,3224700,0.264,1,564521,6864,564521,0.0,0.94,800,2300,3000,1123013,1123013,4349124,302230279,756,3807,0,3046,1550,-1894521397,175805,1500,0.0,178854
Chuffed Prop,jobshop,jobshop/jobshop.mzn,jobshop/dzn/ta72_6a_alloc1.dzn:jobshop/generated_bounds/MinDis/ta72_6a_alloc1_MinDis.dzn,SATISFIED,1200.6404815241694,,,MinDis,,,minimize,1.92673,,,77,,18209,298327,,,2100,6100,8000,,,,,,,0,8086,4100,,,4000,,
Chuffed BBval,jobshop,jobshop/jobshop.mzn,jobshop/dzn/ta80_6a_alloc1.dzn:jobshop/generated_bounds/MinDis/ta80_6a_alloc1_MinDis.dzn,SATISFIED,1201.1403870526701,21,8089,MinDis,0.389,1198.103,minimize,1.90478,3407921,123.118,21,1364186,18211,1364186,0.0,2.11,2100,6100,8000,160101,160101,3611639,903673383,2016,10096,0,8088,4100,103830814,743461,4000,0.0,751552
Chuffed Prop,jobshop,jobshop/jobshop.mzn,jobshop/dzn/ta73_8a_alloc1.dzn:jobshop/generated_bounds/MinDis/ta73_8a_alloc1_MinDis.dzn,SATISFIED,1200.6427962649614,,,MinDis,,,minimize,1.88669,,,186,,18214,653438,,,2100,6100,8000,,,,,,,0,8091,4100,,,4000,,
Chuffed Prop,jobshop,jobshop/jobshop.mzn,jobshop/dzn/ta66_5a_alloc1.dzn:jobshop/generated_bounds/MinDis/ta66_5a_alloc1_MinDis.dzn,SATISFIED,1200.5069764647633,,,MinDis,,,minimize,1.00299,,,35,,9119,77512,,,1050,3050,4000,,,,,,,0,4046,2050,,,2000,,
Chuffed BBval,jobshop,jobshop/jobshop.mzn,jobshop/dzn/ta34_3a_alloc1.dzn:jobshop/generated_bounds/MinDis/ta34_3a_alloc1_MinDis.dzn,SATISFIED,1200.5291946604848,9,1833,MinDis,0.084,1199.518,minimize,0.48247,2132875,1108.162,9,69932,4130,69932,0.0,0.94,480,1380,1800,886645,886645,3023930,415756970,461,2299,0,1832,930,1071179110,226364,900,0.0,228199
Chuffed BB,jobshop,jobshop/jobshop.mzn,jobshop/dzn/ta41_2a_alloc1.dzn:jobshop/generated_bounds/MinDis/ta41_2a_alloc1_MinDis.dzn,OPTIMAL_SOLUTION,528.687016857788,7,2431,MinDis,0.112,527.49,minimize,0.615427,1500450,527.417,7,0,5483,0,0.0,0.63,630,1830,2400,164724,164724,1669088,248316888,604,3050,0,2430,1230,-884881030,289282,1200,0.0,291715
Chuffed BB,jobshop,jobshop/jobshop.mzn,jobshop/dzn/ta58_4a_alloc1.dzn:jobshop/generated_bounds/MinDis/ta58_4a_alloc1_MinDis.dzn,SATISFIED,1200.7405036184937,30,3054,MinDis,0.144,1199.218,minimize,0.78063,2725641,123.726,30,18,6871,18,0.0,0.94,800,2300,3000,830343,830343,3580382,359781397,763,3821,0,3053,1550,-468124242,288154,1500,0.0,291210
Chuffed BB,jobshop,jobshop/jobshop.mzn,jobshop/dzn/ta71_6a_alloc1.dzn:jobshop/generated_bounds/MinDis/ta71_6a_alloc1_MinDis.dzn,SATISFIED,1201.187933133915,37,8090,MinDis,0.381,1198.105,minimize,1.89562,2880334,771.588,37,2438215,18212,2438215,0.0,2.11,2100,6100,8000,131805,131805,3088099,577110785,2018,10098,0,8089,4100,1927072640,931495,4000,0.0,939587
Chuffed Prop,jobshop,jobshop/jobshop.mzn,jobshop/dzn/ta40_2a_alloc1.dzn:jobshop/generated_bounds/MinDis/ta40_2a_alloc1_MinDis.dzn,UNKNOWN,1200.4066478777677,,,MinDis,,,minimize,0.512497,,,0,,4125,,,,480,1380,1800,,,,,,,0,1827,930,,,900,,
Chuffed BB,jobshop,jobshop/jobshop.mzn,jobshop/dzn/ta76_5a_alloc1.dzn:jobshop/generated_bounds/MinDis/ta76_5a_alloc1_MinDis.dzn,SATISFIED,1201.3196314163506,134,8084,MinDis,0.391,1198.102,minimize,1.90118,2933382,984.41,134,44532,18206,44532,0.0,2.11,2100,6100,8000,113273,113273,3319055,380837862,2021,10086,0,8083,4100,624212604,1354646,4000,0.0,1362732
Chuffed BB,jobshop,jobshop/jobshop.mzn,jobshop/dzn/ta73_9a_alloc1.dzn:jobshop/generated_bounds/MinDis/ta73_9a_alloc1_MinDis.dzn,SATISFIED,1201.193298412487,43,8093,MinDis,0.378,1198.133,minimize,1.86732,2769639,192.91,43,1151093,18215,1151093,0.0,2.11,2100,6100,8000,125872,125872,2983644,406964902,2020,10104,0,8092,4100,-117026003,973511,4000,0.0,981606
Chuffed BB,jobshop,jobshop/jobshop.mzn,jobshop/dzn/ta72_8a_alloc1.dzn:jobshop/generated_bounds/MinDis/ta72_8a_alloc1_MinDis.dzn,SATISFIED,1201.2327447384596,24,8089,MinDis,0.377,1198.12,minimize,1.89082,2403419,443.581,24,905910,18211,905910,0.0,2.11,2100,6100,8000,106544,106544,2559670,757059070,2019,10096,0,8088,4100,1281941405,861198,4000,0.0,869289
Chuffed BB,jobshop,jobshop/jobshop.mzn,jobshop/dzn/ta73_8a_alloc1.dzn:jobshop/generated_bounds/MinDis/ta73_8a_alloc1_MinDis.dzn,SATISFIED,1201.2488097213209,80,8092,MinDis,0.38,1198.103,minimize,1.89653,2609010,880.25,80,1207139,18214,1207139,0.0,2.11,2100,6100,8000,117081,117081,2888889,372478300,2020,10102,0,8091,4100,-21782748,1179864,4000,0.0,1187958
Chuffed BBval,jobshop,jobshop/jobshop.mzn,jobshop/dzn/ta39_2a_alloc1.dzn:jobshop/generated_bounds/MinDis/ta39_2a_alloc1_MinDis.dzn,SATISFIED,1200.574695739895,2,1828,MinDis,0.08,1199.512,minimize,0.48792,1657124,108.547,2,1042441,4125,1042441,0.0,0.63,480,1380,1800,840277,840277,2498632,435324125,457,2289,0,1827,930,774753932,185660,900,0.0,187490
Chuffed BB,jobshop,jobshop/jobshop.mzn,jobshop/dzn/ta74_9a_alloc1.dzn:jobshop/generated_bounds/MinDis/ta74_9a_alloc1_MinDis.dzn,SATISFIED,1201.2157173324376,28,8088,MinDis,0.399,1198.17,minimize,1.82778,2492886,544.053,28,351961,18210,351961,0.0,2.11,2100,6100,8000,114198,114198,2664855,692249381,2020,10094,0,8087,4100,-666230453,958943,4000,0.0,967033
Chuffed Prop,jobshop,jobshop/jobshop.mzn,jobshop/dzn/ta49_3a_alloc1.dzn:jobshop/generated_bounds/MinDis/ta49_3a_alloc1_MinDis.dzn,SATISFIED,1200.4308650307357,,,MinDis,,,minimize,0.652128,,,12,,5482,440,,,630,1830,2400,,,,,,,0,2429,1230,,,1200,,
Chuffed BBval,jobshop,jobshop/jobshop.mzn,jobshop/dzn/ta44_3a_alloc1.dzn:jobshop/generated_bounds/MinDis/ta44_3a_alloc1_MinDis.dzn,SATISFIED,1200.5241289120167,3,2431,MinDis,0.107,1199.402,minimize,0.598333,1996971,1075.871,3,128222,5483,128222,0.0,0.94,630,1830,2400,732262,732262,2731459,472220338,611,3050,0,2430,1230,916374647,247114,1200,0.0,249547
Chuffed BB,jobshop,jobshop/jobshop.mzn,jobshop/dzn/ta78_5a_alloc1.dzn:jobshop/generated_bounds/MinDis/ta78_5a_alloc1_MinDis.dzn,SATISFIED,1201.2694319169968,87,8086,MinDis,0.376,1198.151,minimize,1.85849,2774253,921.232,87,6,18208,6,0.0,2.11,2100,6100,8000,122025,122025,3073051,485042194,2021,10090,0,8085,4100,98055179,1285478,4000,0.0,1293566
Chuffed BBval,jobshop,jobshop/jobshop.mzn,jobshop/dzn/ta62_4a_alloc1.dzn:jobshop/generated_bounds/MinDis/ta62_4a_alloc1_MinDis.dzn,SATISFIED,1200.7031909152865,8,4049,MinDis,0.183,1199.037,minimize,0.961171,4467074,377.661,8,1208036,9121,1208036,0.0,0.94,1050,3050,4000,803945,803945,5279936,483031003,1012,5066,0,4048,2050,1646146759,330633,2000,0.0,334684
Chuffed Prop,jobshop,jobshop/jobshop.mzn,jobshop/dzn/ta54_4a_alloc1.dzn:jobshop/generated_bounds/MinDis/ta54_4a_alloc1_MinDis.dzn,SATISFIED,1200.464183267206,,,MinDis,,,minimize,0.765972,,,8,,6868,463641,,,800,2300,3000,,,,,,,0,3050,1550,,,1500,,
Chuffed BB,jobshop,jobshop/jobshop.mzn,jobshop/dzn/ta78_7a_alloc1.dzn:jobshop/generated_bounds/MinDis/ta78_7a_alloc1_MinDis.dzn,SATISFIED,1201.2544521708041,47,8088,MinDis,0.392,1198.105,minimize,1.89715,2919760,966.816,47,221708,18210,221708,0.0,2.11,2100,6100,8000,134393,134393,3150386,429311486,2021,10094,0,8087,4100,-598434745,1038084,4000,0.0,1046174
Chuffed Prop,jobshop,jobshop/jobshop.mzn,jobshop/dzn/ta75_6a_alloc1.dzn:jobshop/generated_bounds/MinDis/ta75_6a_alloc1_MinDis.dzn,OPTIMAL_SOLUTION,737.6133849918842,225,8084,MinDis,0.381,733.793,minimize,1.89559,1912106,733.676,225,0,18206,0,0.0,3.16,2100,6100,8000,70581,70581,2424592,314434971,2020,10086,0,8083,4100,1772006270,2016084,4000,0.0,2024170
Chuffed Prop,jobshop,jobshop/jobshop.mzn,jobshop/dzn/ta42_2a_alloc1.dzn:jobshop/generated_bounds/MinDis/ta42_2a_alloc1_MinDis.dzn,OPTIMAL_SOLUTION,672.5991404019296,12,2431,MinDis,0.112,671.294,minimize,0.6485,1755303,671.183,12,0,5483,0,0.0,0.94,630,1830,2400,348552,348552,2110639,350084691,603,3050,0,2430,1230,1772000554,265382,1200,0.0,267815
Chuffed BBval,jobshop,jobshop/jobshop.mzn,jobshop/dzn/ta63_5a_alloc1.dzn:jobshop/generated_bounds/MinDis/ta63_5a_alloc1_MinDis.dzn,SATISFIED,1200.607639055699,48,4051,MinDis,0.179,1199.041,minimize,0.958076,12347260,1028.146999,48,115121,9123,115121,0.0,0.63,1050,3050,4000,571766,571766,12968259,910573828,1014,5070,0,4050,2050,-1180307532,273803,2000,0.0,277856
Chuffed BBval,jobshop,jobshop/jobshop.mzn,jobshop/dzn/ta78_5a_alloc1.dzn:jobshop/generated_bounds/MinDis/ta78_5a_alloc1_MinDis.dzn,SATISFIED,1201.0815586932003,28,8086,MinDis,0.388,1198.103,minimize,1.89412,3650642,674.578,28,271775,18208,271775,0.0,2.11,2100,6100,8000,158173,158173,3866682,750097164,2020,10090,0,8085,4100,-1972684879,821601,4000,0.0,829689
Chuffed Prop,jobshop,jobshop/jobshop.mzn,jobshop/dzn/ta77_7a_alloc1.dzn:jobshop/generated_bounds/MinDis/ta77_7a_alloc1_MinDis.dzn,SATISFIED,1200.5777090024203,,,MinDis,,,minimize,1.89801,,,84,,18217,88975,,,2100,6100,8000,,,,,,,0,8094,4100,,,4000,,
Chuffed BBval,jobshop,jobshop/jobshop.mzn,jobshop/dzn/ta72_7a_alloc1.dzn:jobshop/generated_bounds/MinDis/ta72_7a_alloc1_MinDis.dzn,SATISFIED,1201.1373290065676,42,8088,MinDis,0.384,1198.159,minimize,1.84675,2766193,814.58,42,615735,18210,615735,0.0,2.11,2100,6100,8000,121382,121382,2973597,742357383,2018,10094,0,8087,4100,-1457743093,996485,4000,0.0,1004575
Chuffed BBval,jobshop,jobshop/jobshop.mzn,jobshop/dzn/ta66_5a_alloc1.dzn:jobshop/generated_bounds/MinDis/ta66_5a_alloc1_MinDis.dzn,SATISFIED,1200.7641729507595,35,4047,MinDis,0.186,1199.014,minimize,0.987353,3636635,305.78,35,77512,9119,77512,0.0,0.94,1050,3050,4000,662740,662740,4335522,363285051,1013,5062,0,4046,2050,1933260791,398322,2000,0.0,402371
Chuffed BB,jobshop,jobshop/jobshop.mzn,jobshop/dzn/ta43_3a_alloc1.dzn:jobshop/generated_bounds/MinDis/ta43_3a_alloc1_MinDis.dzn,OPTIMAL_SOLUTION,943.9111623037606,14,2426,MinDis,0.107,942.787,minimize,0.585851,2390473,869.889,14,1776,5478,1776,0.0,0.94,630,1830,2400,269190,269190,2666266,445607490,604,3040,0,2425,1230,1869458918,292513,1200,0.0,294941
Chuffed BB,jobshop,jobshop/jobshop.mzn,jobshop/dzn/ta78_9a_alloc1.dzn:jobshop/generated_bounds/MinDis/ta78_9a_alloc1_MinDis.dzn,SATISFIED,1201.2204180378467,59,8090,MinDis,0.381,1198.069,minimize,1.93158,2008431,863.233,59,864856,18212,864856,0.0,2.11,2100,6100,8000,86864,86864,2215799,652999229,2022,10098,0,8089,4100,-1521250888,1154162,4000,0.0,1162254
Chuffed BBval,jobshop,jobshop/jobshop.mzn,jobshop/dzn/ta58_3a_alloc1.dzn:jobshop/generated_bounds/MinDis/ta58_3a_alloc1_MinDis.dzn,SATISFIED,1200.5114045329392,14,3053,MinDis,0.141,1199.238,minimize,0.760909,13143208,656.436,14,2741,6870,2741,0.0,0.63,800,2300,3000,891614,891614,14045984,1035667196,763,3819,0,3052,1550,570421974,179855,1500,0.0,182910
Chuffed Prop,jobshop,jobshop/jobshop.mzn,jobshop/dzn/ta70_5a_alloc1.dzn:jobshop/generated_bounds/MinDis/ta70_5a_alloc1_MinDis.dzn,SATISFIED,1200.457642223686,,,MinDis,,,minimize,0.960962,,,15,,9117,261238,,,1050,3050,4000,,,,,,,0,4044,2050,,,2000,,
Chuffed Prop,jobshop,jobshop/jobshop.mzn,jobshop/dzn/ta49_2a_alloc1.dzn:jobshop/generated_bounds/MinDis/ta49_2a_alloc1_MinDis.dzn,OPTIMAL_SOLUTION,200.98378549702466,6,2429,MinDis,0.112,199.746,minimize,0.654882,505981,199.626,6,0,5481,0,0.0,0.94,630,1830,2400,142048,142048,651509,100359905,610,3046,0,2428,1230,1772008545,241057,1200,0.0,243488
Chuffed BBval,jobshop,jobshop/jobshop.mzn,jobshop/dzn/ta75_6a_alloc1.dzn:jobshop/generated_bounds/MinDis/ta75_6a_alloc1_MinDis.dzn,SATISFIED,1201.1059838514775,28,8084,MinDis,0.388,1198.08,minimize,1.91954,3291506,608.709,28,818295,18206,818295,0.0,2.11,2100,6100,8000,151848,151848,3501138,770600963,2018,10086,0,8083,4100,-366167103,840075,4000,0.0,848161
Chuffed BB,jobshop,jobshop/jobshop.mzn,jobshop/dzn/ta59_3a_alloc1.dzn:jobshop/generated_bounds/MinDis/ta59_3a_alloc1_MinDis.dzn,SATISFIED,1200.5307417344302,3,3048,MinDis,0.137,1199.228,minimize,0.770499,4626075,0.741,3,552105,6865,552105,0.0,0.94,800,2300,3000,1524578,1524578,6153621,243969966,762,3809,0,3047,1550,1123138358,158822,1500,0.0,161872
Chuffed BB,jobshop,jobshop/jobshop.mzn,jobshop/dzn/ta73_5a_alloc1.dzn:jobshop/generated_bounds/MinDis/ta73_5a_alloc1_MinDis.dzn,SATISFIED,1201.128742331639,46,8089,MinDis,0.39,1198.191,minimize,1.80923,3123038,951.459,46,974898,18211,974898,0.0,2.11,2100,6100,8000,143171,143171,3360380,588573457,2020,10096,0,8088,4100,-1019875311,948714,4000,0.0,956805
Chuffed BBval,jobshop,jobshop/jobshop.mzn,jobshop/dzn/ta71_10a_alloc1.dzn:jobshop/generated_bounds/MinDis/ta71_10a_alloc1_MinDis.dzn,SATISFIED,1201.1712531410158,17,8094,MinDis,0.39,1198.107,minimize,1.89376,3864140,1014.776,17,526749,18216,526749,0.0,2.11,2100,6100,8000,182108,182108,4081867,959982008,2017,10106,0,8093,4100,-171520263,673998,4000,0.0,682094
Chuffed Prop,jobshop,jobshop/jobshop.mzn,jobshop/dzn/ta65_5a_alloc1.dzn:jobshop/generated_bounds/MinDis/ta65_5a_alloc1_MinDis.dzn,SATISFIED,1200.499782577157,,,MinDis,,,minimize,1.01216,,,2,,9119,282133,,,1050,3050,4000,,,,,,,0,4046,2050,,,2000,,
Chuffed BB,jobshop,jobshop/jobshop.mzn,jobshop/dzn/ta60_3a_alloc1.dzn:jobshop/generated_bounds/MinDis/ta60_3a_alloc1_MinDis.dzn,SATISFIED,1200.6114997789264,9,3051,MinDis,0.139,1199.225,minimize,0.775619,5515108,379.212,9,499570,6868,499570,0.0,0.94,800,2300,3000,1156754,1156754,6679400,287268740,765,3815,0,3050,1550,252647325,231810,1500,0.0,234863
Chuffed Prop,jobshop,jobshop/jobshop.mzn,jobshop/dzn/ta69_5a_alloc1.dzn:jobshop/generated_bounds/MinDis/ta69_5a_alloc1_MinDis.dzn,SATISFIED,1200.5099081099033,,,MinDis,,,minimize,1.00031,,,31,,9122,36897,,,1050,3050,4000,,,,,,,0,4049,2050,,,2000,,
Chuffed BB,jobshop,jobshop/jobshop.mzn,jobshop/dzn/ta31_3a_alloc1.dzn:jobshop/generated_bounds/MinDis/ta31_3a_alloc1_MinDis.dzn,SATISFIED,1200.5417966265231,2,1829,MinDis,0.083,1199.507,minimize,0.492134,2461278,694.835,2,151718,4126,151718,0.0,0.63,480,1380,1800,1000823,1000823,3463331,409295287,460,2291,0,1828,930,420452809,186045,900,0.0,187876
Chuffed Prop,jobshop,jobshop/jobshop.mzn,jobshop/dzn/ta34_2a_alloc1.dzn:jobshop/generated_bounds/MinDis/ta34_2a_alloc1_MinDis.dzn,SATISFIED,1200.3922009970993,,,MinDis,,,minimize,0.512835,,,4,,4129,870,,,480,1380,1800,,,,,,,0,1831,930,,,900,,
Chuffed BB,jobshop,jobshop/jobshop.mzn,jobshop/dzn/ta48_3a_alloc1.dzn:jobshop/generated_bounds/MinDis/ta48_3a_alloc1_MinDis.dzn,SATISFIED,1200.5463026612997,12,2431,MinDis,0.111,1199.383,minimize,0.616118,3505021,461.997,12,214,5483,214,0.0,0.63,630,1830,2400,293176,293176,3804889,543313770,604,3050,0,2430,1230,-1404714896,324633,1200,0.0,327066
Chuffed BBval,jobshop,jobshop/jobshop.mzn,jobshop/dzn/ta74_10a_alloc1.dzn:jobshop/generated_bounds/MinDis/ta74_10a_alloc1_MinDis.dzn,SATISFIED,1201.4943289235234,11,8089,MinDis,0.405,1198.143,minimize,1.86045,4073909,1169.436,11,442146,18211,442146,0.0,2.11,2100,6100,8000,182651,182651,4280020,1082673154,2019,10096,0,8088,4100,-1915711406,679236,4000,0.0,687327
Chuffed Prop,jobshop,jobshop/jobshop.mzn,jobshop/dzn/ta34_3a_alloc1.dzn:jobshop/generated_bounds/MinDis/ta34_3a_alloc1_MinDis.dzn,SATISFIED,1200.3675593435764,,,MinDis,,,minimize,0.505009,,,9,,4130,69932,,,480,1380,1800,,,,,,,0,1832,930,,,900,,
Chuffed BB,jobshop,jobshop/jobshop.mzn,jobshop/dzn/ta59_5a_alloc1.dzn:jobshop/generated_bounds/MinDis/ta59_5a_alloc1_MinDis.dzn,SATISFIED,1200.5254093129188,1,3050,MinDis,0.134,1199.255,minimize,0.741539,7936850,0.256,1,1942050,6867,1942050,0.0,0.94,800,2300,3000,1586843,1586843,9525134,240089595,761,3813,0,3049,1550,-8881230,161328,1500,0.0,164380
Chuffed BBval,jobshop,jobshop/jobshop.mzn,jobshop/dzn/ta78_8a_alloc1.dzn:jobshop/generated_bounds/MinDis/ta78_8a_alloc1_MinDis.dzn,SATISFIED,1201.4451677054167,50,8089,MinDis,0.403,1198.149,minimize,1.85142,3130471,707.835,50,1600912,18211,1600912,0.0,2.11,2100,6100,8000,135815,135815,3368554,663212566,2020,10096,0,8088,4100,-713103063,1048846,4000,0.0,1056937
Chuffed BB,jobshop,jobshop/jobshop.mzn,jobshop/dzn/ta54_4a_alloc1.dzn:jobshop/generated_bounds/MinDis/ta54_4a_alloc1_MinDis.dzn,SATISFIED,1200.617429152131,8,3051,MinDis,0.14,1199.227,minimize,0.772273,2649898,69.43,8,463641,6868,463641,0.0,0.94,800,2300,3000,674919,674919,3331894,236525947,763,3815,0,3050,1550,-1091966678,281999,1500,0.0,285052
Chuffed BBval,jobshop,jobshop/jobshop.mzn,jobshop/dzn/ta69_3a_alloc1.dzn:jobshop/generated_bounds/MinDis/ta69_3a_alloc1_MinDis.dzn,SATISFIED,1200.877906108275,31,4048,MinDis,0.19,1199.011,minimize,0.988089,6711033,713.888,31,6,9120,6,0.0,0.94,1050,3050,4000,355640,355640,7098607,775670972,1016,5064,0,4047,2050,-1019905317,396958,2000,0.0,401008
Chuffed BBval,jobshop,jobshop/jobshop.mzn,jobshop/dzn/ta74_5a_alloc1.dzn:jobshop/generated_bounds/MinDis/ta74_5a_alloc1_MinDis.dzn,SATISFIED,1201.4210735242814,17,8084,MinDis,0.405,1198.139,minimize,1.85757,3620007,337.897,17,914827,18206,914827,0.0,2.11,2100,6100,8000,161915,161915,3817493,966663523,2019,10086,0,8083,4100,1411269155,732366,4000,0.0,740452
Chuffed Prop,jobshop,jobshop/jobshop.mzn,jobshop/dzn/ta54_3a_alloc1.dzn:jobshop/generated_bounds/MinDis/ta54_3a_alloc1_MinDis.dzn,SATISFIED,1200.34490153566,,,MinDis,,,minimize,0.734705,,,27,,6867,1,,,800,2300,3000,,,,,,,0,3049,1550,,,1500,,
Chuffed BBval,jobshop,jobshop/jobshop.mzn,jobshop/dzn/ta42_3a_alloc1.dzn:jobshop/generated_bounds/MinDis/ta42_3a_alloc1_MinDis.dzn,SATISFIED,1200.5684912521392,5,2432,MinDis,0.111,1199.342,minimize,0.655556,2881706,1139.972,5,150840,5484,150840,0.0,0.94,630,1830,2400,432720,432720,3317369,555465535,604,3052,0,2431,1230,-1461998855,265192,1200,0.0,267626
Chuffed BBval,jobshop,jobshop/jobshop.mzn,jobshop/dzn/ta41_2a_alloc1.dzn:jobshop/generated_bounds/MinDis/ta41_2a_alloc1_MinDis.dzn,OPTIMAL_SOLUTION,1016.5907458551228,7,2431,MinDis,0.109,1015.443,minimize,0.644433,3196855,1015.384,7,0,5483,0,0.0,0.63,630,1830,2400,253934,253934,3454698,509620675,604,3050,0,2430,1230,1038863111,292279,1200,0.0,294712
Chuffed BB,jobshop,jobshop/jobshop.mzn,jobshop/dzn/ta74_7a_alloc1.dzn:jobshop/generated_bounds/MinDis/ta74_7a_alloc1_MinDis.dzn,SATISFIED,1201.2900106739253,55,8086,MinDis,0.389,1198.103,minimize,1.90942,2251330,687.543,55,383041,18208,383041,0.0,2.11,2100,6100,8000,99399,99399,2462997,531673342,2021,10090,0,8085,4100,-1575243422,1197344,4000,0.0,1205432
Chuffed BBval,jobshop,jobshop/jobshop.mzn,jobshop/dzn/ta57_3a_alloc1.dzn:jobshop/generated_bounds/MinDis/ta57_3a_alloc1_MinDis.dzn,SATISFIED,1200.516058795154,1,3048,MinDis,0.139,1199.258,minimize,0.741187,6379976,0.133,1,1949968,6865,1949968,0.0,0.94,800,2300,3000,1411045,1411045,7792497,242541120,765,3809,0,3047,1550,-1747472939,163824,1500,0.0,166874
Chuffed BBval,jobshop,jobshop/jobshop.mzn,jobshop/dzn/ta54_4a_alloc1.dzn:jobshop/generated_bounds/MinDis/ta54_4a_alloc1_MinDis.dzn,SATISFIED,1200.600056277588,3,3051,MinDis,0.137,1199.24,minimize,0.759104,2202129,55.346,3,1135885,6868,1135885,0.0,0.94,800,2300,3000,703593,703593,2908658,286498275,762,3815,0,3050,1550,1219062590,255703,1500,0.0,258756
Chuffed BB,jobshop,jobshop/jobshop.mzn,jobshop/dzn/ta80_5a_alloc1.dzn:jobshop/generated_bounds/MinDis/ta80_5a_alloc1_MinDis.dzn,SATISFIED,1201.208553975448,46,8088,MinDis,0.377,1198.12,minimize,1.88954,2360769,554.771,46,690949,18210,690949,0.0,2.11,2100,6100,8000,111858,111858,2566678,627528712,2017,10094,0,8087,4100,776990203,1042443,4000,0.0,1050533
Chuffed BB,jobshop,jobshop/jobshop.mzn,jobshop/dzn/ta68_3a_alloc1.dzn:jobshop/generated_bounds/MinDis/ta68_3a_alloc1_MinDis.dzn,SATISFIED,1200.7518004365265,20,4044,MinDis,0.188,1198.982,minimize,1.01628,1741396,25.892,20,34022,9116,34022,0.0,1.41,1050,3050,4000,634101,634101,2396537,316380401,1014,5056,0,4043,2050,-791670693,348420,2000,0.0,352466
Chuffed Prop,jobshop,jobshop/jobshop.mzn,jobshop/dzn/ta50_3a_alloc1.dzn:jobshop/generated_bounds/MinDis/ta50_3a_alloc1_MinDis.dzn,OPTIMAL_SOLUTION,160.26076346077025,23,2433,MinDis,0.11,159.115,minimize,0.621372,674479,145.236,23,24,5485,24,0.0,0.63,630,1830,2400,73413,73413,758545,99952367,603,3054,0,2432,1230,1771998146,268440,1200,0.0,270875
Chuffed Prop,jobshop,jobshop/jobshop.mzn,jobshop/dzn/ta71_8a_alloc1.dzn:jobshop/generated_bounds/MinDis/ta71_8a_alloc1_MinDis.dzn,SATISFIED,1200.5990164708346,,,MinDis,,,minimize,1.90934,,,100,,18214,130366,,,2100,6100,8000,,,,,,,0,8091,4100,,,4000,,
Chuffed BB,jobshop,jobshop/jobshop.mzn,jobshop/dzn/ta69_4a_alloc1.dzn:jobshop/generated_bounds/MinDis/ta69_4a_alloc1_MinDis.dzn,SATISFIED,1200.8309552259743,74,4049,MinDis,0.189,1198.99,minimize,1.008459,2878508,487.062,74,1117,9121,1117,0.0,1.41,1050,3050,4000,768732,768732,3722922,293227351,1017,5066,0,4048,2050,564246202,563399,2000,0.0,567450
Chuffed Prop,jobshop,jobshop/jobshop.mzn,jobshop/dzn/ta71_10a_alloc1.dzn:jobshop/generated_bounds/MinDis/ta71_10a_alloc1_MinDis.dzn,SATISFIED,1200.6605817619711,,,MinDis,,,minimize,1.91217,,,93,,18216,67816,,,2100,6100,8000,,,,,,,0,8093,4100,,,4000,,
Chuffed BBval,jobshop,jobshop/jobshop.mzn,jobshop/dzn/ta38_3a_alloc1.dzn:jobshop/generated_bounds/MinDis/ta38_3a_alloc1_MinDis.dzn,SATISFIED,1200.4967352375388,6,1832,MinDis,0.083,1199.504,minimize,0.494915,2042356,686.634,6,223142,4129,223142,0.0,0.63,480,1380,1800,996007,996007,3041265,479069406,454,2297,0,1831,930,-1185393462,171234,900,0.0,173068
Chuffed BBval,jobshop,jobshop/jobshop.mzn,jobshop/dzn/ta72_10a_alloc1.dzn:jobshop/generated_bounds/MinDis/ta72_10a_alloc1_MinDis.dzn,SATISFIED,1201.1895646117628,27,8091,MinDis,0.388,1198.217,minimize,1.79505,3370909,748.513,27,1310059,18213,1310059,0.0,2.11,2100,6100,8000,146675,146675,3573330,938315135,2018,10100,0,8090,4100,-988105970,850968,4000,0.0,859061
Chuffed BBval,jobshop,jobshop/jobshop.mzn,jobshop/dzn/ta80_8a_alloc1.dzn:jobshop/generated_bounds/MinDis/ta80_8a_alloc1_MinDis.dzn,SATISFIED,1201.1748579926789,18,8091,MinDis,0.384,1197.991,minimize,2.00963,3735267,960.068,18,135990,18213,135990,0.0,2.11,2100,6100,8000,174860,174860,3947701,989480947,2016,10100,0,8090,4100,1867614061,719886,4000,0.0,727979
Chuffed BB,jobshop,jobshop/jobshop.mzn,jobshop/dzn/ta56_5a_alloc1.dzn:jobshop/generated_bounds/MinDis/ta56_5a_alloc1_MinDis.dzn,SATISFIED,1200.6034745015204,21,3048,MinDis,0.14,1199.165,minimize,0.832325,4116590,4.843,21,1511,6865,1511,0.0,0.94,800,2300,3000,1506169,1506169,5639459,276157959,765,3809,0,3047,1550,1730703335,247795,1500,0.0,250845
Chuffed BB,jobshop,jobshop/jobshop.mzn,jobshop/dzn/ta54_5a_alloc1.dzn:jobshop/generated_bounds/MinDis/ta54_5a_alloc1_MinDis.dzn,SATISFIED,1200.5956485159695,106,3052,MinDis,0.14,1199.217,minimize,0.781271,4940308,988.167,106,253,6869,253,0.0,0.63,800,2300,3000,326420,326420,5347468,429593784,763,3817,0,3051,1550,-1421381399,357699,1500,0.0,360753
Chuffed Prop,jobshop,jobshop/jobshop.mzn,jobshop/dzn/ta75_9a_alloc1.dzn:jobshop/generated_bounds/MinDis/ta75_9a_alloc1_MinDis.dzn,SATISFIED,1200.675858616829,,,MinDis,,,minimize,2.065859,,,100,,18209,531529,,,2100,6100,8000,,,,,,,0,8086,4100,,,4000,,
Chuffed Prop,jobshop,jobshop/jobshop.mzn,jobshop/dzn/ta54_5a_alloc1.dzn:jobshop/generated_bounds/MinDis/ta54_5a_alloc1_MinDis.dzn,OPTIMAL_SOLUTION,55.25856989622116,120,3052,MinDis,0.137,53.79,minimize,0.775445,393716,53.772,120,0,6869,0,0.0,0.63,800,2300,3000,18811,18811,500196,34778947,762,3817,0,3051,1550,1772001464,378277,1500,0.0,381331
Chuffed Prop,jobshop,jobshop/jobshop.mzn,jobshop/dzn/ta76_6a_alloc1.dzn:jobshop/generated_bounds/MinDis/ta76_6a_alloc1_MinDis.dzn,OPTIMAL_SOLUTION,605.9747931584716,223,8085,MinDis,0.384,602.231,minimize,1.87476,1591503,602.125,223,0,18207,0,0.0,2.11,2100,6100,8000,63333,63333,2094008,246836267,2020,10088,0,8084,4100,1772003745,1902415,4000,0.0,1910502
Chuffed BBval,jobshop,jobshop/jobshop.mzn,jobshop/dzn/ta76_8a_alloc1.dzn:jobshop/generated_bounds/MinDis/ta76_8a_alloc1_MinDis.dzn,SATISFIED,1201.1354443915188,24,8087,MinDis,0.391,1198.131,minimize,1.87725,3844033,203.054,24,250379,18209,250379,0.0,2.11,2100,6100,8000,173376,173376,4067237,896236587,2020,10092,0,8086,4100,1138188722,709390,4000,0.0,717479
Chuffed BB,jobshop,jobshop/jobshop.mzn,jobshop/dzn/ta72_6a_alloc1.dzn:jobshop/generated_bounds/MinDis/ta72_6a_alloc1_MinDis.dzn,SATISFIED,1201.2199578993022,36,8087,MinDis,0.375,1198.106,minimize,1.89579,2746146,1029.483999,36,624499,18209,624499,0.0,2.11,2100,6100,8000,122416,122416,2942477,599974903,2020,10092,0,8086,4100,340255169,997162,4000,0.0,1005251
Chuffed BB,jobshop,jobshop/jobshop.mzn,jobshop/dzn/ta43_2a_alloc1.dzn:jobshop/generated_bounds/MinDis/ta43_2a_alloc1_MinDis.dzn,OPTIMAL_SOLUTION,973.2597457058728,5,2425,MinDis,0.108,972.084,minimize,0.619113,2681249,972.018,5,0,5477,0,0.0,0.63,630,1830,2400,211457,211457,2895214,499159905,604,3038,0,2424,1230,-1034194551,291548,1200,0.0,293975
Chuffed Prop,jobshop,jobshop/jobshop.mzn,jobshop/dzn/ta76_9a_alloc1.dzn:jobshop/generated_bounds/MinDis/ta76_9a_alloc1_MinDis.dzn,SATISFIED,1200.5656023658812,,,MinDis,,,minimize,1.86279,,,61,,18210,1131261,,,2100,6100,8000,,,,,,,0,8087,4100,,,4000,,
Chuffed Prop,jobshop,jobshop/jobshop.mzn,jobshop/dzn/ta46_2a_alloc1.dzn:jobshop/generated_bounds/MinDis/ta46_2a_alloc1_MinDis.dzn,UNKNOWN,1200.4307495243847,,,MinDis,,,minimize,0.651285,,,0,,5483,,,,630,1830,2400,,,,,,,0,2430,1230,,,1200,,
Chuffed BB,jobshop,jobshop/jobshop.mzn,jobshop/dzn/ta78_6a_alloc1.dzn:jobshop/generated_bounds/MinDis/ta78_6a_alloc1_MinDis.dzn,SATISFIED,1201.2981190066785,57,8087,MinDis,0.386,1198.028,minimize,1.97128,2899545,841.965,57,811365,18209,811365,0.0,2.11,2100,6100,8000,131697,131697,3147671,506463052,2022,10092,0,8086,4100,255634527,1136194,4000,0.0,1144283
Chuffed BBval,jobshop,jobshop/jobshop.mzn,jobshop/dzn/ta76_5a_alloc1.dzn:jobshop/generated_bounds/MinDis/ta76_5a_alloc1_MinDis.dzn,SATISFIED,1201.1786270216107,48,8084,MinDis,0.382,1198.124,minimize,1.88556,3079258,1191.282,48,164886,18206,164886,0.0,2.11,2100,6100,8000,135529,135529,3313064,732869109,2020,10086,0,8083,4100,1597966509,915669,4000,0.0,923755
Chuffed Prop,jobshop,jobshop/jobshop.mzn,jobshop/dzn/ta53_4a_alloc1.dzn:jobshop/generated_bounds/MinDis/ta53_4a_alloc1_MinDis.dzn,SATISFIED,1200.447474282235,,,MinDis,,,minimize,0.811616,,,2,,6866,1697505,,,800,2300,3000,,,,,,,0,3048,1550,,,1500,,
Chuffed BBval,jobshop,jobshop/jobshop.mzn,jobshop/dzn/ta47_3a_alloc1.dzn:jobshop/generated_bounds/MinDis/ta47_3a_alloc1_MinDis.dzn,OPTIMAL_SOLUTION,106.97509589977562,7,2431,MinDis,0.111,105.611,minimize,0.652679,852387,48.419,7,104,5483,104,0.0,0.42,630,1830,2400,42376,42376,897528,79995182,604,3050,0,2430,1230,1684225473,232304,1200,0.0,234737
Chuffed BBval,jobshop,jobshop/jobshop.mzn,jobshop/dzn/ta72_6a_alloc1.dzn:jobshop/generated_bounds/MinDis/ta72_6a_alloc1_MinDis.dzn,SATISFIED,1201.1535906810313,22,8087,MinDis,0.38,1198.128,minimize,1.87624,3120426,72.605,22,709063,18209,709063,0.0,2.11,2100,6100,8000,135935,135935,3302016,879358788,2018,10092,0,8086,4100,-161742043,804305,4000,0.0,812394
Chuffed BB,jobshop,jobshop/jobshop.mzn,jobshop/dzn/ta75_5a_alloc1.dzn:jobshop/generated_bounds/MinDis/ta75_5a_alloc1_MinDis.dzn,SATISFIED,1201.2843148633838,51,8083,MinDis,0.377,1198.105,minimize,1.89329,3057010,1141.198,51,36980,18205,36980,0.0,2.11,2100,6100,8000,141534,141534,3302707,575198129,2019,10084,0,8082,4100,-1301595519,1102191,4000,0.0,1110276
Chuffed BBval,jobshop,jobshop/jobshop.mzn,jobshop/dzn/ta71_7a_alloc1.dzn:jobshop/generated_bounds/MinDis/ta71_7a_alloc1_MinDis.dzn,SATISFIED,1201.264467785135,10,8091,MinDis,0.407,1198.142,minimize,1.85921,4651977,164.599,10,1536035,18213,1536035,0.0,2.11,2100,6100,8000,216763,216763,4890236,1121559164,2017,10100,0,8090,4100,1674658306,527889,4000,0.0,535982
Chuffed BB,jobshop,jobshop/jobshop.mzn,jobshop/dzn/ta77_8a_alloc1.dzn:jobshop/generated_bounds/MinDis/ta77_8a_alloc1_MinDis.dzn,SATISFIED,1201.188098249957,39,8096,MinDis,0.386,1198.059,minimize,1.94371,2544069,1132.267,39,315388,18218,315388,0.0,2.11,2100,6100,8000,115881,115881,2739956,638498153,2019,10110,0,8095,4100,1104333276,957308,4000,0.0,965406
Chuffed Prop,jobshop,jobshop/jobshop.mzn,jobshop/dzn/ta38_3a_alloc1.dzn:jobshop/generated_bounds/MinDis/ta38_3a_alloc1_MinDis.dzn,SATISFIED,1200.4417788926512,,,MinDis,,,minimize,0.511826,,,6,,4129,223142,,,480,1380,1800,,,,,,,0,1831,930,,,900,,
Chuffed Prop,jobshop,jobshop/jobshop.mzn,jobshop/dzn/ta35_2a_alloc1.dzn:jobshop/generated_bounds/MinDis/ta35_2a_alloc1_MinDis.dzn,OPTIMAL_SOLUTION,110.84430775046349,2,1829,MinDis,0.083,109.822,minimize,0.51979,394305,109.722,2,0,4126,0,0.0,0.63,480,1380,1800,130693,130693,525913,50063327,460,2291,0,1828,930,1772001859,183249,900,0.0,185080
Chuffed BB,jobshop,jobshop/jobshop.mzn,jobshop/dzn/ta34_2a_alloc1.dzn:jobshop/generated_bounds/MinDis/ta34_2a_alloc1_MinDis.dzn,SATISFIED,1200.5161041468382,4,1832,MinDis,0.087,1199.507,minimize,0.491075,1587546,153.298,4,870,4129,870,0.0,0.94,480,1380,1800,901808,901808,2491463,454358512,462,2297,0,1831,930,-2048500265,193227,900,0.0,195061
Chuffed Prop,jobshop,jobshop/jobshop.mzn,jobshop/dzn/ta76_5a_alloc1.dzn:jobshop/generated_bounds/MinDis/ta76_5a_alloc1_MinDis.dzn,OPTIMAL_SOLUTION,1019.8870339132845,263,8084,MinDis,0.39,1016.161,minimize,1.8726,2324096,1016.048,263,0,18206,0,0.0,2.11,2100,6100,8000,94669,94669,2943364,303167967,2020,10086,0,8083,4100,1772010168,1791050,4000,0.0,1799136
Chuffed BB,jobshop,jobshop/jobshop.mzn,jobshop/dzn/ta73_6a_alloc1.dzn:jobshop/generated_bounds/MinDis/ta73_6a_alloc1_MinDis.dzn,SATISFIED,1201.3807921539992,84,8090,MinDis,0.382,1198.117,minimize,1.89837,2940936,962.922,84,1858,18212,1858,0.0,2.11,2100,6100,8000,138005,138005,3249748,422288928,2020,10098,0,8089,4100,1003889998,1268836,4000,0.0,1276928
Chuffed BBval,jobshop,jobshop/jobshop.mzn,jobshop/dzn/ta34_2a_alloc1.dzn:jobshop/generated_bounds/MinDis/ta34_2a_alloc1_MinDis.dzn,SATISFIED,1200.4715001694858,4,1832,MinDis,0.083,1199.515,minimize,0.484311,1501310,164.015,4,870,4129,870,0.0,0.94,480,1380,1800,852163,852163,2355591,414519784,461,2297,0,1831,930,1056181728,194084,900,0.0,195918
Chuffed BBval,jobshop,jobshop/jobshop.mzn,jobshop/dzn/ta76_6a_alloc1.dzn:jobshop/generated_bounds/MinDis/ta76_6a_alloc1_MinDis.dzn,SATISFIED,1201.1589959394187,16,8085,MinDis,0.391,1198.114,minimize,1.88416,4203390,185.468,16,258626,18207,258626,0.0,2.11,2100,6100,8000,188720,188720,4425775,982394138,2020,10088,0,8084,4100,-1886761855,628282,4000,0.0,636369
Chuffed Prop,jobshop,jobshop/jobshop.mzn,jobshop/dzn/ta78_5a_alloc1.dzn:jobshop/generated_bounds/MinDis/ta78_5a_alloc1_MinDis.dzn,OPTIMAL_SOLUTION,137.91033151187003,93,8086,MinDis,0.383,134.421,minimize,1.90487,468531,134.354,93,0,18208,0,0.0,2.11,2100,6100,8000,12424,12424,666135,70579494,2020,10090,0,8085,4100,1772004314,1336420,4000,0.0,1344508
Chuffed BBval,jobshop,jobshop/jobshop.mzn,jobshop/dzn/ta70_4a_alloc1.dzn:jobshop/generated_bounds/MinDis/ta70_4a_alloc1_MinDis.dzn,SATISFIED,1200.6866386961192,33,4044,MinDis,0.186,1198.983,minimize,1.01671,7964530,138.173,33,37985,9116,37985,0.0,0.94,1050,3050,4000,409394,409394,8407885,798149038,1014,5056,0,4043,2050,1150430383,349595,2000,0.0,353641
Chuffed BB,jobshop,jobshop/jobshop.mzn,jobshop/dzn/ta63_4a_alloc1.dzn:jobshop/generated_bounds/MinDis/ta63_4a_alloc1_MinDis.dzn,SATISFIED,1200.772431211546,36,4050,MinDis,0.183,1198.993,minimize,1.004359,1839116,525.787,36,1247323,9122,1247323,0.0,0.94,1050,3050,4000,668514,668514,2544775,317680071,1016,5068,0,4049,2050,-997971043,390883,2000,0.0,394935
Chuffed BBval,jobshop,jobshop/jobshop.mzn,jobshop/dzn/ta51_5a_alloc1.dzn:jobshop/generated_bounds/MinDis/ta51_5a_alloc1_MinDis.dzn,SATISFIED,1200.5203760452569,32,3052,MinDis,0.139,1199.24,minimize,0.759301,14538562,485.444,32,1254,6869,1254,0.0,0.42,800,2300,3000,880361,880361,15443791,980023931,764,3817,0,3051,1550,-961371970,195526,1500,0.0,198580
Chuffed Prop,jobshop,jobshop/jobshop.mzn,jobshop/dzn/ta74_7a_alloc1.dzn:jobshop/generated_bounds/MinDis/ta74_7a_alloc1_MinDis.dzn,SATISFIED,1200.6541192904115,,,MinDis,,,minimize,1.89316,,,80,,18208,343881,,,2100,6100,8000,,,,,,,0,8085,4100,,,4000,,
Chuffed BBval,jobshop,jobshop/jobshop.mzn,jobshop/dzn/ta31_2a_alloc1.dzn:jobshop/generated_bounds/MinDis/ta31_2a_alloc1_MinDis.dzn,SATISFIED,1200.4949356429279,1,1828,MinDis,0.083,1199.505,minimize,0.494829,2173850,161.948,1,414736,4125,414736,0.0,0.63,480,1380,1800,871512,871512,3046104,448613738,454,2289,0,1827,930,-597654301,187222,900,0.0,189052
Chuffed Prop,jobshop,jobshop/jobshop.mzn,jobshop/dzn/ta74_5a_alloc1.dzn:jobshop/generated_bounds/MinDis/ta74_5a_alloc1_MinDis.dzn,OPTIMAL_SOLUTION,324.003782402724,191,8084,MinDis,0.409,320.122,minimize,1.85916,817792,320.019,191,0,18206,0,0.0,3.16,2100,6100,8000,29523,29523,1226866,159869259,2019,10086,0,8083,4100,1771998148,2079034,4000,0.0,2087120
Chuffed Prop,jobshop,jobshop/jobshop.mzn,jobshop/dzn/ta33_2a_alloc1.dzn:jobshop/generated_bounds/MinDis/ta33_2a_alloc1_MinDis.dzn,OPTIMAL_SOLUTION,5.7324983682483435,4,1831,MinDis,0.084,4.794,minimize,0.515511,48964,4.784,4,0,4128,0,0.0,0.42,480,1380,1800,7612,7612,58387,3991422,460,2295,0,1830,930,1772006394,150045,900,0.0,151878
Chuffed BBval,jobshop,jobshop/jobshop.mzn,jobshop/dzn/ta59_3a_alloc1.dzn:jobshop/generated_bounds/MinDis/ta59_3a_alloc1_MinDis.dzn,SATISFIED,1200.5224208682775,3,3048,MinDis,0.14,1199.249,minimize,0.749962,4317603,0.63,3,552105,6865,552105,0.0,0.94,800,2300,3000,1541321,1541321,5861884,248237351,761,3809,0,3047,1550,-719500229,158896,1500,0.0,161946
Chuffed BBval,jobshop,jobshop/jobshop.mzn,jobshop/dzn/ta61_5a_alloc1.dzn:jobshop/generated_bounds/MinDis/ta61_5a_alloc1_MinDis.dzn,SATISFIED,1200.7194801028818,52,4046,MinDis,0.195,1198.996,minimize,1.00559,10998291,1101.241,52,12275,9118,12275,0.0,0.94,1050,3050,4000,499011,499011,11550502,842427342,1014,5060,0,4045,2050,1932454029,343889,2000,0.0,347937
Chuffed BB,jobshop,jobshop/jobshop.mzn,jobshop/dzn/ta78_10a_alloc1.dzn:jobshop/generated_bounds/MinDis/ta78_10a_alloc1_MinDis.dzn,SATISFIED,1201.2512073889375,40,8091,MinDis,0.386,1198.12,minimize,1.88208,2062750,1082.02,40,451419,18213,451419,0.0,2.11,2100,6100,8000,87441,87441,2232331,689314626,2021,10100,0,8090,4100,129208869,1006985,4000,0.0,1015078
Chuffed Prop,jobshop,jobshop/jobshop.mzn,jobshop/dzn/ta66_4a_alloc1.dzn:jobshop/generated_bounds/MinDis/ta66_4a_alloc1_MinDis.dzn,SATISFIED,1200.5669215582311,,,MinDis,,,minimize,0.983282,,,11,,9118,183529,,,1050,3050,4000,,,,,,,0,4045,2050,,,2000,,
Chuffed Prop,jobshop,jobshop/jobshop.mzn,jobshop/dzn/ta60_4a_alloc1.dzn:jobshop/generated_bounds/MinDis/ta60_4a_alloc1_MinDis.dzn,SATISFIED,1200.42433141917,,,MinDis,,,minimize,0.771266,,,60,,6869,2581,,,800,2300,3000,,,,,,,0,3051,1550,,,1500,,
Chuffed BBval,jobshop,jobshop/jobshop.mzn,jobshop/dzn/ta77_8a_alloc1.dzn:jobshop/generated_bounds/MinDis/ta77_8a_alloc1_MinDis.dzn,SATISFIED,1201.0910859890282,31,8096,MinDis,0.387,1198.14,minimize,1.86543,3570683,710.447,31,348643,18218,348643,0.0,2.11,2100,6100,8000,162914,162914,3797432,913024971,2018,10110,0,8095,4100,-1030703757,831490,4000,0.0,839588
Chuffed Prop,jobshop,jobshop/jobshop.mzn,jobshop/dzn/ta67_5a_alloc1.dzn:jobshop/generated_bounds/MinDis/ta67_5a_alloc1_MinDis.dzn,SATISFIED,1200.4898631609976,,,MinDis,,,minimize,1.00644,,,3,,9120,723871,,,1050,3050,4000,,,,,,,0,4047,2050,,,2000,,
Chuffed Prop,jobshop,jobshop/jobshop.mzn,jobshop/dzn/ta66_3a_alloc1.dzn:jobshop/generated_bounds/MinDis/ta66_3a_alloc1_MinDis.dzn,OPTIMAL_SOLUTION,778.4887341558933,24,4045,MinDis,0.191,776.597,minimize,1.001779,1549254,776.494,24,0,9117,0,0.0,0.94,1050,3050,4000,552208,552208,2125647,195043298,1014,5058,0,4044,2050,1772004289,358674,2000,0.0,362721
Chuffed BB,jobshop,jobshop/jobshop.mzn,jobshop/dzn/ta76_8a_alloc1.dzn:jobshop/generated_bounds/MinDis/ta76_8a_alloc1_MinDis.dzn,SATISFIED,1201.2097622919828,66,8087,MinDis,0.376,1198.122,minimize,1.88526,3146764,763.103,66,45041,18209,45041,0.0,2.11,2100,6100,8000,141191,141191,3422650,374961842,2021,10092,0,8086,4100,1212511872,1061519,4000,0.0,1069608
Chuffed Prop,jobshop,jobshop/jobshop.mzn,jobshop/dzn/ta76_10a_alloc1.dzn:jobshop/generated_bounds/MinDis/ta76_10a_alloc1_MinDis.dzn,SATISFIED,1200.6559203974903,,,MinDis,,,minimize,1.90536,,,48,,18211,278672,,,2100,6100,8000,,,,,,,0,8088,4100,,,4000,,
Chuffed BB,jobshop,jobshop/jobshop.mzn,jobshop/dzn/ta52_4a_alloc1.dzn:jobshop/generated_bounds/MinDis/ta52_4a_alloc1_MinDis.dzn,UNKNOWN,1200.5972815882415,0,3048,MinDis,0.139,1199.223,minimize,0.777726,4369678,0.0,0,-1,6865,,0.0,0.94,800,2300,3000,928376,928376,5298714,227090836,754,3809,0,3047,1550,-483083075,179097,1500,0.0,182147
Chuffed BBval,jobshop,jobshop/jobshop.mzn,jobshop/dzn/ta41_3a_alloc1.dzn:jobshop/generated_bounds/MinDis/ta41_3a_alloc1_MinDis.dzn,SATISFIED,1200.553607750684,9,2432,MinDis,0.114,1199.344,minimize,0.654882,5494199,654.352,9,2,5484,2,0.0,0.63,630,1830,2400,319287,319287,5818664,608835996,604,3052,0,2431,1230,742698000,294803,1200,0.0,297237
Chuffed BB,jobshop,jobshop/jobshop.mzn,jobshop/dzn/ta79_5a_alloc1.dzn:jobshop/generated_bounds/MinDis/ta79_5a_alloc1_MinDis.dzn,SATISFIED,1201.2451192047447,54,8085,MinDis,0.375,1198.113,minimize,1.88856,2475563,1169.3,54,27458,18207,27458,0.0,2.11,2100,6100,8000,112211,112211,2698084,675688963,2021,10088,0,8084,4100,233528725,1151049,4000,0.0,1159136
Chuffed Prop,jobshop,jobshop/jobshop.mzn,jobshop/dzn/ta57_4a_alloc1.dzn:jobshop/generated_bounds/MinDis/ta57_4a_alloc1_MinDis.dzn,SATISFIED,1200.3424460850656,,,MinDis,,,minimize,0.775523,,,4,,6866,1320818,,,800,2300,3000,,,,,,,0,3048,1550,,,1500,,
Chuffed BBval,jobshop,jobshop/jobshop.mzn,jobshop/dzn/ta74_8a_alloc1.dzn:jobshop/generated_bounds/MinDis/ta74_8a_alloc1_MinDis.dzn,SATISFIED,1201.1722067203373,17,8087,MinDis,0.379,1198.157,minimize,1.8505,3493007,730.669,17,885083,18209,885083,0.0,2.11,2100,6100,8000,154820,154820,3683399,936328108,2019,10092,0,8086,4100,-748129918,751511,4000,0.0,759600
Chuffed BBval,jobshop,jobshop/jobshop.mzn,jobshop/dzn/ta78_10a_alloc1.dzn:jobshop/generated_bounds/MinDis/ta78_10a_alloc1_MinDis.dzn,SATISFIED,1201.1807088553905,16,8091,MinDis,0.38,1198.095,minimize,1.90569,4374124,531.409,16,485272,18213,485272,0.0,2.11,2100,6100,8000,194362,194362,4602100,876674269,2020,10100,0,8090,4100,1054225320,710188,4000,0.0,718281
Chuffed BB,jobshop,jobshop/jobshop.mzn,jobshop/dzn/ta54_3a_alloc1.dzn:jobshop/generated_bounds/MinDis/ta54_3a_alloc1_MinDis.dzn,SATISFIED,1200.6817547045648,27,3050,MinDis,0.135,1199.255,minimize,0.742043,2846156,529.269,27,1,6867,1,0.0,0.94,800,2300,3000,741521,741521,3608852,296405098,764,3813,0,3049,1550,1672679813,387561,1500,0.0,390613
Chuffed BBval,jobshop,jobshop/jobshop.mzn,jobshop/dzn/ta61_4a_alloc1.dzn:jobshop/generated_bounds/MinDis/ta61_4a_alloc1_MinDis.dzn,SATISFIED,1200.6658270284534,43,4045,MinDis,0.191,1199.003,minimize,0.99603,8521939,588.25,43,211760,9117,211760,0.0,0.94,1050,3050,4000,419064,419064,8985090,729808594,1014,5058,0,4044,2050,-1417949321,377104,2000,0.0,381151
Chuffed Prop,jobshop,jobshop/jobshop.mzn,jobshop/dzn/ta65_3a_alloc1.dzn:jobshop/generated_bounds/MinDis/ta65_3a_alloc1_MinDis.dzn,SATISFIED,1200.5075215082616,,,MinDis,,,minimize,1.06901,,,2,,9117,494776,,,1050,3050,4000,,,,,,,0,4044,2050,,,2000,,
Chuffed Prop,jobshop,jobshop/jobshop.mzn,jobshop/dzn/ta62_5a_alloc1.dzn:jobshop/generated_bounds/MinDis/ta62_5a_alloc1_MinDis.dzn,SATISFIED,1200.5004077479243,,,MinDis,,,minimize,1.00824,,,3,,9122,5209937,,,1050,3050,4000,,,,,,,0,4049,2050,,,2000,,
Chuffed BB,jobshop,jobshop/jobshop.mzn,jobshop/dzn/ta40_2a_alloc1.dzn:jobshop/generated_bounds/MinDis/ta40_2a_alloc1_MinDis.dzn,UNKNOWN,1200.5575908795,0,1828,MinDis,0.084,1199.506,minimize,0.494735,2354852,0.0,0,-1,4125,,0.0,0.63,480,1380,1800,1032508,1032508,3387676,444902329,454,2289,0,1827,930,278750745,183939,900,0.0,185769
Chuffed BB,jobshop,jobshop/jobshop.mzn,jobshop/dzn/ta49_3a_alloc1.dzn:jobshop/generated_bounds/MinDis/ta49_3a_alloc1_MinDis.dzn,SATISFIED,1200.5801557078958,3,2430,MinDis,0.11,1199.391,minimize,0.6091,2219964,85.774,3,90339,5482,90339,0.0,0.94,630,1830,2400,697989,697989,2920108,502283157,604,3048,0,2429,1230,-1168225352,213520,1200,0.0,215952
Chuffed BBval,jobshop,jobshop/jobshop.mzn,jobshop/dzn/ta37_2a_alloc1.dzn:jobshop/generated_bounds/MinDis/ta37_2a_alloc1_MinDis.dzn,SATISFIED,1200.4754001963884,3,1832,MinDis,0.087,1199.516,minimize,0.4828,3031248,253.353,3,59536,4129,59536,0.0,0.63,480,1380,1800,1081012,1081012,4113992,412471941,461,2297,0,1831,930,1908172048,163577,900,0.0,165411
Chuffed BB,jobshop,jobshop/jobshop.mzn,jobshop/dzn/ta64_5a_alloc1.dzn:jobshop/generated_bounds/MinDis/ta64_5a_alloc1_MinDis.dzn,SATISFIED,1200.704984895885,36,4039,MinDis,0.181,1199.032,minimize,0.967962,2338473,110.237,36,22377,9111,22377,0.0,0.94,1050,3050,4000,607231,607231,2982979,316534880,1017,5046,0,4038,2050,-723586827,400615,2000,0.0,404656
Chuffed BBval,jobshop,jobshop/jobshop.mzn,jobshop/dzn/ta71_8a_alloc1.dzn:jobshop/generated_bounds/MinDis/ta71_8a_alloc1_MinDis.dzn,SATISFIED,1201.1473799422383,23,8092,MinDis,0.397,1198.118,minimize,1.88761,3560180,1158.733,23,301877,18214,301877,0.0,2.11,2100,6100,8000,166356,166356,3774257,884060077,2017,10102,0,8091,4100,1800658578,708471,4000,0.0,716565
Chuffed BB,jobshop,jobshop/jobshop.mzn,jobshop/dzn/ta70_4a_alloc1.dzn:jobshop/generated_bounds/MinDis/ta70_4a_alloc1_MinDis.dzn,SATISFIED,1200.8097058404237,37,4044,MinDis,0.19,1198.984,minimize,1.01471,2214049,124.141,37,26823,9116,26823,0.0,1.41,1050,3050,4000,396130,396130,2648343,299856332,1016,5056,0,4043,2050,1934494918,465035,2000,0.0,469081
Chuffed BB,jobshop,jobshop/jobshop.mzn,jobshop/dzn/ta79_10a_alloc1.dzn:jobshop/generated_bounds/MinDis/ta79_10a_alloc1_MinDis.dzn,SATISFIED,1201.1257968526334,11,8090,MinDis,0.385,1198.115,minimize,1.88606,2646435,1089.751,11,2055914,18212,2055914,0.0,2.11,2100,6100,8000,119292,119292,2789240,800611758,2021,10098,0,8089,4100,856971619,670564,4000,0.0,678656
Chuffed Prop,jobshop,jobshop/jobshop.mzn,jobshop/dzn/ta56_5a_alloc1.dzn:jobshop/generated_bounds/MinDis/ta56_5a_alloc1_MinDis.dzn,SATISFIED,1200.464057765901,,,MinDis,,,minimize,0.836659,,,21,,6865,1511,,,800,2300,3000,,,,,,,0,3047,1550,,,1500,,
Chuffed Prop,jobshop,jobshop/jobshop.mzn,jobshop/dzn/ta63_4a_alloc1.dzn:jobshop/generated_bounds/MinDis/ta63_4a_alloc1_MinDis.dzn,SATISFIED,1200.4980754163116,,,MinDis,,,minimize,1.00888,,,36,,9122,1247323,,,1050,3050,4000,,,,,,,0,4049,2050,,,2000,,
Chuffed BB,jobshop,jobshop/jobshop.mzn,jobshop/dzn/ta60_5a_alloc1.dzn:jobshop/generated_bounds/MinDis/ta60_5a_alloc1_MinDis.dzn,SATISFIED,1200.7112850099802,26,3053,MinDis,0.137,1199.269,minimize,0.730206,5608927,928.074,26,415374,6870,415374,0.0,0.94,800,2300,3000,1152855,1152855,6782215,251874174,766,3819,0,3052,1550,1772950147,283696,1500,0.0,286751
Chuffed Prop,jobshop,jobshop/jobshop.mzn,jobshop/dzn/ta77_8a_alloc1.dzn:jobshop/generated_bounds/MinDis/ta77_8a_alloc1_MinDis.dzn,SATISFIED,1200.663971208036,,,MinDis,,,minimize,1.97635,,,173,,18218,1187,,,2100,6100,8000,,,,,,,0,8095,4100,,,4000,,
Chuffed BBval,jobshop,jobshop/jobshop.mzn,jobshop/dzn/ta64_4a_alloc1.dzn:jobshop/generated_bounds/MinDis/ta64_4a_alloc1_MinDis.dzn,SATISFIED,1200.8256681133062,13,4038,MinDis,0.185,1198.988,minimize,1.010659,1897151,50.427,13,40743,9110,40743,0.0,0.94,1050,3050,4000,545184,545184,2456304,361886606,1016,5044,0,4037,2050,-1406014781,341100,2000,0.0,345140
Chuffed Prop,jobshop,jobshop/jobshop.mzn,jobshop/dzn/ta44_2a_alloc1.dzn:jobshop/generated_bounds/MinDis/ta44_2a_alloc1_MinDis.dzn,SATISFIED,1200.476301541552,,,MinDis,,,minimize,0.656438,,,7,,5482,2304,,,630,1830,2400,,,,,,,0,2429,1230,,,1200,,
Chuffed BBval,jobshop,jobshop/jobshop.mzn,jobshop/dzn/ta45_2a_alloc1.dzn:jobshop/generated_bounds/MinDis/ta45_2a_alloc1_MinDis.dzn,OPTIMAL_SOLUTION,90.00181230157614,10,2427,MinDis,0.107,88.936,minimize,0.609801,346843,88.875,10,0,5479,0,0.0,0.94,630,1830,2400,53659,53659,406333,48563244,611,3042,0,2426,1230,605086023,248879,1200,0.0,251308
Chuffed Prop,jobshop,jobshop/jobshop.mzn,jobshop/dzn/ta63_3a_alloc1.dzn:jobshop/generated_bounds/MinDis/ta63_3a_alloc1_MinDis.dzn,OPTIMAL_SOLUTION,62.17758286744356,34,4049,MinDis,0.184,60.409,minimize,1.03443,397024,60.4,34,0,9121,0,0.0,0.94,1050,3050,4000,71441,71441,502494,23016570,1014,5066,0,4048,2050,1772002954,291276,2000,0.0,295327
Chuffed BB,jobshop,jobshop/jobshop.mzn,jobshop/dzn/ta36_2a_alloc1.dzn:jobshop/generated_bounds/MinDis/ta36_2a_alloc1_MinDis.dzn,SATISFIED,1200.5971257649362,3,1832,MinDis,0.084,1199.505,minimize,0.491145,2143687,1104.385,3,10100,4129,10100,0.0,0.63,480,1380,1800,942594,942594,3087988,379399077,461,2297,0,1831,930,1359335611,194354,900,0.0,196188
Chuffed Prop,jobshop,jobshop/jobshop.mzn,jobshop/dzn/ta76_8a_alloc1.dzn:jobshop/generated_bounds/MinDis/ta76_8a_alloc1_MinDis.dzn,SATISFIED,1200.6134445313364,,,MinDis,,,minimize,1.83489,,,119,,18209,7737,,,2100,6100,8000,,,,,,,0,8086,4100,,,4000,,
Chuffed BB,jobshop,jobshop/jobshop.mzn,jobshop/dzn/ta32_3a_alloc1.dzn:jobshop/generated_bounds/MinDis/ta32_3a_alloc1_MinDis.dzn,SATISFIED,1200.6794770248234,15,1832,MinDis,0.085,1199.503,minimize,0.494045,2482770,228.813,15,210,4129,210,0.0,0.63,480,1380,1800,838042,838042,3327909,430551452,460,2297,0,1831,930,1449635930,243753,900,0.0,245587
Chuffed Prop,jobshop,jobshop/jobshop.mzn,jobshop/dzn/ta65_4a_alloc1.dzn:jobshop/generated_bounds/MinDis/ta65_4a_alloc1_MinDis.dzn,OPTIMAL_SOLUTION,296.61578400060534,56,4046,MinDis,0.185,294.856,minimize,0.977754,1116537,294.729,56,0,9118,0,0.0,0.94,1050,3050,4000,140805,140805,1312324,136983092,1013,5060,0,4045,2050,1772000580,437133,2000,0.0,441181
Chuffed BBval,jobshop,jobshop/jobshop.mzn,jobshop/dzn/ta55_3a_alloc1.dzn:jobshop/generated_bounds/MinDis/ta55_3a_alloc1_MinDis.dzn,SATISFIED,1200.6286788992584,1,3047,MinDis,0.137,1199.214,minimize,0.785164,3220814,0.152,1,564521,6864,564521,0.0,0.94,800,2300,3000,1121780,1121780,4344005,301986579,755,3807,0,3046,1550,-60393118,175804,1500,0.0,178853
Chuffed BB,jobshop,jobshop/jobshop.mzn,jobshop/dzn/ta55_4a_alloc1.dzn:jobshop/generated_bounds/MinDis/ta55_4a_alloc1_MinDis.dzn,SATISFIED,1200.6544611956924,26,3048,MinDis,0.137,1199.262,minimize,0.736179,5180598,135.262,26,2494,6865,2494,0.0,0.63,800,2300,3000,1540470,1540470,6741549,267162786,764,3809,0,3047,1550,413083918,223873,1500,0.0,226923
Chuffed Dcmp,jobshop,jobshop/jobshop.mzn,jobshop/dzn/ta80_7a_alloc1.dzn:jobshop/generated_bounds/MinDis/ta80_7a_alloc1_MinDis.dzn,SATISFIED,1201.6864520478994,,,MinDis_dcmp,,,minimize,1.91937,,,68,,18239,349693,,,2100,6100,8000,,,,,,,0,8111,4100,,,4000,,
Chuffed Dcmp,jobshop,jobshop/jobshop.mzn,jobshop/dzn/ta50_3a_alloc1.dzn:jobshop/generated_bounds/MinDis/ta50_3a_alloc1_MinDis.dzn,UNKNOWN,1200.6493133697659,0,2444,MinDis_dcmp,0.109,1199.394,minimize,0.610809,78554,0.0,0,-1,5496,,0.0,16.02,630,1830,2400,150687,150687,229842,3701545,604,3068,0,2442,1230,1471678909,830619,1200,0.0,833065
Chuffed Dcmp,jobshop,jobshop/jobshop.mzn,jobshop/dzn/ta54_3a_alloc1.dzn:jobshop/generated_bounds/MinDis/ta54_3a_alloc1_MinDis.dzn,SATISFIED,1200.698211563751,27,3061,MinDis_dcmp,0.133,1199.281,minimize,0.722957,4327276,564.71,27,1,6878,1,0.0,3.16,800,2300,3000,744224,744224,5092101,259721836,761,3827,0,3059,1550,-1236883956,554949,1500,0.0,558012
Chuffed Dcmp,jobshop,jobshop/jobshop.mzn,jobshop/dzn/ta36_2a_alloc1.dzn:jobshop/generated_bounds/MinDis/ta36_2a_alloc1_MinDis.dzn,SATISFIED,1200.7325315531343,2,1840,MinDis_dcmp,0.082,1199.478,minimize,0.519961,2033016,811.746,2,30450,4136,30450,0.0,0.63,480,1380,1800,920275,920275,2954536,368602634,460,2307,0,1838,930,-386816974,192203,900,0.0,194045
Chuffed Dcmp,jobshop,jobshop/jobshop.mzn,jobshop/dzn/ta67_4a_alloc1.dzn:jobshop/generated_bounds/MinDis/ta67_4a_alloc1_MinDis.dzn,SATISFIED,1201.1099459063262,4,4061,MinDis_dcmp,0.189,1198.997,minimize,1.026219,18452282,344.291,4,348940,9134,348940,0.0,10.68,1050,3050,4000,133715,133715,18591008,441718360,1010,5080,0,4059,2050,1253551829,1140572,2000,0.0,1144635
Chuffed Dcmp,jobshop,jobshop/jobshop.mzn,jobshop/dzn/ta45_2a_alloc1.dzn:jobshop/generated_bounds/MinDis/ta45_2a_alloc1_MinDis.dzn,OPTIMAL_SOLUTION,75.98187154345214,10,2435,MinDis_dcmp,0.111,74.811,minimize,0.655562,418622,74.755,10,0,5486,0,0.0,0.63,630,1830,2400,45981,45981,470294,35839201,611,3052,0,2433,1230,-726157280,258417,1200,0.0,260854
Chuffed Dcmp,jobshop,jobshop/jobshop.mzn,jobshop/dzn/ta75_7a_alloc1.dzn:jobshop/generated_bounds/MinDis/ta75_7a_alloc1_MinDis.dzn,SATISFIED,1201.556995080784,,,MinDis_dcmp,,,minimize,1.78775,,,91,,18234,6119,,,2100,6100,8000,,,,,,,0,8106,4100,,,4000,,
Chuffed Dcmp,jobshop,jobshop/jobshop.mzn,jobshop/dzn/ta65_3a_alloc1.dzn:jobshop/generated_bounds/MinDis/ta65_3a_alloc1_MinDis.dzn,SATISFIED,1201.0641355216503,1,4056,MinDis_dcmp,0.188,1198.991,minimize,1.02589,40849917,0.206,1,566154,9128,566154,0.0,10.68,1050,3050,4000,107486,107486,40959417,282723287,1013,5072,0,4054,2050,-1870388466,870823,2000,0.0,874881
Chuffed Dcmp,jobshop,jobshop/jobshop.mzn,jobshop/dzn/ta63_3a_alloc1.dzn:jobshop/generated_bounds/MinDis/ta63_3a_alloc1_MinDis.dzn,OPTIMAL_SOLUTION,552.1912850718945,34,4060,MinDis_dcmp,0.189,550.278,minimize,0.996809,21648768,550.19,34,0,9132,0,0.0,7.12,1050,3050,4000,153634,153634,21836369,389161757,1014,5080,0,4058,2050,-917597272,662433,2000,0.0,666495
Chuffed Dcmp,jobshop,jobshop/jobshop.mzn,jobshop/dzn/ta50_2a_alloc1.dzn:jobshop/generated_bounds/MinDis/ta50_2a_alloc1_MinDis.dzn,OPTIMAL_SOLUTION,759.3431980554014,15,2440,MinDis_dcmp,0.111,757.972,minimize,0.652064,18289038,512.692,15,1122,5491,1122,0.0,7.12,630,1830,2400,187229,187229,18483533,250561354,604,3062,0,2438,1230,-764523447,725579,1200,0.0,728021
Chuffed Dcmp,jobshop,jobshop/jobshop.mzn,jobshop/dzn/ta61_5a_alloc1.dzn:jobshop/generated_bounds/MinDis/ta61_5a_alloc1_MinDis.dzn,SATISFIED,1201.170283311978,58,4063,MinDis_dcmp,0.19,1198.987,minimize,1.01197,17798577,1194.684,58,1,9137,1,0.0,4.75,1050,3050,4000,93548,93548,17949605,511498456,1014,5082,0,4061,2050,1629780840,1165465,2000,0.0,1169530
Chuffed Dcmp,jobshop,jobshop/jobshop.mzn,jobshop/dzn/ta33_3a_alloc1.dzn:jobshop/generated_bounds/MinDis/ta33_3a_alloc1_MinDis.dzn,SATISFIED,1200.8737083040178,2,1843,MinDis_dcmp,0.083,1199.51,minimize,0.489129,18872459,774.34,2,2144406,4140,2144406,0.0,7.12,480,1380,1800,582839,582839,19456522,372980343,460,2311,0,1841,930,-6034318,821546,900,0.0,823391
Chuffed Dcmp,jobshop,jobshop/jobshop.mzn,jobshop/dzn/ta51_4a_alloc1.dzn:jobshop/generated_bounds/MinDis/ta51_4a_alloc1_MinDis.dzn,SATISFIED,1200.5368392057717,12,3065,MinDis_dcmp,0.135,1199.271,minimize,0.727375,7498052,5.713,12,49522,6883,49522,0.0,0.63,800,2300,3000,1641769,1641769,9149587,202730459,763,3833,0,3063,1550,-680007430,217481,1500,0.0,220548
Chuffed Dcmp,jobshop,jobshop/jobshop.mzn,jobshop/dzn/ta57_4a_alloc1.dzn:jobshop/generated_bounds/MinDis/ta57_4a_alloc1_MinDis.dzn,SATISFIED,1200.6062000282109,5,3063,MinDis_dcmp,0.138,1199.231,minimize,0.767618,9716296,12.983,5,1310504,6881,1310504,0.0,3.16,800,2300,3000,1468726,1468726,11189550,239513570,765,3829,0,3061,1550,1192959021,332394,1500,0.0,335459
Chuffed Dcmp,jobshop,jobshop/jobshop.mzn,jobshop/dzn/ta77_6a_alloc1.dzn:jobshop/generated_bounds/MinDis/ta77_6a_alloc1_MinDis.dzn,UNKNOWN,1201.6693763770163,,,MinDis_dcmp,,,minimize,1.8848,,,0,,18239,,,,2100,6100,8000,,,,,,,0,8112,4100,,,4000,,
Chuffed Dcmp,jobshop,jobshop/jobshop.mzn,jobshop/dzn/ta40_2a_alloc1.dzn:jobshop/generated_bounds/MinDis/ta40_2a_alloc1_MinDis.dzn,UNKNOWN,1200.532425288111,0,1836,MinDis_dcmp,0.085,1199.472,minimize,0.526462,6067366,0.0,0,-1,4132,,0.0,2.11,480,1380,1800,1066025,1066025,7133721,428335904,454,2299,0,1834,930,1485496468,257515,900,0.0,259353
Chuffed Dcmp,jobshop,jobshop/jobshop.mzn,jobshop/dzn/ta73_5a_alloc1.dzn:jobshop/generated_bounds/MinDis/ta73_5a_alloc1_MinDis.dzn,SATISFIED,1201.5550342742354,47,8106,MinDis_dcmp,0.392,1198.274,minimize,1.79554,921569,584.31,47,974742,18230,974742,0.0,2.11,2100,6100,8000,28304,28304,1045756,127500881,2019,10118,0,8104,4100,1346619560,1842102,4000,0.0,1850210
Chuffed Dcmp,jobshop,jobshop/jobshop.mzn,jobshop/dzn/ta70_3a_alloc1.dzn:jobshop/generated_bounds/MinDis/ta70_3a_alloc1_MinDis.dzn,UNKNOWN,1200.8294731471688,0,4054,MinDis_dcmp,0.196,1199.015,minimize,0.982876,18570,0.0,0,-1,9126,,0.0,10.68,1050,3050,4000,147778,147778,167349,3892767,1004,5068,0,4052,2050,1983644760,867694,2000,0.0,871750
Chuffed Dcmp,jobshop,jobshop/jobshop.mzn,jobshop/dzn/ta75_10a_alloc1.dzn:jobshop/generated_bounds/MinDis/ta75_10a_alloc1_MinDis.dzn,SATISFIED,1201.7484812121838,,,MinDis_dcmp,,,minimize,1.91548,,,27,,18249,356081,,,2100,6100,8000,,,,,,,0,8118,4100,,,4000,,
Chuffed Dcmp,jobshop,jobshop/jobshop.mzn,jobshop/dzn/ta76_10a_alloc1.dzn:jobshop/generated_bounds/MinDis/ta76_10a_alloc1_MinDis.dzn,SATISFIED,1201.584991345182,17,8121,MinDis_dcmp,0.377,1198.056,minimize,1.94359,4060245,977.89,17,278672,18250,278672,0.0,2.11,2100,6100,8000,22898,22898,4118740,233357667,2020,10138,0,8119,4100,-1986566395,1694150,4000,0.0,1702273
Chuffed Dcmp,jobshop,jobshop/jobshop.mzn,jobshop/dzn/ta66_3a_alloc1.dzn:jobshop/generated_bounds/MinDis/ta66_3a_alloc1_MinDis.dzn,OPTIMAL_SOLUTION,872.414818700403,24,4056,MinDis_dcmp,0.194,870.55,minimize,1.03962,3823539,870.429,24,0,9128,0,0.0,3.16,1050,3050,4000,561377,561377,4408979,197374007,1014,5072,0,4054,2050,630192140,507017,2000,0.0,511075
Chuffed Dcmp,jobshop,jobshop/jobshop.mzn,jobshop/dzn/ta65_5a_alloc1.dzn:jobshop/generated_bounds/MinDis/ta65_5a_alloc1_MinDis.dzn,SATISFIED,1200.7227251995355,2,4064,MinDis_dcmp,0.18,1198.988,minimize,1.01041,1999024,445.572,2,282133,9138,282133,0.0,0.94,1050,3050,4000,865754,865754,2867663,298467584,1014,5084,0,4062,2050,1873793772,283633,2000,0.0,287699
Chuffed Dcmp,jobshop,jobshop/jobshop.mzn,jobshop/dzn/ta66_4a_alloc1.dzn:jobshop/generated_bounds/MinDis/ta66_4a_alloc1_MinDis.dzn,SATISFIED,1200.8744636308402,11,4060,MinDis_dcmp,0.186,1198.969,minimize,1.03191,1847283,139.788,11,183529,9133,183529,0.0,0.94,1050,3050,4000,569033,569033,2428220,279562606,1014,5078,0,4058,2050,-161854387,405110,2000,0.0,409172
Chuffed Dcmp,jobshop,jobshop/jobshop.mzn,jobshop/dzn/ta71_8a_alloc1.dzn:jobshop/generated_bounds/MinDis/ta71_8a_alloc1_MinDis.dzn,SATISFIED,1201.5082706436515,,,MinDis_dcmp,,,minimize,1.87075,,,43,,18245,248559,,,2100,6100,8000,,,,,,,0,8116,4100,,,4000,,
Chuffed Dcmp,jobshop,jobshop/jobshop.mzn,jobshop/dzn/ta35_3a_alloc1.dzn:jobshop/generated_bounds/MinDis/ta35_3a_alloc1_MinDis.dzn,UNKNOWN,1200.6892943792045,0,1841,MinDis_dcmp,0.082,1199.465,minimize,0.533734,12754407,0.0,0,-1,4138,,0.0,7.12,480,1380,1800,877187,877187,13631923,355510381,454,2307,0,1839,930,589087041,537137,900,0.0,538980
Chuffed Dcmp,jobshop,jobshop/jobshop.mzn,jobshop/dzn/ta34_2a_alloc1.dzn:jobshop/generated_bounds/MinDis/ta34_2a_alloc1_MinDis.dzn,SATISFIED,1200.5192258507013,4,1840,MinDis_dcmp,0.086,1199.472,minimize,0.525284,1527273,174.424,4,870,4136,870,0.0,0.94,480,1380,1800,865363,865363,2394756,417140226,461,2307,0,1838,930,-1610309581,194316,900,0.0,196158
Chuffed Dcmp,jobshop,jobshop/jobshop.mzn,jobshop/dzn/ta78_9a_alloc1.dzn:jobshop/generated_bounds/MinDis/ta78_9a_alloc1_MinDis.dzn,UNKNOWN,1201.6586566548795,0,8119,MinDis_dcmp,0.376,1198.208,minimize,1.8957,5950355,0.0,0,-1,18247,,0.0,2.11,2100,6100,8000,20804,20804,5972429,121833968,2004,10136,0,8117,4100,-109145977,1732942,4000,0.0,1741063
Chuffed Dcmp,jobshop,jobshop/jobshop.mzn,jobshop/dzn/ta52_3a_alloc1.dzn:jobshop/generated_bounds/MinDis/ta52_3a_alloc1_MinDis.dzn,UNKNOWN,1200.609986975789,0,3058,MinDis_dcmp,0.138,1199.226,minimize,0.77436,4304019,0.0,0,-1,6875,,0.0,0.94,800,2300,3000,928177,928177,5232857,218235601,754,3821,0,3056,1550,-1231419201,219692,1500,0.0,222752
Chuffed Dcmp,jobshop,jobshop/jobshop.mzn,jobshop/dzn/ta78_6a_alloc1.dzn:jobshop/generated_bounds/MinDis/ta78_6a_alloc1_MinDis.dzn,UNKNOWN,1201.350826755166,0,8107,MinDis_dcmp,0.393,1198.085,minimize,1.95101,35991165,0.0,0,-1,18232,,0.0,4.75,2100,6100,8000,49660,49660,36042826,530038040,2004,10118,0,8105,4100,-683966383,786304,4000,0.0,794413
Chuffed Dcmp,jobshop,jobshop/jobshop.mzn,jobshop/dzn/ta63_4a_alloc1.dzn:jobshop/generated_bounds/MinDis/ta63_4a_alloc1_MinDis.dzn,SATISFIED,1200.8791683930904,35,4064,MinDis_dcmp,0.182,1198.967,minimize,1.036049,3823752,434.636,35,1247323,9137,1247323,0.0,2.11,1050,3050,4000,644120,644120,4503870,303080268,1015,5086,0,4062,2050,-1415065644,555975,2000,0.0,560041
Chuffed Dcmp,jobshop,jobshop/jobshop.mzn,jobshop/dzn/ta68_4a_alloc1.dzn:jobshop/generated_bounds/MinDis/ta68_4a_alloc1_MinDis.dzn,SATISFIED,1200.8003569114953,24,4059,MinDis_dcmp,0.179,1199.044,minimize,0.954043,1503288,432.951,24,794485,9132,794485,0.0,1.41,1050,3050,4000,514215,514215,2042273,357023908,1013,5076,0,4057,2050,-1276741528,569417,2000,0.0,573478
Chuffed Dcmp,jobshop,jobshop/jobshop.mzn,jobshop/dzn/ta78_7a_alloc1.dzn:jobshop/generated_bounds/MinDis/ta78_7a_alloc1_MinDis.dzn,UNKNOWN,1201.3171686083078,0,8111,MinDis_dcmp,0.397,1198.181,minimize,1.88524,12060925,0.0,0,-1,18237,,0.0,3.16,2100,6100,8000,18343,18343,12081269,587111739,2004,10124,0,8109,4100,-1889221031,766470,4000,0.0,774583
Chuffed Dcmp,jobshop,jobshop/jobshop.mzn,jobshop/dzn/ta51_3a_alloc1.dzn:jobshop/generated_bounds/MinDis/ta51_3a_alloc1_MinDis.dzn,UNKNOWN,1200.789765784517,0,3061,MinDis_dcmp,0.142,1199.249,minimize,0.771998,13304,0.0,0,-1,6878,,0.0,10.68,800,2300,3000,153404,153404,167459,2489405,754,3827,0,3059,1550,-484332833,859831,1500,0.0,862894
Chuffed Dcmp,jobshop,jobshop/jobshop.mzn,jobshop/dzn/ta48_2a_alloc1.dzn:jobshop/generated_bounds/MinDis/ta48_2a_alloc1_MinDis.dzn,OPTIMAL_SOLUTION,427.6071329973638,5,2438,MinDis_dcmp,0.107,426.299,minimize,0.627635,23733521,426.267,5,0,5489,0,0.0,10.68,630,1830,2400,110342,110342,23846559,41234983,604,3058,0,2436,1230,1909723974,701618,1200,0.0,704058
Chuffed Dcmp,jobshop,jobshop/jobshop.mzn,jobshop/dzn/ta68_5a_alloc1.dzn:jobshop/generated_bounds/MinDis/ta68_5a_alloc1_MinDis.dzn,SATISFIED,1200.7676887996495,3,4063,MinDis_dcmp,0.181,1198.995,minimize,1.002969,4733360,732.148,3,1026256,9137,1026256,0.0,2.11,1050,3050,4000,551037,551037,5288249,336682079,1013,5082,0,4061,2050,1185302475,429795,2000,0.0,433860
Chuffed Dcmp,jobshop,jobshop/jobshop.mzn,jobshop/dzn/ta53_4a_alloc1.dzn:jobshop/generated_bounds/MinDis/ta53_4a_alloc1_MinDis.dzn,SATISFIED,1200.5730147566646,2,3063,MinDis_dcmp,0.136,1199.209,minimize,0.787992,2711693,6.546,2,1697505,6881,1697505,0.0,0.94,800,2300,3000,1204883,1204883,3918776,315745462,765,3829,0,3061,1550,-1930779120,204354,1500,0.0,207419
Chuffed Dcmp,jobshop,jobshop/jobshop.mzn,jobshop/dzn/ta55_4a_alloc1.dzn:jobshop/generated_bounds/MinDis/ta55_4a_alloc1_MinDis.dzn,SATISFIED,1200.8141558226198,26,3062,MinDis_dcmp,0.133,1199.281,minimize,0.7204,9748849,334.761,26,2494,6880,2494,0.0,4.75,800,2300,3000,1287500,1287500,11056319,326694550,763,3827,0,3060,1550,-1045709679,846814,1500,0.0,849878
Chuffed Dcmp,jobshop,jobshop/jobshop.mzn,jobshop/dzn/ta77_5a_alloc1.dzn:jobshop/generated_bounds/MinDis/ta77_5a_alloc1_MinDis.dzn,UNKNOWN,1201.632876129821,,,MinDis_dcmp,,,minimize,1.78165,,,0,,18234,,,,2100,6100,8000,,,,,,,0,8108,4100,,,4000,,
Chuffed Dcmp,jobshop,jobshop/jobshop.mzn,jobshop/dzn/ta58_4a_alloc1.dzn:jobshop/generated_bounds/MinDis/ta58_4a_alloc1_MinDis.dzn,SATISFIED,1200.6626373641193,30,3068,MinDis_dcmp,0.145,1199.258,minimize,0.740775,1739039,9.25,30,18,6886,18,0.0,0.94,800,2300,3000,875703,875703,2637345,269559946,762,3839,0,3066,1550,-1962314504,379988,1500,0.0,383058
Chuffed Dcmp,jobshop,jobshop/jobshop.mzn,jobshop/dzn/ta69_3a_alloc1.dzn:jobshop/generated_bounds/MinDis/ta69_3a_alloc1_MinDis.dzn,OPTIMAL_SOLUTION,117.27938173897564,35,4059,MinDis_dcmp,0.185,115.665,minimize,0.956012,337122,115.567,35,0,9131,0,0.0,1.41,1050,3050,4000,56205,56205,428038,40466555,1016,5078,0,4057,2050,1363895927,426150,2000,0.0,430211
Chuffed Dcmp,jobshop,jobshop/jobshop.mzn,jobshop/dzn/ta60_5a_alloc1.dzn:jobshop/generated_bounds/MinDis/ta60_5a_alloc1_MinDis.dzn,SATISFIED,1200.6641640197486,26,3070,MinDis_dcmp,0.136,1199.267,minimize,0.731227,6823543,861.302,26,415374,6889,415374,0.0,1.41,800,2300,3000,1113331,1113331,7957239,257701100,765,3841,0,3068,1550,-528303664,390726,1500,0.0,393798
Chuffed Dcmp,jobshop,jobshop/jobshop.mzn,jobshop/dzn/ta74_8a_alloc1.dzn:jobshop/generated_bounds/MinDis/ta74_8a_alloc1_MinDis.dzn,SATISFIED,1201.5935121495277,12,8113,MinDis_dcmp,0.393,1198.091,minimize,1.91869,12339833,790.479,12,863450,18240,863450,0.0,2.11,2100,6100,8000,30603,30603,12395846,170298574,2019,10126,0,8111,4100,387378372,1696823,4000,0.0,1704938
Chuffed Dcmp,jobshop,jobshop/jobshop.mzn,jobshop/dzn/ta75_6a_alloc1.dzn:jobshop/generated_bounds/MinDis/ta75_6a_alloc1_MinDis.dzn,UNKNOWN,1201.4417093526572,0,8104,MinDis_dcmp,0.376,1198.133,minimize,1.88103,12916330,0.0,0,-1,18229,,0.0,10.68,2100,6100,8000,126171,126171,13044502,68765745,2004,10112,0,8102,4100,1203590582,1299813,4000,0.0,1307919
Chuffed Dcmp,jobshop,jobshop/jobshop.mzn,jobshop/dzn/ta79_10a_alloc1.dzn:jobshop/generated_bounds/MinDis/ta79_10a_alloc1_MinDis.dzn,UNKNOWN,1201.481796367094,0,8122,MinDis_dcmp,0.385,1198.159,minimize,1.90742,12982848,0.0,0,-1,18251,,0.0,3.16,2100,6100,8000,18233,18233,13003082,563222353,2004,10140,0,8120,4100,-1100281233,1020452,4000,0.0,1028576
Chuffed Dcmp,jobshop,jobshop/jobshop.mzn,jobshop/dzn/ta73_9a_alloc1.dzn:jobshop/generated_bounds/MinDis/ta73_9a_alloc1_MinDis.dzn,UNKNOWN,1201.5585391875356,0,8122,MinDis_dcmp,0.398,1198.266,minimize,1.82734,28965588,0.0,0,-1,18250,,0.0,4.75,2100,6100,8000,34641,34641,29002230,400612738,2004,10142,0,8120,4100,-1629967979,1118064,4000,0.0,1126188
Chuffed Dcmp,jobshop,jobshop/jobshop.mzn,jobshop/dzn/ta70_5a_alloc1.dzn:jobshop/generated_bounds/MinDis/ta70_5a_alloc1_MinDis.dzn,SATISFIED,1200.8093706611544,15,4062,MinDis_dcmp,0.193,1199.047,minimize,0.951974,3943189,57.114,15,261238,9136,261238,0.0,3.16,1050,3050,4000,696743,696743,4655925,228782284,1013,5080,0,4060,2050,-672114062,681608,2000,0.0,685672
Chuffed Dcmp,jobshop,jobshop/jobshop.mzn,jobshop/dzn/ta79_6a_alloc1.dzn:jobshop/generated_bounds/MinDis/ta79_6a_alloc1_MinDis.dzn,UNKNOWN,1201.2925964146852,0,8106,MinDis_dcmp,0.391,1198.227,minimize,1.81131,20369479,0.0,0,-1,18231,,0.0,4.75,2100,6100,8000,29434,29434,20400914,763918559,2004,10116,0,8104,4100,1298268659,659324,4000,0.0,667432
Chuffed Dcmp,jobshop,jobshop/jobshop.mzn,jobshop/dzn/ta36_3a_alloc1.dzn:jobshop/generated_bounds/MinDis/ta36_3a_alloc1_MinDis.dzn,UNKNOWN,1200.7974324841052,0,1844,MinDis_dcmp,0.083,1199.467,minimize,0.53168,8509384,0.0,0,-1,4141,,0.0,10.68,480,1380,1800,289043,289043,8798747,73035416,454,2313,0,1842,930,978407337,865618,900,0.0,867464
Chuffed Dcmp,jobshop,jobshop/jobshop.mzn,jobshop/dzn/ta51_5a_alloc1.dzn:jobshop/generated_bounds/MinDis/ta51_5a_alloc1_MinDis.dzn,SATISFIED,1200.650949506089,42,3069,MinDis_dcmp,0.14,1199.231,minimize,0.767844,5499783,7.158,42,5,6888,5,0.0,0.94,800,2300,3000,1368507,1368507,6899083,195216331,762,3839,0,3067,1550,-221926165,336069,1500,0.0,339140
Chuffed Dcmp,jobshop,jobshop/jobshop.mzn,jobshop/dzn/ta69_5a_alloc1.dzn:jobshop/generated_bounds/MinDis/ta69_5a_alloc1_MinDis.dzn,SATISFIED,1200.8969856388867,30,4067,MinDis_dcmp,0.187,1199.018,minimize,0.980601,22315123,1127.386,30,71391,9141,71391,0.0,4.75,1050,3050,4000,113496,113496,22459253,781207596,1016,5090,0,4065,2050,1662617093,812516,2000,0.0,816585
Chuffed Dcmp,jobshop,jobshop/jobshop.mzn,jobshop/dzn/ta77_8a_alloc1.dzn:jobshop/generated_bounds/MinDis/ta77_8a_alloc1_MinDis.dzn,SATISFIED,1201.749298721552,,,MinDis_dcmp,,,minimize,1.98694,,,96,,18249,33723,,,2100,6100,8000,,,,,,,0,8120,4100,,,4000,,
Chuffed Dcmp,jobshop,jobshop/jobshop.mzn,jobshop/dzn/ta75_5a_alloc1.dzn:jobshop/generated_bounds/MinDis/ta75_5a_alloc1_MinDis.dzn,OPTIMAL_SOLUTION,1194.6433982159942,194,8100,MinDis_dcmp,0.379,1190.86,minimize,1.8976,5616384,1190.733,194,0,18224,0,0.0,3.16,2100,6100,8000,69937,69937,6064151,276325530,2019,10106,0,8098,4100,-375195003,2674873,4000,0.0,2682975
Chuffed Dcmp,jobshop,jobshop/jobshop.mzn,jobshop/dzn/ta37_3a_alloc1.dzn:jobshop/generated_bounds/MinDis/ta37_3a_alloc1_MinDis.dzn,SATISFIED,1200.467725045979,4,1844,MinDis_dcmp,0.085,1199.517,minimize,0.481612,2578276,225.614,4,53734,4141,53734,0.0,0.63,480,1380,1800,1040996,1040996,3621421,411370884,461,2313,0,1842,930,-1831169481,164198,900,0.0,166044
Chuffed Dcmp,jobshop,jobshop/jobshop.mzn,jobshop/dzn/ta47_3a_alloc1.dzn:jobshop/generated_bounds/MinDis/ta47_3a_alloc1_MinDis.dzn,OPTIMAL_SOLUTION,10.93911637365818,7,2442,MinDis_dcmp,0.109,9.9,minimize,0.611999,81057,9.072,7,104,5494,104,0.0,0.42,630,1830,2400,9361,9361,93063,9356891,604,3064,0,2440,1230,-616106446,221501,1200,0.0,223945
Chuffed Dcmp,jobshop,jobshop/jobshop.mzn,jobshop/dzn/ta72_8a_alloc1.dzn:jobshop/generated_bounds/MinDis/ta72_8a_alloc1_MinDis.dzn,SATISFIED,1201.6486881244928,18,8115,MinDis_dcmp,0.393,1198.112,minimize,1.90704,968484,433.118,18,900260,18242,900260,0.0,2.11,2100,6100,8000,20438,20438,1026152,124466998,2018,10130,0,8113,4100,295174954,1964035,4000,0.0,1972152
Chuffed Dcmp,jobshop,jobshop/jobshop.mzn,jobshop/dzn/ta59_3a_alloc1.dzn:jobshop/generated_bounds/MinDis/ta59_3a_alloc1_MinDis.dzn,SATISFIED,1200.610739985481,3,3059,MinDis_dcmp,0.134,1199.25,minimize,0.749106,10713970,282.13,3,552105,6876,552105,0.0,3.16,800,2300,3000,1182939,1182939,11899875,434644234,761,3823,0,3057,1550,-324245654,340207,1500,0.0,343268
Chuffed Dcmp,jobshop,jobshop/jobshop.mzn,jobshop/dzn/ta32_2a_alloc1.dzn:jobshop/generated_bounds/MinDis/ta32_2a_alloc1_MinDis.dzn,SATISFIED,1200.4705796055496,7,1839,MinDis_dcmp,0.081,1199.499,minimize,0.498652,2137806,346.951,7,100,4135,100,0.0,0.63,480,1380,1800,759789,759789,2900921,410203172,458,2305,0,1837,930,-2122419729,244512,900,0.0,246353
Chuffed Dcmp,jobshop,jobshop/jobshop.mzn,jobshop/dzn/ta49_2a_alloc1.dzn:jobshop/generated_bounds/MinDis/ta49_2a_alloc1_MinDis.dzn,OPTIMAL_SOLUTION,219.74790124036372,6,2437,MinDis_dcmp,0.111,218.551,minimize,0.651903,509373,218.426,6,0,5488,0,0.0,0.94,630,1830,2400,145885,145885,658742,101463055,610,3056,0,2435,1230,354113082,245319,1200,0.0,247758
Chuffed Dcmp,jobshop,jobshop/jobshop.mzn,jobshop/dzn/ta75_8a_alloc1.dzn:jobshop/generated_bounds/MinDis/ta75_8a_alloc1_MinDis.dzn,UNKNOWN,1201.359391476959,0,8112,MinDis_dcmp,0.377,1198.094,minimize,1.93284,31360208,0.0,0,-1,18239,,0.0,3.16,2100,6100,8000,38280,38280,31400489,585150024,2004,10124,0,8110,4100,2075312308,809574,4000,0.0,817688
Chuffed Dcmp,jobshop,jobshop/jobshop.mzn,jobshop/dzn/ta54_4a_alloc1.dzn:jobshop/generated_bounds/MinDis/ta54_4a_alloc1_MinDis.dzn,SATISFIED,1200.7242882233113,4,3065,MinDis_dcmp,0.141,1199.216,minimize,0.785325,15990801,45.964,4,1031597,6883,1031597,0.0,4.75,800,2300,3000,98958,98958,16093523,616555984,762,3833,0,3063,1550,670728242,532626,1500,0.0,535693
Chuffed Dcmp,jobshop,jobshop/jobshop.mzn,jobshop/dzn/ta56_3a_alloc1.dzn:jobshop/generated_bounds/MinDis/ta56_3a_alloc1_MinDis.dzn,SATISFIED,1200.7884850967675,2,3057,MinDis_dcmp,0.139,1199.21,minimize,0.791465,27364539,1.834,2,1093758,6874,1093758,0.0,10.68,800,2300,3000,98540,98540,27465346,978462725,763,3819,0,3055,1550,798088260,504219,1500,0.0,507278
Chuffed Dcmp,jobshop,jobshop/jobshop.mzn,jobshop/dzn/ta64_5a_alloc1.dzn:jobshop/generated_bounds/MinDis/ta64_5a_alloc1_MinDis.dzn,SATISFIED,1200.8642230238765,39,4056,MinDis_dcmp,0.179,1199.04,minimize,0.957256,10440136,1035.078,39,21272,9130,21272,0.0,2.11,1050,3050,4000,613997,613997,11093854,283826232,1016,5068,0,4054,2050,-516735514,777046,2000,0.0,781104
Chuffed Dcmp,jobshop,jobshop/jobshop.mzn,jobshop/dzn/ta60_4a_alloc1.dzn:jobshop/generated_bounds/MinDis/ta60_4a_alloc1_MinDis.dzn,SATISFIED,1200.9575542993844,60,3066,MinDis_dcmp,0.138,1199.226,minimize,0.772724,15075964,914.694,60,2581,6884,2581,0.0,4.75,800,2300,3000,647216,647216,15769141,406263333,765,3835,0,3064,1550,781467392,649025,1500,0.0,652093
Chuffed Dcmp,jobshop,jobshop/jobshop.mzn,jobshop/dzn/ta46_2a_alloc1.dzn:jobshop/generated_bounds/MinDis/ta46_2a_alloc1_MinDis.dzn,UNKNOWN,1200.5576175358146,0,2439,MinDis_dcmp,0.108,1199.375,minimize,0.622025,2322701,0.0,0,-1,5490,,0.0,0.94,630,1830,2400,597172,597172,2920222,451061703,604,3060,0,2437,1230,-1102057890,258798,1200,0.0,261239
Chuffed Dcmp,jobshop,jobshop/jobshop.mzn,jobshop/dzn/ta53_5a_alloc1.dzn:jobshop/generated_bounds/MinDis/ta53_5a_alloc1_MinDis.dzn,SATISFIED,1200.6108911205083,7,3067,MinDis_dcmp,0.137,1199.232,minimize,0.769604,3920160,5.099,7,272137,6886,272137,0.0,0.94,800,2300,3000,1347947,1347947,5274102,302934251,765,3835,0,3065,1550,-1110316183,195354,1500,0.0,198423
Chuffed Dcmp,jobshop,jobshop/jobshop.mzn,jobshop/dzn/ta79_5a_alloc1.dzn:jobshop/generated_bounds/MinDis/ta79_5a_alloc1_MinDis.dzn,OPTIMAL_SOLUTION,570.9121973142028,123,8102,MinDis_dcmp,0.397,567.252,minimize,1.90512,8369089,567.147,123,0,18226,0,0.0,3.16,2100,6100,8000,46955,46955,8659363,136132168,2020,10110,0,8100,4100,976077359,2225440,4000,0.0,2233544
Chuffed Dcmp,jobshop,jobshop/jobshop.mzn,jobshop/dzn/ta55_5a_alloc1.dzn:jobshop/generated_bounds/MinDis/ta55_5a_alloc1_MinDis.dzn,SATISFIED,1200.5845772251487,1,3066,MinDis_dcmp,0.136,1199.199,minimize,0.797488,3775580,3.504,1,578022,6885,578022,0.0,0.94,800,2300,3000,1105909,1105909,4882879,294154692,763,3833,0,3064,1550,-387006843,215529,1500,0.0,218597
Chuffed Dcmp,jobshop,jobshop/jobshop.mzn,jobshop/dzn/ta59_5a_alloc1.dzn:jobshop/generated_bounds/MinDis/ta59_5a_alloc1_MinDis.dzn,SATISFIED,1200.5509573686868,1,3067,MinDis_dcmp,0.134,1199.274,minimize,0.724392,8447010,4.969,1,1942050,6886,1942050,0.0,0.94,800,2300,3000,1506779,1506779,9955230,235397591,760,3835,0,3065,1550,-1657234261,218992,1500,0.0,222061
Chuffed Dcmp,jobshop,jobshop/jobshop.mzn,jobshop/dzn/ta31_2a_alloc1.dzn:jobshop/generated_bounds/MinDis/ta31_2a_alloc1_MinDis.dzn,SATISFIED,1200.5510148312896,1,1836,MinDis_dcmp,0.083,1199.477,minimize,0.524023,2286340,168.902,1,414736,4132,414736,0.0,0.63,480,1380,1800,885367,885367,3172447,440552927,454,2299,0,1834,930,1531538199,194672,900,0.0,196510
Chuffed Dcmp,jobshop,jobshop/jobshop.mzn,jobshop/dzn/ta39_2a_alloc1.dzn:jobshop/generated_bounds/MinDis/ta39_2a_alloc1_MinDis.dzn,UNKNOWN,1200.6198352929205,0,1836,MinDis_dcmp,0.081,1199.497,minimize,0.514955,6252388,0.0,0,-1,4132,,0.0,16.02,480,1380,1800,157714,157714,6410553,9154316,454,2299,0,1834,930,-1925432225,684890,900,0.0,686728
Chuffed Dcmp,jobshop,jobshop/jobshop.mzn,jobshop/dzn/ta62_5a_alloc1.dzn:jobshop/generated_bounds/MinDis/ta62_5a_alloc1_MinDis.dzn,SATISFIED,1201.1467476729304,2,4067,MinDis_dcmp,0.191,1198.98,minimize,1.01726,11882376,1068.81,2,3009126,9141,3009126,0.0,10.68,1050,3050,4000,406064,406064,12291298,199948340,1007,5090,0,4065,2050,1151798863,1145820,2000,0.0,1149889
Chuffed Dcmp,jobshop,jobshop/jobshop.mzn,jobshop/dzn/ta58_3a_alloc1.dzn:jobshop/generated_bounds/MinDis/ta58_3a_alloc1_MinDis.dzn,SATISFIED,1200.8091667443514,2,3064,MinDis_dcmp,0.141,1199.228,minimize,0.774378,8795271,964.067,2,309680,6881,309680,0.0,16.02,800,2300,3000,155676,155676,8953222,145647017,762,3833,0,3062,1550,263991182,894397,1500,0.0,897463
Chuffed Dcmp,jobshop,jobshop/jobshop.mzn,jobshop/dzn/ta78_10a_alloc1.dzn:jobshop/generated_bounds/MinDis/ta78_10a_alloc1_MinDis.dzn,SATISFIED,1201.7802608199418,,,MinDis_dcmp,,,minimize,1.96046,,,27,,18252,451419,,,2100,6100,8000,,,,,,,0,8121,4100,,,4000,,
Chuffed Dcmp,jobshop,jobshop/jobshop.mzn,jobshop/dzn/ta62_3a_alloc1.dzn:jobshop/generated_bounds/MinDis/ta62_3a_alloc1_MinDis.dzn,OPTIMAL_SOLUTION,92.22372945956886,33,4059,MinDis_dcmp,0.185,90.47,minimize,1.001409,2970830,90.442,33,0,9131,0,0.0,1.41,1050,3050,4000,28830,28830,3032195,50423253,1013,5078,0,4057,2050,-1765523149,441344,2000,0.0,445405
Chuffed Dcmp,jobshop,jobshop/jobshop.mzn,jobshop/dzn/ta64_4a_alloc1.dzn:jobshop/generated_bounds/MinDis/ta64_4a_alloc1_MinDis.dzn,SATISFIED,1200.9776158072054,14,4052,MinDis_dcmp,0.185,1199.0,minimize,1.02512,3627341,1067.333,14,35593,9125,35593,0.0,3.16,1050,3050,4000,499546,499546,4141986,317096769,1016,5062,0,4050,2050,909167293,572254,2000,0.0,576308
Chuffed Dcmp,jobshop,jobshop/jobshop.mzn,jobshop/dzn/ta76_7a_alloc1.dzn:jobshop/generated_bounds/MinDis/ta76_7a_alloc1_MinDis.dzn,UNKNOWN,1201.3779673483223,0,8109,MinDis_dcmp,0.398,1198.198,minimize,1.82664,23014842,0.0,0,-1,18235,,0.0,3.16,2100,6100,8000,33024,33024,23049867,616081104,2004,10120,0,8107,4100,-1363338376,890744,4000,0.0,898855
Chuffed Dcmp,jobshop,jobshop/jobshop.mzn,jobshop/dzn/ta73_6a_alloc1.dzn:jobshop/generated_bounds/MinDis/ta73_6a_alloc1_MinDis.dzn,OPTIMAL_SOLUTION,450.37487030029297,130,8110,MinDis_dcmp,0.399,446.74,minimize,1.89659,4955022,446.633,130,0,18235,0,0.0,3.16,2100,6100,8000,30770,30770,5239555,95964769,2019,10124,0,8108,4100,-2029718150,2264931,4000,0.0,2273043
Chuffed Dcmp,jobshop,jobshop/jobshop.mzn,jobshop/dzn/ta78_5a_alloc1.dzn:jobshop/generated_bounds/MinDis/ta78_5a_alloc1_MinDis.dzn,SATISFIED,1201.1099044624716,8,8103,MinDis_dcmp,0.395,1198.083,minimize,1.92444,8240699,3.999,8,1172136,18227,1172136,0.0,3.16,2100,6100,8000,11695,11695,8270551,558448801,2020,10112,0,8101,4100,1408762447,557017,4000,0.0,565122
Chuffed Dcmp,jobshop,jobshop/jobshop.mzn,jobshop/dzn/ta49_3a_alloc1.dzn:jobshop/generated_bounds/MinDis/ta49_3a_alloc1_MinDis.dzn,SATISFIED,1200.596310146153,7,2441,MinDis_dcmp,0.112,1199.36,minimize,0.641453,2246446,1073.31,7,47384,5493,47384,0.0,0.94,630,1830,2400,635636,635636,2886528,457250161,604,3062,0,2439,1230,1954826542,285009,1200,0.0,287452
Chuffed Dcmp,jobshop,jobshop/jobshop.mzn,jobshop/dzn/ta57_5a_alloc1.dzn:jobshop/generated_bounds/MinDis/ta57_5a_alloc1_MinDis.dzn,UNKNOWN,1200.6323620975018,0,3067,MinDis_dcmp,0.144,1199.247,minimize,0.752848,6880492,0.0,0,-1,6886,,0.0,1.41,800,2300,3000,1508198,1508198,8389374,258915475,754,3835,0,3065,1550,-738086492,257899,1500,0.0,260968
Chuffed Dcmp,jobshop,jobshop/jobshop.mzn,jobshop/dzn/ta71_10a_alloc1.dzn:jobshop/generated_bounds/MinDis/ta71_10a_alloc1_MinDis.dzn,UNKNOWN,1201.7010833770037,,,MinDis_dcmp,,,minimize,1.99661,,,0,,18255,,,,2100,6100,8000,,,,,,,0,8124,4100,,,4000,,
Chuffed Dcmp,jobshop,jobshop/jobshop.mzn,jobshop/dzn/ta79_9a_alloc1.dzn:jobshop/generated_bounds/MinDis/ta79_9a_alloc1_MinDis.dzn,UNKNOWN,1201.4876382350922,0,8118,MinDis_dcmp,0.394,1198.279,minimize,1.84607,10386934,0.0,0,-1,18246,,0.0,3.16,2100,6100,8000,14327,14327,10403262,460360029,2004,10134,0,8116,4100,1699421225,1012737,4000,0.0,1020857
Chuffed Dcmp,jobshop,jobshop/jobshop.mzn,jobshop/dzn/ta74_6a_alloc1.dzn:jobshop/generated_bounds/MinDis/ta74_6a_alloc1_MinDis.dzn,UNKNOWN,1201.2791422717273,0,8105,MinDis_dcmp,0.396,1198.171,minimize,1.87618,30654989,0.0,0,-1,18230,,0.0,3.16,2100,6100,8000,43145,43145,30700135,604653389,2004,10114,0,8103,4100,-2023539197,676063,4000,0.0,684170
Chuffed Dcmp,jobshop,jobshop/jobshop.mzn,jobshop/dzn/ta39_3a_alloc1.dzn:jobshop/generated_bounds/MinDis/ta39_3a_alloc1_MinDis.dzn,SATISFIED,1200.4867115039378,3,1840,MinDis_dcmp,0.082,1199.485,minimize,0.51565,1015802,596.269,3,80134,4137,80134,0.0,0.63,480,1380,1800,704708,704708,1722147,459422892,457,2305,0,1838,930,-1349174765,179060,900,0.0,180902
Chuffed Dcmp,jobshop,jobshop/jobshop.mzn,jobshop/dzn/ta71_9a_alloc1.dzn:jobshop/generated_bounds/MinDis/ta71_9a_alloc1_MinDis.dzn,SATISFIED,1201.6791318189353,,,MinDis_dcmp,,,minimize,1.89945,,,31,,18250,205703,,,2100,6100,8000,,,,,,,0,8120,4100,,,4000,,
Chuffed Dcmp,jobshop,jobshop/jobshop.mzn,jobshop/dzn/ta48_3a_alloc1.dzn:jobshop/generated_bounds/MinDis/ta48_3a_alloc1_MinDis.dzn,SATISFIED,1200.9027092885226,12,2442,MinDis_dcmp,0.109,1199.362,minimize,0.639166,950604,1082.797,12,214,5494,214,0.0,10.68,630,1830,2400,261763,261763,1218926,148451015,604,3064,0,2440,1230,-754843907,1093679,1200,0.0,1096123
Chuffed Dcmp,jobshop,jobshop/jobshop.mzn,jobshop/dzn/ta73_10a_alloc1.dzn:jobshop/generated_bounds/MinDis/ta73_10a_alloc1_MinDis.dzn,UNKNOWN,1201.4303712956607,0,8126,MinDis_dcmp,0.393,1198.281,minimize,1.80657,12670688,0.0,0,-1,18255,,0.0,3.16,2100,6100,8000,19536,19536,12692226,500828544,2004,10148,0,8124,4100,311747739,945236,4000,0.0,953364
Chuffed Dcmp,jobshop,jobshop/jobshop.mzn,jobshop/dzn/ta72_10a_alloc1.dzn:jobshop/generated_bounds/MinDis/ta72_10a_alloc1_MinDis.dzn,SATISFIED,1201.295323178172,4,8123,MinDis_dcmp,0.393,1198.216,minimize,1.84599,11940164,113.068,4,349984,18252,349984,0.0,3.16,2100,6100,8000,17157,17157,11967371,596039785,2017,10142,0,8121,4100,-43259655,774318,4000,0.0,782443
Chuffed Dcmp,jobshop,jobshop/jobshop.mzn,jobshop/dzn/ta33_2a_alloc1.dzn:jobshop/generated_bounds/MinDis/ta33_2a_alloc1_MinDis.dzn,OPTIMAL_SOLUTION,6.661337548866868,4,1839,MinDis_dcmp,0.082,5.704,minimize,0.524325,54560,5.689,4,0,4135,0,0.0,0.42,480,1380,1800,8544,8544,64870,4450011,460,2305,0,1837,930,-1561668108,151447,900,0.0,153288
Chuffed Dcmp,jobshop,jobshop/jobshop.mzn,jobshop/dzn/ta37_2a_alloc1.dzn:jobshop/generated_bounds/MinDis/ta37_2a_alloc1_MinDis.dzn,SATISFIED,1200.5214110258967,3,1840,MinDis_dcmp,0.085,1199.461,minimize,0.537417,2641631,263.749,3,59536,4136,59536,0.0,0.63,480,1380,1800,1010647,1010647,3653997,392350801,461,2307,0,1838,930,-1341044410,164262,900,0.0,166104
Chuffed Dcmp,jobshop,jobshop/jobshop.mzn,jobshop/dzn/ta46_3a_alloc1.dzn:jobshop/generated_bounds/MinDis/ta46_3a_alloc1_MinDis.dzn,SATISFIED,1200.744328102097,6,2443,MinDis_dcmp,0.113,1199.351,minimize,0.648561,7444408,205.162,6,58372,5495,58372,0.0,7.12,630,1830,2400,757631,757631,8205632,440669614,604,3066,0,2441,1230,-1594833339,614869,1200,0.0,617314
Chuffed Dcmp,jobshop,jobshop/jobshop.mzn,jobshop/dzn/ta73_7a_alloc1.dzn:jobshop/generated_bounds/MinDis/ta73_7a_alloc1_MinDis.dzn,UNKNOWN,1201.1650279592723,0,8114,MinDis_dcmp,0.379,1198.139,minimize,1.87556,18399325,0.0,0,-1,18240,,0.0,3.16,2100,6100,8000,28733,28733,18430059,828591171,2004,10130,0,8112,4100,1317806616,555034,4000,0.0,563150
Chuffed Dcmp,jobshop,jobshop/jobshop.mzn,jobshop/dzn/ta76_8a_alloc1.dzn:jobshop/generated_bounds/MinDis/ta76_8a_alloc1_MinDis.dzn,SATISFIED,1201.688129907474,,,MinDis_dcmp,,,minimize,1.89344,,,114,,18240,7848,,,2100,6100,8000,,,,,,,0,8111,4100,,,4000,,
Chuffed Dcmp,jobshop,jobshop/jobshop.mzn,jobshop/dzn/ta52_5a_alloc1.dzn:jobshop/generated_bounds/MinDis/ta52_5a_alloc1_MinDis.dzn,SATISFIED,1200.7443978469819,24,3066,MinDis_dcmp,0.137,1199.222,minimize,0.776656,5738901,44.101,24,146973,6885,146973,0.0,3.16,800,2300,3000,1068780,1068780,6826365,195739393,762,3833,0,3064,1550,1053354911,579679,1500,0.0,582747
Chuffed Dcmp,jobshop,jobshop/jobshop.mzn,jobshop/dzn/ta42_3a_alloc1.dzn:jobshop/generated_bounds/MinDis/ta42_3a_alloc1_MinDis.dzn,SATISFIED,1200.799576567486,3,2443,MinDis_dcmp,0.113,1199.34,minimize,0.661265,2299938,953.906,3,221320,5495,221320,0.0,0.94,630,1830,2400,342692,342692,2644618,357210028,604,3066,0,2441,1230,-1728062163,610582,1200,0.0,613027
Chuffed Dcmp,jobshop,jobshop/jobshop.mzn,jobshop/dzn/ta31_3a_alloc1.dzn:jobshop/generated_bounds/MinDis/ta31_3a_alloc1_MinDis.dzn,SATISFIED,1200.491189584136,2,1840,MinDis_dcmp,0.081,1199.479,minimize,0.520194,2241885,748.675,2,151718,4137,151718,0.0,0.63,480,1380,1800,975637,975637,3218743,405208428,459,2305,0,1838,930,-1909457701,187280,900,0.0,189122
Chuffed Dcmp,jobshop,jobshop/jobshop.mzn,jobshop/dzn/ta68_3a_alloc1.dzn:jobshop/generated_bounds/MinDis/ta68_3a_alloc1_MinDis.dzn,SATISFIED,1201.094479719177,3,4055,MinDis_dcmp,0.185,1199.006,minimize,1.02108,36921653,0.642,3,1381094,9127,1381094,0.0,10.68,1050,3050,4000,102861,102861,37028544,747168209,1013,5070,0,4053,2050,-358182927,725830,2000,0.0,729887
Chuffed Dcmp,jobshop,jobshop/jobshop.mzn,jobshop/dzn/ta65_4a_alloc1.dzn:jobshop/generated_bounds/MinDis/ta65_4a_alloc1_MinDis.dzn,SATISFIED,1201.2197850886732,55,4060,MinDis_dcmp,0.186,1198.979,minimize,1.02577,27190136,1196.67,55,1,9133,1,0.0,7.12,1050,3050,4000,123333,123333,27368099,662195110,1013,5078,0,4058,2050,282861831,1112949,2000,0.0,1117011
Chuffed Dcmp,jobshop,jobshop/jobshop.mzn,jobshop/dzn/ta38_2a_alloc1.dzn:jobshop/generated_bounds/MinDis/ta38_2a_alloc1_MinDis.dzn,OPTIMAL_SOLUTION,537.3388920612633,2,1839,MinDis_dcmp,0.078,536.349,minimize,0.446592,1134771,536.245,2,0,4135,0,0.0,0.63,480,1380,1800,381094,381094,1516737,199086851,454,2305,0,1837,930,-1304221664,190174,900,0.0,192015
Chuffed Dcmp,jobshop,jobshop/jobshop.mzn,jobshop/dzn/ta67_5a_alloc1.dzn:jobshop/generated_bounds/MinDis/ta67_5a_alloc1_MinDis.dzn,SATISFIED,1200.7206056471914,2,4065,MinDis_dcmp,0.178,1199.079,minimize,0.92092,6782870,27.833,2,738620,9139,738620,0.0,2.11,1050,3050,4000,813223,813223,7598969,242232663,1010,5086,0,4063,2050,-389946048,415980,2000,0.0,420047
Chuffed Dcmp,jobshop,jobshop/jobshop.mzn,jobshop/dzn/ta76_9a_alloc1.dzn:jobshop/generated_bounds/MinDis/ta76_9a_alloc1_MinDis.dzn,SATISFIED,1201.8233058881015,,,MinDis_dcmp,,,minimize,1.92827,,,3,,18245,543576,,,2100,6100,8000,,,,,,,0,8115,4100,,,4000,,
Chuffed Dcmp,jobshop,jobshop/jobshop.mzn,jobshop/dzn/ta76_6a_alloc1.dzn:jobshop/generated_bounds/MinDis/ta76_6a_alloc1_MinDis.dzn,SATISFIED,1201.5965387485921,36,8105,MinDis_dcmp,0.387,1198.058,minimize,1.96179,23685179,641.994,36,167500,18230,167500,0.0,4.75,2100,6100,8000,62462,62462,23821504,175894628,2020,10114,0,8103,4100,1054219753,1800015,4000,0.0,1808122
Chuffed Dcmp,jobshop,jobshop/jobshop.mzn,jobshop/dzn/ta56_4a_alloc1.dzn:jobshop/generated_bounds/MinDis/ta56_4a_alloc1_MinDis.dzn,UNKNOWN,1200.8094493113458,0,3061,MinDis_dcmp,0.135,1199.274,minimize,0.728769,760354,0.0,0,-1,6879,,0.0,16.02,800,2300,3000,149981,149981,911086,3681267,754,3825,0,3059,1550,1661610286,1028497,1500,0.0,1031560
Chuffed Dcmp,jobshop,jobshop/jobshop.mzn,jobshop/dzn/ta80_5a_alloc1.dzn:jobshop/generated_bounds/MinDis/ta80_5a_alloc1_MinDis.dzn,SATISFIED,1201.5463980454952,,,MinDis_dcmp,,,minimize,1.83018,,,43,,18229,690949,,,2100,6100,8000,,,,,,,0,8103,4100,,,4000,,
Chuffed Dcmp,jobshop,jobshop/jobshop.mzn,jobshop/dzn/ta74_5a_alloc1.dzn:jobshop/generated_bounds/MinDis/ta74_5a_alloc1_MinDis.dzn,SATISFIED,1201.5409245807678,,,MinDis_dcmp,,,minimize,1.77728,,,132,,18225,3800,,,2100,6100,8000,,,,,,,0,8099,4100,,,4000,,
Chuffed Dcmp,jobshop,jobshop/jobshop.mzn,jobshop/dzn/ta42_2a_alloc1.dzn:jobshop/generated_bounds/MinDis/ta42_2a_alloc1_MinDis.dzn,OPTIMAL_SOLUTION,803.8948633894324,12,2439,MinDis_dcmp,0.113,802.462,minimize,0.653997,14644920,802.38,12,0,5490,0,0.0,7.12,630,1830,2400,356095,356095,15007779,301934379,604,3060,0,2437,1230,173583325,621513,1200,0.0,623954
Chuffed Dcmp,jobshop,jobshop/jobshop.mzn,jobshop/dzn/ta78_8a_alloc1.dzn:jobshop/generated_bounds/MinDis/ta78_8a_alloc1_MinDis.dzn,UNKNOWN,1201.3628131914884,0,8115,MinDis_dcmp,0.388,1198.217,minimize,1.79026,5017794,0.0,0,-1,18242,,0.0,3.16,2100,6100,8000,19343,19343,5038389,345177140,2004,10130,0,8113,4100,1991101411,1362984,4000,0.0,1371101
Chuffed Dcmp,jobshop,jobshop/jobshop.mzn,jobshop/dzn/ta57_3a_alloc1.dzn:jobshop/generated_bounds/MinDis/ta57_3a_alloc1_MinDis.dzn,UNKNOWN,1200.7478979155421,0,3059,MinDis_dcmp,0.136,1199.29,minimize,0.738795,4327447,0.0,0,-1,6876,,0.0,16.02,800,2300,3000,143799,143799,4471997,7808494,754,3823,0,3057,1550,-136477089,820010,1500,0.0,823071
Chuffed Dcmp,jobshop,jobshop/jobshop.mzn,jobshop/dzn/ta45_3a_alloc1.dzn:jobshop/generated_bounds/MinDis/ta45_3a_alloc1_MinDis.dzn,SATISFIED,1200.6313028056175,8,2439,MinDis_dcmp,0.108,1199.351,minimize,0.648141,2121391,766.868,8,48074,5491,48074,0.0,0.94,630,1830,2400,544773,544773,2670977,445107348,604,3058,0,2437,1230,-163910234,314254,1200,0.0,316695
Chuffed Dcmp,jobshop,jobshop/jobshop.mzn,jobshop/dzn/ta58_5a_alloc1.dzn:jobshop/generated_bounds/MinDis/ta58_5a_alloc1_MinDis.dzn,SATISFIED,1200.867399154231,42,3072,MinDis_dcmp,0.14,1199.233,minimize,0.76547,3530450,148.957,42,28673,6891,28673,0.0,2.11,800,2300,3000,897351,897351,4460011,278276569,763,3845,0,3070,1550,-1065685456,668168,1500,0.0,671242
Chuffed Dcmp,jobshop,jobshop/jobshop.mzn,jobshop/dzn/ta53_3a_alloc1.dzn:jobshop/generated_bounds/MinDis/ta53_3a_alloc1_MinDis.dzn,OPTIMAL_SOLUTION,3.932944554835558,12,3059,MinDis_dcmp,0.133,2.769,minimize,0.692376,106346,2.762,12,0,6876,0,0.0,0.63,800,2300,3000,1009,1009,116436,2543159,764,3823,0,3057,1550,-1200752799,171395,1500,0.0,174456
Chuffed Dcmp,jobshop,jobshop/jobshop.mzn,jobshop/dzn/ta72_7a_alloc1.dzn:jobshop/generated_bounds/MinDis/ta72_7a_alloc1_MinDis.dzn,UNKNOWN,1201.3519865721464,0,8111,MinDis_dcmp,0.384,1198.243,minimize,1.81789,12314909,0.0,0,-1,18237,,0.0,3.16,2100,6100,8000,17277,17277,12334187,595883869,2004,10124,0,8109,4100,2078952356,750767,4000,0.0,758880
Chuffed Dcmp,jobshop,jobshop/jobshop.mzn,jobshop/dzn/ta75_9a_alloc1.dzn:jobshop/generated_bounds/MinDis/ta75_9a_alloc1_MinDis.dzn,UNKNOWN,1201.3597589619458,0,8116,MinDis_dcmp,0.388,1198.093,minimize,1.97778,14239458,0.0,0,-1,18244,,0.0,3.16,2100,6100,8000,19594,19594,14261053,750808122,2004,10130,0,8114,4100,-695658340,705028,4000,0.0,713146
Chuffed Dcmp,jobshop,jobshop/jobshop.mzn,jobshop/dzn/ta72_6a_alloc1.dzn:jobshop/generated_bounds/MinDis/ta72_6a_alloc1_MinDis.dzn,SATISFIED,1201.7342171799392,,,MinDis_dcmp,,,minimize,1.93559,,,70,,18232,299247,,,2100,6100,8000,,,,,,,0,8105,4100,,,4000,,
Chuffed Dcmp,jobshop,jobshop/jobshop.mzn,jobshop/dzn/ta72_9a_alloc1.dzn:jobshop/generated_bounds/MinDis/ta72_9a_alloc1_MinDis.dzn,SATISFIED,1201.5809999592602,2,8119,MinDis_dcmp,0.381,1198.173,minimize,1.90723,566969,452.09,2,683924,18247,683924,0.0,2.11,2100,6100,8000,22110,22110,594311,114798637,2004,10136,0,8117,4100,-1951339562,1437231,4000,0.0,1445352
Chuffed Dcmp,jobshop,jobshop/jobshop.mzn,jobshop/dzn/ta72_5a_alloc1.dzn:jobshop/generated_bounds/MinDis/ta72_5a_alloc1_MinDis.dzn,OPTIMAL_SOLUTION,1099.0019947439432,187,8103,MinDis_dcmp,0.367,1095.46,minimize,1.85549,4243586,1095.355,187,0,18227,0,0.0,3.16,2100,6100,8000,31727,31727,4645679,286029304,2018,10112,0,8101,4100,69239558,2244020,4000,0.0,2252125
Chuffed Dcmp,jobshop,jobshop/jobshop.mzn,jobshop/dzn/ta79_7a_alloc1.dzn:jobshop/generated_bounds/MinDis/ta79_7a_alloc1_MinDis.dzn,SATISFIED,1201.5779080111533,,,MinDis_dcmp,,,minimize,1.92338,,,38,,18236,26093,,,2100,6100,8000,,,,,,,0,8108,4100,,,4000,,
Chuffed Dcmp,jobshop,jobshop/jobshop.mzn,jobshop/dzn/ta80_9a_alloc1.dzn:jobshop/generated_bounds/MinDis/ta80_9a_alloc1_MinDis.dzn,SATISFIED,1201.5529845338315,,,MinDis_dcmp,,,minimize,1.79764,,,54,,18249,206063,,,2100,6100,8000,,,,,,,0,8119,4100,,,4000,,
Chuffed Dcmp,jobshop,jobshop/jobshop.mzn,jobshop/dzn/ta80_8a_alloc1.dzn:jobshop/generated_bounds/MinDis/ta80_8a_alloc1_MinDis.dzn,SATISFIED,1201.2403291612864,4,8117,MinDis_dcmp,0.378,1198.156,minimize,1.90513,10071268,8.27,4,358924,18244,358924,0.0,3.16,2100,6100,8000,13708,13708,10095040,703828702,2016,10134,0,8115,4100,996035609,545065,4000,0.0,553184
Chuffed Dcmp,jobshop,jobshop/jobshop.mzn,jobshop/dzn/ta34_3a_alloc1.dzn:jobshop/generated_bounds/MinDis/ta34_3a_alloc1_MinDis.dzn,SATISFIED,1200.544517043978,9,1844,MinDis_dcmp,0.081,1199.511,minimize,0.489744,3258806,1057.773999,9,69932,4141,69932,0.0,1.41,480,1380,1800,881183,881183,4144368,378441927,461,2313,0,1842,930,-173747376,306983,900,0.0,308829
Chuffed Dcmp,jobshop,jobshop/jobshop.mzn,jobshop/dzn/ta74_10a_alloc1.dzn:jobshop/generated_bounds/MinDis/ta74_10a_alloc1_MinDis.dzn,SATISFIED,1201.6151758916676,,,MinDis_dcmp,,,minimize,1.79307,,,29,,18250,217741,,,2100,6100,8000,,,,,,,0,8119,4100,,,4000,,
Chuffed Dcmp,jobshop,jobshop/jobshop.mzn,jobshop/dzn/ta55_3a_alloc1.dzn:jobshop/generated_bounds/MinDis/ta55_3a_alloc1_MinDis.dzn,SATISFIED,1200.5799149610102,1,3058,MinDis_dcmp,0.134,1199.199,minimize,0.798345,3131794,0.151,1,564521,6875,564521,0.0,0.94,800,2300,3000,1140551,1140551,4273772,315019241,755,3821,0,3056,1550,-1938453029,174952,1500,0.0,178012
Chuffed Dcmp,jobshop,jobshop/jobshop.mzn,jobshop/dzn/ta35_2a_alloc1.dzn:jobshop/generated_bounds/MinDis/ta35_2a_alloc1_MinDis.dzn,OPTIMAL_SOLUTION,117.52046681009233,2,1837,MinDis_dcmp,0.079,116.583,minimize,0.493933,394304,116.484,2,0,4133,0,0.0,0.94,480,1380,1800,130694,130694,525913,50064748,460,2301,0,1835,930,1896164621,183622,900,0.0,185461
Chuffed Dcmp,jobshop,jobshop/jobshop.mzn,jobshop/dzn/ta43_2a_alloc1.dzn:jobshop/generated_bounds/MinDis/ta43_2a_alloc1_MinDis.dzn,OPTIMAL_SOLUTION,765.0367542319,5,2433,MinDis_dcmp,0.111,763.77,minimize,0.660274,2123632,763.696,5,0,5484,0,0.0,0.63,630,1830,2400,186601,186601,2312677,370647984,604,3048,0,2431,1230,375360589,402433,1200,0.0,404868
Chuffed Dcmp,jobshop,jobshop/jobshop.mzn,jobshop/dzn/ta38_3a_alloc1.dzn:jobshop/generated_bounds/MinDis/ta38_3a_alloc1_MinDis.dzn,SATISFIED,1200.570863775909,6,1843,MinDis_dcmp,0.081,1199.473,minimize,0.526242,1975493,741.839,6,223142,4140,223142,0.0,0.63,480,1380,1800,1025526,1025526,3003943,462342088,454,2311,0,1841,930,1412725604,190157,900,0.0,192002
Chuffed Dcmp,jobshop,jobshop/jobshop.mzn,jobshop/dzn/ta69_4a_alloc1.dzn:jobshop/generated_bounds/MinDis/ta69_4a_alloc1_MinDis.dzn,SATISFIED,1200.8717939872295,82,4063,MinDis_dcmp,0.184,1198.966,minimize,1.0339,3330225,1161.291,82,445,9136,445,0.0,1.41,1050,3050,4000,743322,743322,4154150,243113218,1016,5084,0,4061,2050,291252518,695814,2000,0.0,699879
Chuffed Dcmp,jobshop,jobshop/jobshop.mzn,jobshop/dzn/ta71_6a_alloc1.dzn:jobshop/generated_bounds/MinDis/ta71_6a_alloc1_MinDis.dzn,UNKNOWN,1201.3774903994054,0,8110,MinDis_dcmp,0.39,1198.121,minimize,1.90346,9821090,0.0,0,-1,18235,,0.0,2.11,2100,6100,8000,17669,17669,9840170,419173169,2004,10124,0,8108,4100,1348578286,1136252,4000,0.0,1144364
Chuffed Dcmp,jobshop,jobshop/jobshop.mzn,jobshop/dzn/ta80_6a_alloc1.dzn:jobshop/generated_bounds/MinDis/ta80_6a_alloc1_MinDis.dzn,SATISFIED,1201.5897667482495,42,8109,MinDis_dcmp,0.395,1198.156,minimize,1.8446,3771114,974.797,42,915532,18234,915532,0.0,2.11,2100,6100,8000,29942,29942,3886488,213979325,2016,10122,0,8107,4100,1029658498,2017184,4000,0.0,2025295
Chuffed Dcmp,jobshop,jobshop/jobshop.mzn,jobshop/dzn/ta77_7a_alloc1.dzn:jobshop/generated_bounds/MinDis/ta77_7a_alloc1_MinDis.dzn,UNKNOWN,1201.5994357448071,0,8118,MinDis_dcmp,0.393,1198.105,minimize,1.91692,17979268,0.0,0,-1,18244,,0.0,3.16,2100,6100,8000,29291,29291,18010560,626540089,2004,10138,0,8116,4100,-949662788,1107102,4000,0.0,1115222
Chuffed Dcmp,jobshop,jobshop/jobshop.mzn,jobshop/dzn/ta59_4a_alloc1.dzn:jobshop/generated_bounds/MinDis/ta59_4a_alloc1_MinDis.dzn,SATISFIED,1200.9260466527194,17,3063,MinDis_dcmp,0.138,1199.234,minimize,0.795086,7443491,849.085,17,606846,6881,606846,0.0,3.16,800,2300,3000,58353,58353,7514976,315959064,762,3829,0,3061,1550,490064753,991119,1500,0.0,994184
Chuffed Dcmp,jobshop,jobshop/jobshop.mzn,jobshop/dzn/ta80_10a_alloc1.dzn:jobshop/generated_bounds/MinDis/ta80_10a_alloc1_MinDis.dzn,SATISFIED,1201.5516403969377,,,MinDis_dcmp,,,minimize,1.9065,,,49,,18254,73365,,,2100,6100,8000,,,,,,,0,8123,4100,,,4000,,
Chuffed Dcmp,jobshop,jobshop/jobshop.mzn,jobshop/dzn/ta71_7a_alloc1.dzn:jobshop/generated_bounds/MinDis/ta71_7a_alloc1_MinDis.dzn,UNKNOWN,1201.4537051599473,0,8114,MinDis_dcmp,0.394,1198.293,minimize,1.79134,838701,0.0,0,-1,18240,,0.0,1.41,2100,6100,8000,18215,18215,858209,86201172,2004,10130,0,8112,4100,1148212752,1442272,4000,0.0,1450388
Chuffed Dcmp,jobshop,jobshop/jobshop.mzn,jobshop/dzn/ta64_3a_alloc1.dzn:jobshop/generated_bounds/MinDis/ta64_3a_alloc1_MinDis.dzn,SATISFIED,1200.8854716308415,5,4048,MinDis_dcmp,0.182,1199.003,minimize,1.00085,16127968,12.683,5,170627,9120,170627,0.0,4.75,1050,3050,4000,74547,74547,16208559,574496985,1015,5056,0,4046,2050,-101701250,488442,2000,0.0,492492
Chuffed Dcmp,jobshop,jobshop/jobshop.mzn,jobshop/dzn/ta79_8a_alloc1.dzn:jobshop/generated_bounds/MinDis/ta79_8a_alloc1_MinDis.dzn,SATISFIED,1201.2837103530765,2,8114,MinDis_dcmp,0.38,1198.179,minimize,1.90303,11261811,240.13,2,734802,18241,734802,0.0,3.16,2100,6100,8000,15270,15270,11283120,738535441,2019,10128,0,8112,4100,-1006309850,529653,4000,0.0,537769
Chuffed Dcmp,jobshop,jobshop/jobshop.mzn,jobshop/dzn/ta73_8a_alloc1.dzn:jobshop/generated_bounds/MinDis/ta73_8a_alloc1_MinDis.dzn,UNKNOWN,1201.4260221812874,0,8118,MinDis_dcmp,0.395,1198.146,minimize,1.87329,31280852,0.0,0,-1,18245,,0.0,3.16,2100,6100,8000,41305,41305,31324158,553843890,2004,10136,0,8116,4100,1058492323,940123,4000,0.0,948243
Chuffed Dcmp,jobshop,jobshop/jobshop.mzn,jobshop/dzn/ta63_5a_alloc1.dzn:jobshop/generated_bounds/MinDis/ta63_5a_alloc1_MinDis.dzn,SATISFIED,1200.927576052025,59,4068,MinDis_dcmp,0.186,1198.973,minimize,1.02435,4392620,62.444,59,15627,9142,15627,0.0,0.94,1050,3050,4000,691977,691977,5143999,275702086,1014,5092,0,4066,2050,181984413,507827,2000,0.0,511897
Chuffed Dcmp,jobshop,jobshop/jobshop.mzn,jobshop/dzn/ta41_3a_alloc1.dzn:jobshop/generated_bounds/MinDis/ta41_3a_alloc1_MinDis.dzn,OPTIMAL_SOLUTION,1068.6750262267888,9,2443,MinDis_dcmp,0.115,1067.371,minimize,0.660778,3299135,91.768,9,2,5495,2,0.0,1.41,630,1830,2400,192347,192347,3496054,518558782,604,3066,0,2441,1230,2133982761,510713,1200,0.0,513158
Chuffed Dcmp,jobshop,jobshop/jobshop.mzn,jobshop/dzn/ta76_5a_alloc1.dzn:jobshop/generated_bounds/MinDis/ta76_5a_alloc1_MinDis.dzn,UNKNOWN,1201.468095621094,0,8101,MinDis_dcmp,0.38,1198.143,minimize,1.87842,38074754,0.0,0,-1,18225,,0.0,10.68,2100,6100,8000,118658,118658,38195413,81387260,2004,10108,0,8099,4100,-1801706445,1100606,4000,0.0,1108709
Chuffed Dcmp,jobshop,jobshop/jobshop.mzn,jobshop/dzn/ta60_3a_alloc1.dzn:jobshop/generated_bounds/MinDis/ta60_3a_alloc1_MinDis.dzn,SATISFIED,1200.9284909553826,1,3062,MinDis_dcmp,0.134,1199.252,minimize,0.754585,32599708,463.492,1,3433112,6879,3433112,0.0,10.68,800,2300,3000,499463,499463,33100685,245966623,763,3829,0,3060,1550,-2108231151,716757,1500,0.0,719821
Chuffed Dcmp,jobshop,jobshop/jobshop.mzn,jobshop/dzn/ta74_9a_alloc1.dzn:jobshop/generated_bounds/MinDis/ta74_9a_alloc1_MinDis.dzn,UNKNOWN,1201.1938624139875,0,8117,MinDis_dcmp,0.391,1198.306,minimize,1.77099,11464871,0.0,0,-1,18245,,0.0,3.16,2100,6100,8000,14490,14490,11481362,789921600,2004,10132,0,8115,4100,-831845135,506331,4000,0.0,514450
Chuffed Dcmp,jobshop,jobshop/jobshop.mzn,jobshop/dzn/ta70_4a_alloc1.dzn:jobshop/generated_bounds/MinDis/ta70_4a_alloc1_MinDis.dzn,SATISFIED,1201.0960124656558,37,4058,MinDis_dcmp,0.196,1198.961,minimize,1.03848,9954025,718.597,37,26823,9131,26823,0.0,7.12,1050,3050,4000,334668,334668,10326490,449035984,1015,5074,0,4056,2050,-1403877192,1175000,2000,0.0,1179060
Chuffed Dcmp,jobshop,jobshop/jobshop.mzn,jobshop/dzn/ta62_4a_alloc1.dzn:jobshop/generated_bounds/MinDis/ta62_4a_alloc1_MinDis.dzn,UNKNOWN,1200.9251220673323,0,4063,MinDis_dcmp,0.191,1198.991,minimize,1.02386,10463304,0.0,0,-1,9136,,0.0,10.68,1050,3050,4000,136655,136655,10600960,14617694,1004,5084,0,4061,2050,1753040691,966410,2000,0.0,970475
Chuffed Dcmp,jobshop,jobshop/jobshop.mzn,jobshop/dzn/ta32_3a_alloc1.dzn:jobshop/generated_bounds/MinDis/ta32_3a_alloc1_MinDis.dzn,SATISFIED,1200.747171651572,15,1843,MinDis_dcmp,0.082,1199.477,minimize,0.521394,13581715,312.005,15,210,4140,210,0.0,7.12,480,1380,1800,828209,828209,14416859,410913470,459,2311,0,1841,930,1713918279,699372,900,0.0,701217
Chuffed Dcmp,jobshop,jobshop/jobshop.mzn,jobshop/dzn/ta41_2a_alloc1.dzn:jobshop/generated_bounds/MinDis/ta41_2a_alloc1_MinDis.dzn,UNKNOWN,1200.764226384461,0,2439,MinDis_dcmp,0.11,1199.346,minimize,0.663153,34904634,0.0,0,-1,5490,,0.0,10.68,630,1830,2400,134239,134239,35039474,40210145,604,3060,0,2437,1230,387925866,698854,1200,0.0,701295
Chuffed Dcmp,jobshop,jobshop/jobshop.mzn,jobshop/dzn/ta71_5a_alloc1.dzn:jobshop/generated_bounds/MinDis/ta71_5a_alloc1_MinDis.dzn,SATISFIED,1201.2597274668515,4,8106,MinDis_dcmp,0.382,1198.163,minimize,1.89161,11419758,24.652,4,2679738,18230,2679738,0.0,3.16,2100,6100,8000,28919,28919,11458745,674683859,2017,10118,0,8104,4100,1509342129,600878,4000,0.0,608986
Chuffed Dcmp,jobshop,jobshop/jobshop.mzn,jobshop/dzn/ta44_3a_alloc1.dzn:jobshop/generated_bounds/MinDis/ta44_3a_alloc1_MinDis.dzn,SATISFIED,1200.5300070289522,3,2442,MinDis_dcmp,0.107,1199.419,minimize,0.57988,1771896,1119.376,3,128222,5494,128222,0.0,0.94,630,1830,2400,689047,689047,2463194,436647264,611,3064,0,2440,1230,236668893,247345,1200,0.0,249789
Chuffed Dcmp,jobshop,jobshop/jobshop.mzn,jobshop/dzn/ta47_2a_alloc1.dzn:jobshop/generated_bounds/MinDis/ta47_2a_alloc1_MinDis.dzn,OPTIMAL_SOLUTION,75.80755217559636,11,2438,MinDis_dcmp,0.11,74.573,minimize,0.650915,1123447,73.364,11,7310,5489,7310,0.0,0.63,630,1830,2400,30221,30221,1157919,41930081,604,3058,0,2436,1230,-189766392,279112,1200,0.0,281552
Chuffed Dcmp,jobshop,jobshop/jobshop.mzn,jobshop/dzn/ta54_5a_alloc1.dzn:jobshop/generated_bounds/MinDis/ta54_5a_alloc1_MinDis.dzn,SATISFIED,1201.0957399606705,35,3069,MinDis_dcmp,0.134,1199.289,minimize,0.723108,24225666,1150.169,35,423117,6888,423117,0.0,10.68,800,2300,3000,94962,94962,24347332,640643730,761,3839,0,3067,1550,939578200,1128076,1500,0.0,1131147
Chuffed Dcmp,jobshop,jobshop/jobshop.mzn,jobshop/dzn/ta67_3a_alloc1.dzn:jobshop/generated_bounds/MinDis/ta67_3a_alloc1_MinDis.dzn,SATISFIED,1200.9950966760516,3,4057,MinDis_dcmp,0.191,1199.011,minimize,0.998004,32940071,13.251,3,3205409,9129,3205409,0.0,10.68,1050,3050,4000,117459,117459,33061558,748808369,1009,5074,0,4055,2050,864442346,741297,2000,0.0,745356
Chuffed Dcmp,jobshop,jobshop/jobshop.mzn,jobshop/dzn/ta56_5a_alloc1.dzn:jobshop/generated_bounds/MinDis/ta56_5a_alloc1_MinDis.dzn,SATISFIED,1200.6181433014572,21,3065,MinDis_dcmp,0.138,1199.227,minimize,0.772325,8192752,130.979999,21,1511,6884,1511,0.0,2.11,800,2300,3000,1234439,1234439,9443833,375035028,764,3831,0,3063,1550,-583888103,360962,1500,0.0,364029
Chuffed Dcmp,jobshop,jobshop/jobshop.mzn,jobshop/dzn/ta77_9a_alloc1.dzn:jobshop/generated_bounds/MinDis/ta77_9a_alloc1_MinDis.dzn,SATISFIED,1201.600693559274,47,8126,MinDis_dcmp,0.401,1198.173,minimize,1.85629,6056787,1019.36,47,132588,18254,132588,0.0,3.16,2100,6100,8000,16224,16224,6168372,326642189,2019,10150,0,8124,4100,2013929684,1935723,4000,0.0,1943851
Chuffed Dcmp,jobshop,jobshop/jobshop.mzn,jobshop/dzn/ta61_4a_alloc1.dzn:jobshop/generated_bounds/MinDis/ta61_4a_alloc1_MinDis.dzn,UNKNOWN,1200.9350339937955,0,4059,MinDis_dcmp,0.194,1199.032,minimize,0.974908,19680768,0.0,0,-1,9132,,0.0,16.02,1050,3050,4000,140464,140464,19822233,23627035,1004,5076,0,4057,2050,-115383757,968857,2000,0.0,972918
Chuffed Dcmp,jobshop,jobshop/jobshop.mzn,jobshop/dzn/ta43_3a_alloc1.dzn:jobshop/generated_bounds/MinDis/ta43_3a_alloc1_MinDis.dzn,SATISFIED,1200.7158453315496,8,2437,MinDis_dcmp,0.108,1199.393,minimize,0.605529,1523962,1182.349,8,71102,5489,71102,0.0,0.94,630,1830,2400,197809,197809,1725953,287085504,604,3054,0,2435,1230,91914792,717117,1200,0.0,719556
Chuffed Dcmp,jobshop,jobshop/jobshop.mzn,jobshop/dzn/ta40_3a_alloc1.dzn:jobshop/generated_bounds/MinDis/ta40_3a_alloc1_MinDis.dzn,UNKNOWN,1200.673589201644,0,1840,MinDis_dcmp,0.079,1199.512,minimize,0.487719,4725516,0.0,0,-1,4137,,0.0,10.68,480,1380,1800,910756,910756,5636586,379029855,454,2305,0,1838,930,-415763816,652845,900,0.0,654687
Chuffed Dcmp,jobshop,jobshop/jobshop.mzn,jobshop/dzn/ta66_5a_alloc1.dzn:jobshop/generated_bounds/MinDis/ta66_5a_alloc1_MinDis.dzn,SATISFIED,1200.9232253320515,35,4064,MinDis_dcmp,0.186,1198.982,minimize,1.01659,7714959,205.358,35,77512,9138,77512,0.0,3.16,1050,3050,4000,715420,715420,8466480,242662259,1013,5084,0,4062,2050,-732086361,728568,2000,0.0,732634
Chuffed Dcmp,jobshop,jobshop/jobshop.mzn,jobshop/dzn/ta61_3a_alloc1.dzn:jobshop/generated_bounds/MinDis/ta61_3a_alloc1_MinDis.dzn,SATISFIED,1200.7906354982406,30,4055,MinDis_dcmp,0.185,1198.97,minimize,1.0298,1746307,106.405,30,21532,9127,21532,0.0,1.41,1050,3050,4000,474837,474837,2251830,328869479,1014,5070,0,4053,2050,-56961442,450807,2000,0.0,454864
Chuffed Dcmp,jobshop,jobshop/jobshop.mzn,jobshop/dzn/ta77_10a_alloc1.dzn:jobshop/generated_bounds/MinDis/ta77_10a_alloc1_MinDis.dzn,UNKNOWN,1201.6897264011204,,,MinDis_dcmp,,,minimize,1.8606,,,0,,18259,,,,2100,6100,8000,,,,,,,0,8128,4100,,,4000,,
Chuffed Dcmp,jobshop,jobshop/jobshop.mzn,jobshop/dzn/ta52_4a_alloc1.dzn:jobshop/generated_bounds/MinDis/ta52_4a_alloc1_MinDis.dzn,UNKNOWN,1200.7975248992443,0,3062,MinDis_dcmp,0.134,1199.254,minimize,0.743046,3492995,0.0,0,-1,6880,,0.0,10.68,800,2300,3000,450739,450739,3944415,92230706,754,3827,0,3060,1550,1532874643,987372,1500,0.0,990436
Chuffed Dcmp,jobshop,jobshop/jobshop.mzn,jobshop/dzn/ta44_2a_alloc1.dzn:jobshop/generated_bounds/MinDis/ta44_2a_alloc1_MinDis.dzn,SATISFIED,1200.6681465376168,7,2438,MinDis_dcmp,0.113,1199.328,minimize,0.670112,8493079,777.144,7,2304,5489,2304,0.0,3.16,630,1830,2400,589890,589890,9087578,419204111,611,3058,0,2436,1230,1598758914,428180,1200,0.0,430620
Chuffed Dcmp,jobshop,jobshop/jobshop.mzn,jobshop/dzn/ta74_7a_alloc1.dzn:jobshop/generated_bounds/MinDis/ta74_7a_alloc1_MinDis.dzn,UNKNOWN,1201.2583239171654,0,8109,MinDis_dcmp,0.389,1198.031,minimize,1.98542,20521444,0.0,0,-1,18235,,0.0,3.16,2100,6100,8000,26224,26224,20549669,763265139,2004,10120,0,8107,4100,136084979,560816,4000,0.0,568927
