configuration,problem,model,data_file,status,time,restarts,intVars,run,initTime,solveTime,method,flatTime,backjumps,optTime,nSolutions,solver_objective,flatIntConstraints,objective,baseMem,trailMem,eliminatedImplications,flatBoolVars,flatBoolConstraints,failures,nogoods,nodes,propagations,peakDepth,propagators,paths,flatIntVars,evaluatedHalfReifiedConstraints,randomSeed,boolVariables,evaluatedReifiedConstraints,peakMem,variables
Chuffed Prop,jobshop,jobshop/jobshop_gini.mzn,jobshop/dzn/ta77_7a_alloc1.dzn:jobshop/generated_bounds/MinDis/ta77_7a_alloc1_MinDis.dzn,SATISFIED,1201.1526646148413,,,MinDis,,,minimize,1.88031,,,123,,18214,29,,,2100,6100,8000,,,,,,,0,8094,4100,,,4000,,
Chuffed BB,jobshop,jobshop/jobshop_gini.mzn,jobshop/dzn/ta39_3a_alloc1.dzn:jobshop/generated_bounds/MinDis/ta39_3a_alloc1_MinDis.dzn,SATISFIED,1200.5694171264768,3,1829,MinDis,0.083,1199.473,minimize,0.524178,1104662,436.52,3,556,4123,556,0.0,0.63,480,1380,1800,728548,728548,1834844,478467921,458,2291,0,1828,930,-567056834,178243,900,0.0,180074
Chuffed BBval,jobshop,jobshop/jobshop_gini.mzn,jobshop/dzn/ta44_3a_alloc1.dzn:jobshop/generated_bounds/MinDis/ta44_3a_alloc1_MinDis.dzn,SATISFIED,1200.5938604231924,1,2432,MinDis,0.111,1199.312,minimize,0.688739,2076484,25.88,1,606,5480,606,0.0,0.94,630,1830,2400,765320,765320,2842858,477907188,611,3050,0,2430,1230,1883037987,236897,1200,0.0,239331
Chuffed Prop,jobshop,jobshop/jobshop_gini.mzn,jobshop/dzn/ta60_5a_alloc1.dzn:jobshop/generated_bounds/MinDis/ta60_5a_alloc1_MinDis.dzn,SATISFIED,1200.4670376013964,,,MinDis,,,minimize,0.77479,,,27,,6867,1236,,,800,2300,3000,,,,,,,0,3052,1550,,,1500,,
Chuffed BB,jobshop,jobshop/jobshop_gini.mzn,jobshop/dzn/ta69_5a_alloc1.dzn:jobshop/generated_bounds/MinDis/ta69_5a_alloc1_MinDis.dzn,SATISFIED,1200.7862394731492,30,4050,MinDis,0.189,1198.987,minimize,1.01444,2447002,273.477,30,254,9119,254,0.0,1.41,1050,3050,4000,649936,649936,3128098,309854789,1016,5068,0,4049,2050,1848565513,424392,2000,0.0,428444
Chuffed Prop,jobshop,jobshop/jobshop_gini.mzn,jobshop/dzn/ta75_5a_alloc1.dzn:jobshop/generated_bounds/MinDis/ta75_5a_alloc1_MinDis.dzn,OPTIMAL_SOLUTION,1127.4261608831584,84,8083,MinDis,0.39,1123.852,minimize,1.87624,3196436,1123.761,84,0,18202,0,0.0,3.16,2100,6100,8000,108237,108237,3486511,498090867,2019,10084,0,8082,4100,1772021650,1490702,4000,0.0,1498787
Chuffed BB,jobshop,jobshop/jobshop_gini.mzn,jobshop/dzn/ta45_3a_alloc1.dzn:jobshop/generated_bounds/MinDis/ta45_3a_alloc1_MinDis.dzn,SATISFIED,1200.564781975001,7,2428,MinDis,0.111,1199.386,minimize,0.612379,2118859,993.856,7,338,5477,338,0.0,0.94,630,1830,2400,534212,534212,2657384,435025427,604,3044,0,2427,1230,-1607874206,273611,1200,0.0,276041
Chuffed BBval,jobshop,jobshop/jobshop_gini.mzn,jobshop/dzn/ta56_5a_alloc1.dzn:jobshop/generated_bounds/MinDis/ta56_5a_alloc1_MinDis.dzn,SATISFIED,1200.6201254110783,28,3049,MinDis,0.137,1199.234,minimize,0.764637,4704283,36.152,28,54,6862,54,0.0,0.94,800,2300,3000,945894,945894,5672130,249268167,764,3809,0,3047,1550,-99559459,297440,1500,0.0,300491
Chuffed BBval,jobshop,jobshop/jobshop_gini.mzn,jobshop/dzn/ta71_9a_alloc1.dzn:jobshop/generated_bounds/MinDis/ta71_9a_alloc1_MinDis.dzn,SATISFIED,1201.1049721930176,15,8094,MinDis,0.386,1198.087,minimize,1.91517,3993764,1020.513,15,548,18212,548,0.0,2.11,2100,6100,8000,187754,187754,4213103,981409750,2017,10104,0,8092,4100,1987362515,618896,4000,0.0,626992
Chuffed Prop,jobshop,jobshop/jobshop_gini.mzn,jobshop/dzn/ta80_7a_alloc1.dzn:jobshop/generated_bounds/MinDis/ta80_7a_alloc1_MinDis.dzn,SATISFIED,1200.6862063668668,,,MinDis,,,minimize,1.8917,,,108,,18209,153,,,2100,6100,8000,,,,,,,0,8089,4100,,,4000,,
Chuffed Prop,jobshop,jobshop/jobshop_gini.mzn,jobshop/dzn/ta80_8a_alloc1.dzn:jobshop/generated_bounds/MinDis/ta80_8a_alloc1_MinDis.dzn,SATISFIED,1200.6504715476185,,,MinDis,,,minimize,1.88457,,,52,,18210,209,,,2100,6100,8000,,,,,,,0,8090,4100,,,4000,,
Chuffed Prop,jobshop,jobshop/jobshop_gini.mzn,jobshop/dzn/ta77_10a_alloc1.dzn:jobshop/generated_bounds/MinDis/ta77_10a_alloc1_MinDis.dzn,SATISFIED,1200.675101807341,,,MinDis,,,minimize,1.89372,,,74,,18217,1824,,,2100,6100,8000,,,,,,,0,8097,4100,,,4000,,
Chuffed BBval,jobshop,jobshop/jobshop_gini.mzn,jobshop/dzn/ta79_6a_alloc1.dzn:jobshop/generated_bounds/MinDis/ta79_6a_alloc1_MinDis.dzn,SATISFIED,1201.2424755059183,52,8087,MinDis,0.396,1198.062,minimize,1.94228,2623782,929.456,52,973,18205,973,0.0,2.11,2100,6100,8000,114750,114750,2844811,657190649,2020,10090,0,8085,4100,-907135767,1077620,4000,0.0,1085709
Chuffed Prop,jobshop,jobshop/jobshop_gini.mzn,jobshop/dzn/ta45_3a_alloc1.dzn:jobshop/generated_bounds/MinDis/ta45_3a_alloc1_MinDis.dzn,SATISFIED,1200.4166048076004,,,MinDis,,,minimize,0.665073,,,7,,5477,338,,,630,1830,2400,,,,,,,0,2427,1230,,,1200,,
Chuffed BBval,jobshop,jobshop/jobshop_gini.mzn,jobshop/dzn/ta64_5a_alloc1.dzn:jobshop/generated_bounds/MinDis/ta64_5a_alloc1_MinDis.dzn,SATISFIED,1200.8624833226204,29,4040,MinDis,0.186,1198.983,minimize,1.01831,2697240,1086.242,29,933,9108,933,0.0,0.94,1050,3050,4000,1034716,1034716,3762148,334059307,1017,5046,0,4038,2050,818524515,374782,2000,0.0,378824
Chuffed BBval,jobshop,jobshop/jobshop_gini.mzn,jobshop/dzn/ta53_5a_alloc1.dzn:jobshop/generated_bounds/MinDis/ta53_5a_alloc1_MinDis.dzn,SATISFIED,1200.627752237022,7,3051,MinDis,0.138,1199.222,minimize,0.781051,3559512,0.761,7,967,6864,967,0.0,0.63,800,2300,3000,1398414,1398414,4963915,311459896,765,3813,0,3049,1550,-745365122,193684,1500,0.0,196737
Chuffed Prop,jobshop,jobshop/jobshop_gini.mzn,jobshop/dzn/ta54_3a_alloc1.dzn:jobshop/generated_bounds/MinDis/ta54_3a_alloc1_MinDis.dzn,SATISFIED,1200.4586971271783,,,MinDis,,,minimize,0.771699,,,18,,6864,1,,,800,2300,3000,,,,,,,0,3049,1550,,,1500,,
Chuffed BB,jobshop,jobshop/jobshop_gini.mzn,jobshop/dzn/ta54_3a_alloc1.dzn:jobshop/generated_bounds/MinDis/ta54_3a_alloc1_MinDis.dzn,SATISFIED,1200.6404198873788,18,3050,MinDis,0.139,1199.239,minimize,0.764804,2633557,99.714,18,1,6864,1,0.0,0.94,800,2300,3000,893147,893147,3541013,311925304,763,3813,0,3049,1550,-811970104,318265,1500,0.0,321317
Chuffed Prop,jobshop,jobshop/jobshop_gini.mzn,jobshop/dzn/ta37_3a_alloc1.dzn:jobshop/generated_bounds/MinDis/ta37_3a_alloc1_MinDis.dzn,SATISFIED,1200.4421739075333,,,MinDis,,,minimize,0.515081,,,3,,4127,457,,,480,1380,1800,,,,,,,0,1832,930,,,900,,
Chuffed BB,jobshop,jobshop/jobshop_gini.mzn,jobshop/dzn/ta78_6a_alloc1.dzn:jobshop/generated_bounds/MinDis/ta78_6a_alloc1_MinDis.dzn,SATISFIED,1201.2302681580186,63,8087,MinDis,0.383,1198.078,minimize,1.92373,2688723,1058.367999,63,742,18206,742,0.0,2.11,2100,6100,8000,121834,121834,2939045,422631269,2022,10092,0,8086,4100,-1100893050,1143322,4000,0.0,1151411
Chuffed BBval,jobshop,jobshop/jobshop_gini.mzn,jobshop/dzn/ta67_3a_alloc1.dzn:jobshop/generated_bounds/MinDis/ta67_3a_alloc1_MinDis.dzn,SATISFIED,1200.705762732774,32,4047,MinDis,0.186,1198.991,minimize,1.00798,11740316,1153.867,32,3,9115,3,0.0,0.94,1050,3050,4000,550739,550739,12323950,1024714831,1010,5060,0,4045,2050,-253866374,269171,2000,0.0,273220
Chuffed BBval,jobshop,jobshop/jobshop_gini.mzn,jobshop/dzn/ta48_3a_alloc1.dzn:jobshop/generated_bounds/MinDis/ta48_3a_alloc1_MinDis.dzn,SATISFIED,1200.5629036575556,10,2432,MinDis,0.111,1199.355,minimize,0.650178,4614763,685.708,10,33,5480,33,0.0,0.63,630,1830,2400,297107,297107,4917602,608935018,604,3050,0,2430,1230,1474888611,277633,1200,0.0,280067
Chuffed Prop,jobshop,jobshop/jobshop_gini.mzn,jobshop/dzn/ta55_4a_alloc1.dzn:jobshop/generated_bounds/MinDis/ta55_4a_alloc1_MinDis.dzn,SATISFIED,1200.4479998219758,,,MinDis,,,minimize,0.770796,,,26,,6862,81,,,800,2300,3000,,,,,,,0,3047,1550,,,1500,,
Chuffed BB,jobshop,jobshop/jobshop_gini.mzn,jobshop/dzn/ta64_4a_alloc1.dzn:jobshop/generated_bounds/MinDis/ta64_4a_alloc1_MinDis.dzn,SATISFIED,1200.7614707369357,16,4038,MinDis,0.186,1198.995,minimize,1.0082,1457409,777.341,16,218,9107,218,0.0,1.41,1050,3050,4000,553293,553293,2027716,314805668,1018,5044,0,4037,2050,-2054813209,374310,2000,0.0,378350
Chuffed BBval,jobshop,jobshop/jobshop_gini.mzn,jobshop/dzn/ta51_3a_alloc1.dzn:jobshop/generated_bounds/MinDis/ta51_3a_alloc1_MinDis.dzn,SATISFIED,1200.6015133298934,8,3051,MinDis,0.139,1199.196,minimize,0.802245,4388034,1.024,8,1425,6864,1425,0.0,0.94,800,2300,3000,1229048,1229048,5623836,217855617,763,3813,0,3049,1550,1992121334,207714,1500,0.0,210767
Chuffed Prop,jobshop,jobshop/jobshop_gini.mzn,jobshop/dzn/ta50_2a_alloc1.dzn:jobshop/generated_bounds/MinDis/ta50_2a_alloc1_MinDis.dzn,OPTIMAL_SOLUTION,369.96625406853855,14,2432,MinDis,0.114,368.698,minimize,0.650871,1233842,160.538,14,39,5481,39,0.0,0.63,630,1830,2400,104400,104400,1345062,226642497,603,3052,0,2431,1230,1772019959,274327,1200,0.0,276761
Chuffed Prop,jobshop,jobshop/jobshop_gini.mzn,jobshop/dzn/ta46_3a_alloc1.dzn:jobshop/generated_bounds/MinDis/ta46_3a_alloc1_MinDis.dzn,SATISFIED,1200.42433071509,,,MinDis,,,minimize,0.651583,,,6,,5481,341,,,630,1830,2400,,,,,,,0,2431,1230,,,1200,,
Chuffed Prop,jobshop,jobshop/jobshop_gini.mzn,jobshop/dzn/ta58_5a_alloc1.dzn:jobshop/generated_bounds/MinDis/ta58_5a_alloc1_MinDis.dzn,SATISFIED,1200.444251395762,,,MinDis,,,minimize,0.776579,,,16,,6869,442,,,800,2300,3000,,,,,,,0,3054,1550,,,1500,,
Chuffed Prop,jobshop,jobshop/jobshop_gini.mzn,jobshop/dzn/ta79_8a_alloc1.dzn:jobshop/generated_bounds/MinDis/ta79_8a_alloc1_MinDis.dzn,SATISFIED,1200.6504365000874,,,MinDis,,,minimize,1.87777,,,40,,18207,239,,,2100,6100,8000,,,,,,,0,8087,4100,,,4000,,
Chuffed BB,jobshop,jobshop/jobshop_gini.mzn,jobshop/dzn/ta53_4a_alloc1.dzn:jobshop/generated_bounds/MinDis/ta53_4a_alloc1_MinDis.dzn,SATISFIED,1200.5824999194592,2,3049,MinDis,0.139,1199.225,minimize,0.77349,2621447,5.225,2,1538,6863,1538,0.0,0.94,800,2300,3000,1245516,1245516,3869174,298538042,766,3811,0,3048,1550,-1633246334,178699,1500,0.0,181750
Chuffed Prop,jobshop,jobshop/jobshop_gini.mzn,jobshop/dzn/ta73_7a_alloc1.dzn:jobshop/generated_bounds/MinDis/ta73_7a_alloc1_MinDis.dzn,SATISFIED,1200.6883762739599,,,MinDis,,,minimize,1.89907,,,182,,18210,137,,,2100,6100,8000,,,,,,,0,8090,4100,,,4000,,
Chuffed BBval,jobshop,jobshop/jobshop_gini.mzn,jobshop/dzn/ta78_10a_alloc1.dzn:jobshop/generated_bounds/MinDis/ta78_10a_alloc1_MinDis.dzn,SATISFIED,1201.1752151306719,14,8092,MinDis,0.378,1198.12,minimize,1.88403,4534090,509.739,14,1028,18210,1028,0.0,2.11,2100,6100,8000,201972,201972,4765638,896662647,2020,10100,0,8090,4100,-1902667693,682230,4000,0.0,690324
Chuffed BB,jobshop,jobshop/jobshop_gini.mzn,jobshop/dzn/ta68_4a_alloc1.dzn:jobshop/generated_bounds/MinDis/ta68_4a_alloc1_MinDis.dzn,SATISFIED,1200.8010375611484,26,4045,MinDis,0.188,1198.985,minimize,1.02047,1682097,650.64,26,1091,9114,1091,0.0,1.41,1050,3050,4000,551435,551435,2260591,350576889,1014,5058,0,4044,2050,1717994111,404942,2000,0.0,408989
Chuffed Prop,jobshop,jobshop/jobshop_gini.mzn,jobshop/dzn/ta49_3a_alloc1.dzn:jobshop/generated_bounds/MinDis/ta49_3a_alloc1_MinDis.dzn,SATISFIED,1200.4317650143057,,,MinDis,,,minimize,0.654503,,,11,,5479,37,,,630,1830,2400,,,,,,,0,2429,1230,,,1200,,
Chuffed BB,jobshop,jobshop/jobshop_gini.mzn,jobshop/dzn/ta65_4a_alloc1.dzn:jobshop/generated_bounds/MinDis/ta65_4a_alloc1_MinDis.dzn,SATISFIED,1200.737238381058,51,4046,MinDis,0.193,1198.949,minimize,1.05604,5365666,732.821,51,1,9115,1,0.0,0.94,1050,3050,4000,267954,267954,5685450,538430616,1014,5060,0,4045,2050,1556306438,388939,2000,0.0,392987
Chuffed Prop,jobshop,jobshop/jobshop_gini.mzn,jobshop/dzn/ta70_4a_alloc1.dzn:jobshop/generated_bounds/MinDis/ta70_4a_alloc1_MinDis.dzn,SATISFIED,1200.5544983576983,,,MinDis,,,minimize,1.007919,,,22,,9113,211,,,1050,3050,4000,,,,,,,0,4043,2050,,,2000,,
Chuffed BBval,jobshop,jobshop/jobshop_gini.mzn,jobshop/dzn/ta72_8a_alloc1.dzn:jobshop/generated_bounds/MinDis/ta72_8a_alloc1_MinDis.dzn,SATISFIED,1201.1635054834187,23,8090,MinDis,0.383,1198.077,minimize,1.93406,3135099,322.256,23,1034,18208,1034,0.0,2.11,2100,6100,8000,135687,135687,3318451,864620383,2018,10096,0,8088,4100,1187221661,815363,4000,0.0,823455
Chuffed Prop,jobshop,jobshop/jobshop_gini.mzn,jobshop/dzn/ta69_5a_alloc1.dzn:jobshop/generated_bounds/MinDis/ta69_5a_alloc1_MinDis.dzn,SATISFIED,1200.4962197206914,,,MinDis,,,minimize,1.015239,,,26,,9119,254,,,1050,3050,4000,,,,,,,0,4049,2050,,,2000,,
Chuffed BBval,jobshop,jobshop/jobshop_gini.mzn,jobshop/dzn/ta75_6a_alloc1.dzn:jobshop/generated_bounds/MinDis/ta75_6a_alloc1_MinDis.dzn,SATISFIED,1201.1813320666552,21,8085,MinDis,0.377,1198.15,minimize,1.86395,3649052,553.626,21,722,18203,722,0.0,2.11,2100,6100,8000,168196,168196,3860911,858960000,2018,10086,0,8083,4100,343868994,746553,4000,0.0,754640
Chuffed BBval,jobshop,jobshop/jobshop_gini.mzn,jobshop/dzn/ta74_8a_alloc1.dzn:jobshop/generated_bounds/MinDis/ta74_8a_alloc1_MinDis.dzn,SATISFIED,1201.17125884071,14,8088,MinDis,0.385,1198.11,minimize,1.89018,3760538,683.406,14,1091,18206,1091,0.0,2.11,2100,6100,8000,167843,167843,3957889,988850779,2019,10092,0,8086,4100,-282788682,702317,4000,0.0,710407
Chuffed BBval,jobshop,jobshop/jobshop_gini.mzn,jobshop/dzn/ta76_5a_alloc1.dzn:jobshop/generated_bounds/MinDis/ta76_5a_alloc1_MinDis.dzn,SATISFIED,1201.1826369594783,45,8085,MinDis,0.386,1198.102,minimize,1.90205,3110747,1183.128,45,332,18203,332,0.0,2.11,2100,6100,8000,136944,136944,3339917,742078908,2020,10086,0,8083,4100,1643783800,896843,4000,0.0,904930
Chuffed Prop,jobshop,jobshop/jobshop_gini.mzn,jobshop/dzn/ta72_10a_alloc1.dzn:jobshop/generated_bounds/MinDis/ta72_10a_alloc1_MinDis.dzn,SATISFIED,1200.6712137944996,,,MinDis,,,minimize,1.89175,,,54,,18210,1176,,,2100,6100,8000,,,,,,,0,8090,4100,,,4000,,
Chuffed BB,jobshop,jobshop/jobshop_gini.mzn,jobshop/dzn/ta71_5a_alloc1.dzn:jobshop/generated_bounds/MinDis/ta71_5a_alloc1_MinDis.dzn,SATISFIED,1201.4346969276667,95,8089,MinDis,0.389,1198.112,minimize,1.90094,2596255,1046.27,95,350,18208,350,0.0,2.11,2100,6100,8000,124200,124200,2913340,432404930,2019,10096,0,8088,4100,1094458053,1239191,4000,0.0,1247282
Chuffed Prop,jobshop,jobshop/jobshop_gini.mzn,jobshop/dzn/ta72_5a_alloc1.dzn:jobshop/generated_bounds/MinDis/ta72_5a_alloc1_MinDis.dzn,OPTIMAL_SOLUTION,501.98503167741,120,8086,MinDis,0.382,498.336,minimize,1.9095,1396801,498.249,120,0,18205,0,0.0,2.11,2100,6100,8000,45936,45936,1688919,229691332,2018,10090,0,8085,4100,1772023762,1602793,4000,0.0,1610881
Chuffed BB,jobshop,jobshop/jobshop_gini.mzn,jobshop/dzn/ta52_4a_alloc1.dzn:jobshop/generated_bounds/MinDis/ta52_4a_alloc1_MinDis.dzn,UNKNOWN,1200.5941543709487,0,3048,MinDis,0.14,1199.221,minimize,0.776164,4468674,0.0,0,-1,6862,,0.0,0.94,800,2300,3000,945781,945781,5415114,230726220,754,3809,0,3047,1550,451640244,179149,1500,0.0,182199
Chuffed BBval,jobshop,jobshop/jobshop_gini.mzn,jobshop/dzn/ta54_5a_alloc1.dzn:jobshop/generated_bounds/MinDis/ta54_5a_alloc1_MinDis.dzn,SATISFIED,1200.5294811278582,44,3053,MinDis,0.139,1199.215,minimize,0.78389,9216453,1012.278,44,1061,6866,1061,0.0,0.63,800,2300,3000,614856,614856,9865178,846623774,761,3817,0,3051,1550,-570286475,237502,1500,0.0,240557
Chuffed Prop,jobshop,jobshop/jobshop_gini.mzn,jobshop/dzn/ta49_2a_alloc1.dzn:jobshop/generated_bounds/MinDis/ta49_2a_alloc1_MinDis.dzn,OPTIMAL_SOLUTION,198.20007355697453,5,2429,MinDis,0.114,196.949,minimize,0.665197,517902,196.827,5,0,5478,0,0.0,0.94,630,1830,2400,141580,141580,662449,96160983,610,3046,0,2428,1230,1772022465,241121,1200,0.0,243552
Chuffed BB,jobshop,jobshop/jobshop_gini.mzn,jobshop/dzn/ta77_7a_alloc1.dzn:jobshop/generated_bounds/MinDis/ta77_7a_alloc1_MinDis.dzn,SATISFIED,1201.1965788509697,43,8095,MinDis,0.386,1198.085,minimize,1.9147,2426200,1114.68,43,428,18214,428,0.0,2.11,2100,6100,8000,113033,113033,2627243,529311769,2020,10108,0,8094,4100,-1338807007,988000,4000,0.0,996097
Chuffed BB,jobshop,jobshop/jobshop_gini.mzn,jobshop/dzn/ta38_2a_alloc1.dzn:jobshop/generated_bounds/MinDis/ta38_2a_alloc1_MinDis.dzn,OPTIMAL_SOLUTION,544.6090109553188,2,1831,MinDis,0.083,543.612,minimize,0.510831,1036619,543.502,2,0,4125,0,0.0,0.63,480,1380,1800,446633,446633,1484141,228126689,454,2295,0,1830,930,-677155618,177554,900,0.0,179387
Chuffed BB,jobshop,jobshop/jobshop_gini.mzn,jobshop/dzn/ta64_3a_alloc1.dzn:jobshop/generated_bounds/MinDis/ta64_3a_alloc1_MinDis.dzn,SATISFIED,1200.7473725769669,15,4037,MinDis,0.183,1198.989,minimize,1.00837,3118444,741.783,15,229,9106,229,0.0,0.94,1050,3050,4000,920485,920485,4054950,286651765,1016,5042,0,4036,2050,-1651238343,345995,2000,0.0,350034
Chuffed BB,jobshop,jobshop/jobshop_gini.mzn,jobshop/dzn/ta77_5a_alloc1.dzn:jobshop/generated_bounds/MinDis/ta77_5a_alloc1_MinDis.dzn,SATISFIED,1201.344521785155,67,8093,MinDis,0.393,1198.069,minimize,1.93772,2830272,605.457,67,756,18212,756,0.0,2.11,2100,6100,8000,130457,130457,3097179,456402612,2019,10104,0,8092,4100,827988847,1094365,4000,0.0,1102460
Chuffed BB,jobshop,jobshop/jobshop_gini.mzn,jobshop/dzn/ta80_8a_alloc1.dzn:jobshop/generated_bounds/MinDis/ta80_8a_alloc1_MinDis.dzn,SATISFIED,1201.236080357805,25,8091,MinDis,0.378,1198.132,minimize,1.87893,2309719,1082.931,25,361,18210,361,0.0,2.11,2100,6100,8000,106518,106518,2467942,665397915,2017,10100,0,8090,4100,448569877,839247,4000,0.0,847340
Chuffed Prop,jobshop,jobshop/jobshop_gini.mzn,jobshop/dzn/ta52_3a_alloc1.dzn:jobshop/generated_bounds/MinDis/ta52_3a_alloc1_MinDis.dzn,UNKNOWN,1200.441338736564,,,MinDis,,,minimize,0.772501,,,0,,6861,,,,800,2300,3000,,,,,,,0,3046,1550,,,1500,,
Chuffed Prop,jobshop,jobshop/jobshop_gini.mzn,jobshop/dzn/ta37_2a_alloc1.dzn:jobshop/generated_bounds/MinDis/ta37_2a_alloc1_MinDis.dzn,SATISFIED,1200.4018658995628,,,MinDis,,,minimize,0.514877,,,3,,4126,299,,,480,1380,1800,,,,,,,0,1831,930,,,900,,
Chuffed BB,jobshop,jobshop/jobshop_gini.mzn,jobshop/dzn/ta67_4a_alloc1.dzn:jobshop/generated_bounds/MinDis/ta67_4a_alloc1_MinDis.dzn,SATISFIED,1200.7191611174494,23,4047,MinDis,0.187,1198.982,minimize,1.01589,6293005,941.376,23,13,9116,13,0.0,0.94,1050,3050,4000,351706,351706,6668017,742478336,1012,5062,0,4046,2050,-1956727757,355430,2000,0.0,359479
Chuffed BBval,jobshop,jobshop/jobshop_gini.mzn,jobshop/dzn/ta60_5a_alloc1.dzn:jobshop/generated_bounds/MinDis/ta60_5a_alloc1_MinDis.dzn,SATISFIED,1200.6627974435687,27,3054,MinDis,0.136,1199.228,minimize,0.770581,5464432,824.075,27,1236,6867,1236,0.0,0.94,800,2300,3000,1126435,1126435,6611997,257918654,765,3819,0,3052,1550,930847950,288366,1500,0.0,291422
Chuffed BBval,jobshop,jobshop/jobshop_gini.mzn,jobshop/dzn/ta42_3a_alloc1.dzn:jobshop/generated_bounds/MinDis/ta42_3a_alloc1_MinDis.dzn,SATISFIED,1200.5712331272662,2,2433,MinDis,0.113,1199.325,minimize,0.682195,2789268,614.808,2,657,5481,657,0.0,0.94,630,1830,2400,452004,452004,3242696,550516065,604,3052,0,2431,1230,834608193,262286,1200,0.0,264721
Chuffed Prop,jobshop,jobshop/jobshop_gini.mzn,jobshop/dzn/ta71_6a_alloc1.dzn:jobshop/generated_bounds/MinDis/ta71_6a_alloc1_MinDis.dzn,SATISFIED,1200.6368969958276,,,MinDis,,,minimize,1.87273,,,309,,18209,55,,,2100,6100,8000,,,,,,,0,8089,4100,,,4000,,
Chuffed Prop,jobshop,jobshop/jobshop_gini.mzn,jobshop/dzn/ta77_6a_alloc1.dzn:jobshop/generated_bounds/MinDis/ta77_6a_alloc1_MinDis.dzn,OPTIMAL_SOLUTION,1085.4193165265024,144,8094,MinDis,0.393,1081.837,minimize,1.87951,3360415,1047.479,144,2,18213,2,0.0,2.11,2100,6100,8000,107571,107571,3759401,329897450,2019,10106,0,8093,4100,1772016959,1621124,4000,0.0,1629220
Chuffed BBval,jobshop,jobshop/jobshop_gini.mzn,jobshop/dzn/ta71_10a_alloc1.dzn:jobshop/generated_bounds/MinDis/ta71_10a_alloc1_MinDis.dzn,SATISFIED,1201.157680356875,17,8095,MinDis,0.38,1198.153,minimize,1.85577,3990473,961.882,17,1158,18213,1158,0.0,2.11,2100,6100,8000,188458,188458,4214549,980755636,2017,10106,0,8093,4100,569422880,677743,4000,0.0,685840
Chuffed BB,jobshop,jobshop/jobshop_gini.mzn,jobshop/dzn/ta60_5a_alloc1.dzn:jobshop/generated_bounds/MinDis/ta60_5a_alloc1_MinDis.dzn,SATISFIED,1200.7035108357668,27,3053,MinDis,0.141,1199.226,minimize,0.771452,5457576,829.586,27,1236,6867,1236,0.0,0.94,800,2300,3000,1104458,1104458,6583168,255967902,766,3819,0,3052,1550,186975824,286778,1500,0.0,289833
Chuffed BBval,jobshop,jobshop/jobshop_gini.mzn,jobshop/dzn/ta50_2a_alloc1.dzn:jobshop/generated_bounds/MinDis/ta50_2a_alloc1_MinDis.dzn,SATISFIED,1200.5396905131638,14,2433,MinDis,0.109,1199.358,minimize,0.64118,4725127,683.296,14,39,5481,39,0.0,0.63,630,1830,2400,291263,291263,5023593,701272333,604,3052,0,2431,1230,696582497,274668,1200,0.0,277103
Chuffed BBval,jobshop,jobshop/jobshop_gini.mzn,jobshop/dzn/ta72_6a_alloc1.dzn:jobshop/generated_bounds/MinDis/ta72_6a_alloc1_MinDis.dzn,SATISFIED,1201.296407148242,25,8088,MinDis,0.374,1198.111,minimize,1.90204,2955515,75.526,25,790,18206,790,0.0,2.11,2100,6100,8000,128565,128565,3135784,830085675,2018,10092,0,8086,4100,-1336862988,834858,4000,0.0,842948
Chuffed BBval,jobshop,jobshop/jobshop_gini.mzn,jobshop/dzn/ta55_4a_alloc1.dzn:jobshop/generated_bounds/MinDis/ta55_4a_alloc1_MinDis.dzn,SATISFIED,1200.5124769229442,20,3049,MinDis,0.136,1199.237,minimize,0.761878,12836050,103.888,20,227,6862,227,0.0,0.42,800,2300,3000,849295,849295,13701014,908155375,762,3809,0,3047,1550,1812005238,167697,1500,0.0,170748
Chuffed BBval,jobshop,jobshop/jobshop_gini.mzn,jobshop/dzn/ta49_2a_alloc1.dzn:jobshop/generated_bounds/MinDis/ta49_2a_alloc1_MinDis.dzn,OPTIMAL_SOLUTION,246.0314439125359,5,2430,MinDis,0.107,244.884,minimize,0.637984,655983,244.812,5,0,5478,0,0.0,0.94,630,1830,2400,150658,150658,809648,117891499,610,3046,0,2428,1230,863628383,243965,1200,0.0,246397
Chuffed Prop,jobshop,jobshop/jobshop_gini.mzn,jobshop/dzn/ta72_6a_alloc1.dzn:jobshop/generated_bounds/MinDis/ta72_6a_alloc1_MinDis.dzn,OPTIMAL_SOLUTION,420.1679616868496,94,8087,MinDis,0.375,416.694,minimize,1.88583,1853426,346.771,94,20,18206,20,0.0,2.11,2100,6100,8000,51180,51180,2094928,215747671,2018,10092,0,8086,4100,1772018114,1491711,4000,0.0,1499800
Chuffed BB,jobshop,jobshop/jobshop_gini.mzn,jobshop/dzn/ta31_3a_alloc1.dzn:jobshop/generated_bounds/MinDis/ta31_3a_alloc1_MinDis.dzn,SATISFIED,1200.5140693318099,2,1829,MinDis,0.084,1199.488,minimize,0.510287,2522554,770.702,2,793,4123,793,0.0,0.63,480,1380,1800,983771,983771,3507567,424856649,460,2291,0,1828,930,1587512410,187735,900,0.0,189566
Chuffed Prop,jobshop,jobshop/jobshop_gini.mzn,jobshop/dzn/ta74_8a_alloc1.dzn:jobshop/generated_bounds/MinDis/ta74_8a_alloc1_MinDis.dzn,SATISFIED,1200.682883741334,,,MinDis,,,minimize,1.89117,,,133,,18206,71,,,2100,6100,8000,,,,,,,0,8086,4100,,,4000,,
Chuffed Prop,jobshop,jobshop/jobshop_gini.mzn,jobshop/dzn/ta75_9a_alloc1.dzn:jobshop/generated_bounds/MinDis/ta75_9a_alloc1_MinDis.dzn,SATISFIED,1200.6681265830994,,,MinDis,,,minimize,1.87883,,,117,,18206,513,,,2100,6100,8000,,,,,,,0,8086,4100,,,4000,,
Chuffed BBval,jobshop,jobshop/jobshop_gini.mzn,jobshop/dzn/ta80_9a_alloc1.dzn:jobshop/generated_bounds/MinDis/ta80_9a_alloc1_MinDis.dzn,SATISFIED,1201.147250154987,38,8093,MinDis,0.371,1198.166,minimize,1.83376,2807994,241.113,38,1516,18211,1516,0.0,2.11,2100,6100,8000,131828,131828,3017689,715489359,2016,10102,0,8091,4100,-1371390167,928301,4000,0.0,936396
Chuffed Prop,jobshop,jobshop/jobshop_gini.mzn,jobshop/dzn/ta71_10a_alloc1.dzn:jobshop/generated_bounds/MinDis/ta71_10a_alloc1_MinDis.dzn,SATISFIED,1200.6641137078404,,,MinDis,,,minimize,1.88616,,,45,,18213,492,,,2100,6100,8000,,,,,,,0,8093,4100,,,4000,,
Chuffed BBval,jobshop,jobshop/jobshop_gini.mzn,jobshop/dzn/ta77_6a_alloc1.dzn:jobshop/generated_bounds/MinDis/ta77_6a_alloc1_MinDis.dzn,SATISFIED,1201.1095753181726,31,8095,MinDis,0.393,1198.078,minimize,1.9208,3091464,698.867,31,497,18213,497,0.0,2.11,2100,6100,8000,140628,140628,3295921,787844887,2019,10106,0,8093,4100,1480212265,780363,4000,0.0,788460
Chuffed BBval,jobshop,jobshop/jobshop_gini.mzn,jobshop/dzn/ta74_10a_alloc1.dzn:jobshop/generated_bounds/MinDis/ta74_10a_alloc1_MinDis.dzn,SATISFIED,1201.1784952078015,11,8090,MinDis,0.38,1198.085,minimize,1.91524,3980259,1194.081,11,968,18208,968,0.0,2.11,2100,6100,8000,178415,178415,4182136,1052739042,2019,10096,0,8088,4100,-866548232,680453,4000,0.0,688545
Chuffed Prop,jobshop,jobshop/jobshop_gini.mzn,jobshop/dzn/ta80_9a_alloc1.dzn:jobshop/generated_bounds/MinDis/ta80_9a_alloc1_MinDis.dzn,SATISFIED,1200.65110443905,,,MinDis,,,minimize,1.84561,,,111,,18211,339,,,2100,6100,8000,,,,,,,0,8091,4100,,,4000,,
Chuffed BB,jobshop,jobshop/jobshop_gini.mzn,jobshop/dzn/ta72_7a_alloc1.dzn:jobshop/generated_bounds/MinDis/ta72_7a_alloc1_MinDis.dzn,SATISFIED,1201.3292962554842,93,8088,MinDis,0.38,1198.129,minimize,1.8951,2211738,1175.653,93,318,18207,318,0.0,2.11,2100,6100,8000,101048,101048,2501737,420449327,2020,10094,0,8087,4100,190997435,1362741,4000,0.0,1370831
Chuffed BB,jobshop,jobshop/jobshop_gini.mzn,jobshop/dzn/ta80_6a_alloc1.dzn:jobshop/generated_bounds/MinDis/ta80_6a_alloc1_MinDis.dzn,SATISFIED,1201.3139743059874,47,8089,MinDis,0.38,1198.085,minimize,1.92441,2520524,933.034,47,873,18208,873,0.0,2.11,2100,6100,8000,119566,119566,2736022,564672335,2017,10096,0,8088,4100,-1094599822,1042159,4000,0.0,1050250
Chuffed BB,jobshop,jobshop/jobshop_gini.mzn,jobshop/dzn/ta80_7a_alloc1.dzn:jobshop/generated_bounds/MinDis/ta80_7a_alloc1_MinDis.dzn,SATISFIED,1201.3091873675585,63,8090,MinDis,0.38,1198.107,minimize,1.89381,2113326,1172.458,63,496,18209,496,0.0,2.11,2100,6100,8000,97006,97006,2338644,586811138,2018,10098,0,8089,4100,1425384716,1166968,4000,0.0,1175060
Chuffed BB,jobshop,jobshop/jobshop_gini.mzn,jobshop/dzn/ta47_2a_alloc1.dzn:jobshop/generated_bounds/MinDis/ta47_2a_alloc1_MinDis.dzn,OPTIMAL_SOLUTION,71.45630129612982,10,2430,MinDis,0.111,70.313,minimize,0.649575,328342,68.748,10,98,5479,98,0.0,0.63,630,1830,2400,28992,28992,361266,42046198,604,3048,0,2429,1230,973456702,237037,1200,0.0,239469
Chuffed BBval,jobshop,jobshop/jobshop_gini.mzn,jobshop/dzn/ta76_10a_alloc1.dzn:jobshop/generated_bounds/MinDis/ta76_10a_alloc1_MinDis.dzn,SATISFIED,1201.1338139194995,42,8090,MinDis,0.386,1198.079,minimize,1.92127,2967452,140.09,42,1013,18208,1013,0.0,2.11,2100,6100,8000,131617,131617,3185199,699908213,2020,10096,0,8088,4100,-1108248756,879283,4000,0.0,887375
Chuffed BBval,jobshop,jobshop/jobshop_gini.mzn,jobshop/dzn/ta40_3a_alloc1.dzn:jobshop/generated_bounds/MinDis/ta40_3a_alloc1_MinDis.dzn,UNKNOWN,1200.450955376029,0,1830,MinDis,0.083,1199.477,minimize,0.523041,2234493,0.0,0,-1,4123,,0.0,0.94,480,1380,1800,1016128,1016128,3250933,455909775,454,2291,0,1828,930,-1734140233,158408,900,0.0,160240
Chuffed BB,jobshop,jobshop/jobshop_gini.mzn,jobshop/dzn/ta44_3a_alloc1.dzn:jobshop/generated_bounds/MinDis/ta44_3a_alloc1_MinDis.dzn,SATISFIED,1200.5575822833925,1,2431,MinDis,0.112,1199.393,minimize,0.608837,2105820,25.615,1,606,5480,606,0.0,0.94,630,1830,2400,783209,783209,2890049,486835702,612,3050,0,2430,1230,-979613232,236896,1200,0.0,239329
Chuffed BB,jobshop,jobshop/jobshop_gini.mzn,jobshop/dzn/ta60_4a_alloc1.dzn:jobshop/generated_bounds/MinDis/ta60_4a_alloc1_MinDis.dzn,SATISFIED,1200.6382003836334,56,3052,MinDis,0.141,1199.218,minimize,0.78039,1731307,354.217,56,92,6866,92,0.0,0.94,800,2300,3000,631708,631708,2406274,310543673,765,3817,0,3051,1550,1271637239,331697,1500,0.0,334751
Chuffed BB,jobshop,jobshop/jobshop_gini.mzn,jobshop/dzn/ta65_5a_alloc1.dzn:jobshop/generated_bounds/MinDis/ta65_5a_alloc1_MinDis.dzn,SATISFIED,1200.7357374485582,2,4047,MinDis,0.195,1198.984,minimize,1.01354,1819905,469.05,2,822,9116,822,0.0,0.94,1050,3050,4000,860413,860413,2683233,303311151,1015,5062,0,4046,2050,-876759022,273826,2000,0.0,277875
Chuffed Prop,jobshop,jobshop/jobshop_gini.mzn,jobshop/dzn/ta72_8a_alloc1.dzn:jobshop/generated_bounds/MinDis/ta72_8a_alloc1_MinDis.dzn,SATISFIED,1200.6592894420028,,,MinDis,,,minimize,1.90374,,,79,,18208,319,,,2100,6100,8000,,,,,,,0,8088,4100,,,4000,,
Chuffed Prop,jobshop,jobshop/jobshop_gini.mzn,jobshop/dzn/ta38_2a_alloc1.dzn:jobshop/generated_bounds/MinDis/ta38_2a_alloc1_MinDis.dzn,OPTIMAL_SOLUTION,518.406299315393,2,1831,MinDis,0.082,517.384,minimize,0.512036,1046842,517.308,2,0,4125,0,0.0,0.63,480,1380,1800,453292,453292,1501006,231524548,453,2295,0,1830,930,1772012605,177248,900,0.0,179081
Chuffed BB,jobshop,jobshop/jobshop_gini.mzn,jobshop/dzn/ta78_9a_alloc1.dzn:jobshop/generated_bounds/MinDis/ta78_9a_alloc1_MinDis.dzn,SATISFIED,1201.3349897321314,63,8090,MinDis,0.386,1198.117,minimize,1.88729,1965231,801.609,63,911,18209,911,0.0,2.11,2100,6100,8000,86409,86409,2180117,530671035,2021,10098,0,8089,4100,-986310206,1145978,4000,0.0,1154070
Chuffed BBval,jobshop,jobshop/jobshop_gini.mzn,jobshop/dzn/ta33_3a_alloc1.dzn:jobshop/generated_bounds/MinDis/ta33_3a_alloc1_MinDis.dzn,SATISFIED,1200.4994250778109,1,1833,MinDis,0.086,1199.468,minimize,0.529469,2188784,3.201,1,2871,4126,2871,0.0,0.94,480,1380,1800,1047767,1047767,3237311,401139946,459,2297,0,1831,930,1212605363,168509,900,0.0,170344
Chuffed BBval,jobshop,jobshop/jobshop_gini.mzn,jobshop/dzn/ta45_3a_alloc1.dzn:jobshop/generated_bounds/MinDis/ta45_3a_alloc1_MinDis.dzn,SATISFIED,1200.579649625346,7,2429,MinDis,0.112,1199.359,minimize,0.647024,2248208,922.13,7,338,5477,338,0.0,0.94,630,1830,2400,524088,524088,2776601,448975448,604,3044,0,2427,1230,-380480791,277286,1200,0.0,279717
Chuffed Prop,jobshop,jobshop/jobshop_gini.mzn,jobshop/dzn/ta72_9a_alloc1.dzn:jobshop/generated_bounds/MinDis/ta72_9a_alloc1_MinDis.dzn,SATISFIED,1200.6382115408778,,,MinDis,,,minimize,1.88349,,,40,,18209,924,,,2100,6100,8000,,,,,,,0,8089,4100,,,4000,,
Chuffed Prop,jobshop,jobshop/jobshop_gini.mzn,jobshop/dzn/ta77_5a_alloc1.dzn:jobshop/generated_bounds/MinDis/ta77_5a_alloc1_MinDis.dzn,SATISFIED,1200.6619680989534,,,MinDis,,,minimize,1.86516,,,114,,18212,237,,,2100,6100,8000,,,,,,,0,8092,4100,,,4000,,
Chuffed BBval,jobshop,jobshop/jobshop_gini.mzn,jobshop/dzn/ta66_4a_alloc1.dzn:jobshop/generated_bounds/MinDis/ta66_4a_alloc1_MinDis.dzn,SATISFIED,1200.7569425590336,10,4047,MinDis,0.186,1198.987,minimize,1.01105,1914790,114.406,10,516,9115,516,0.0,0.94,1050,3050,4000,592135,592135,2517868,300759794,1014,5060,0,4045,2050,1176297578,369072,2000,0.0,373121
Chuffed BBval,jobshop,jobshop/jobshop_gini.mzn,jobshop/dzn/ta74_9a_alloc1.dzn:jobshop/generated_bounds/MinDis/ta74_9a_alloc1_MinDis.dzn,SATISFIED,1201.179669579491,23,8089,MinDis,0.388,1198.091,minimize,1.91183,3564861,951.445,23,782,18207,782,0.0,3.16,2100,6100,8000,159862,159862,3772402,957846508,2019,10094,0,8087,4100,2097177669,849574,4000,0.0,857665
Chuffed BB,jobshop,jobshop/jobshop_gini.mzn,jobshop/dzn/ta61_4a_alloc1.dzn:jobshop/generated_bounds/MinDis/ta61_4a_alloc1_MinDis.dzn,SATISFIED,1200.8099085912108,69,4045,MinDis,0.191,1198.974,minimize,1.02383,2876142,508.066,69,11,9114,11,0.0,0.94,1050,3050,4000,348474,348474,3295034,358250369,1015,5058,0,4044,2050,432569594,511007,2000,0.0,515054
Chuffed BBval,jobshop,jobshop/jobshop_gini.mzn,jobshop/dzn/ta39_3a_alloc1.dzn:jobshop/generated_bounds/MinDis/ta39_3a_alloc1_MinDis.dzn,SATISFIED,1200.46909221448,3,1830,MinDis,0.08,1199.488,minimize,0.51168,1103752,434.578,3,556,4123,556,0.0,0.63,480,1380,1800,726776,726776,1832167,477236849,457,2291,0,1828,930,-386657229,178245,900,0.0,180077
Chuffed BB,jobshop,jobshop/jobshop_gini.mzn,jobshop/dzn/ta76_9a_alloc1.dzn:jobshop/generated_bounds/MinDis/ta76_9a_alloc1_MinDis.dzn,SATISFIED,1201.263527924195,69,8088,MinDis,0.389,1198.086,minimize,1.9178,2022781,999.373,69,1306,18207,1306,0.0,2.11,2100,6100,8000,90311,90311,2253801,417802543,2021,10094,0,8087,4100,1149274928,1102123,4000,0.0,1110213
Chuffed Prop,jobshop,jobshop/jobshop_gini.mzn,jobshop/dzn/ta41_2a_alloc1.dzn:jobshop/generated_bounds/MinDis/ta41_2a_alloc1_MinDis.dzn,OPTIMAL_SOLUTION,195.68117417022586,6,2431,MinDis,0.114,194.448,minimize,0.657445,698887,194.358,6,0,5480,0,0.0,0.63,630,1830,2400,99223,99223,801405,99969014,603,3050,0,2430,1230,1772017538,254918,1200,0.0,257351
Chuffed Prop,jobshop,jobshop/jobshop_gini.mzn,jobshop/dzn/ta59_3a_alloc1.dzn:jobshop/generated_bounds/MinDis/ta59_3a_alloc1_MinDis.dzn,SATISFIED,1200.4413048047572,,,MinDis,,,minimize,0.775393,,,3,,6862,856,,,800,2300,3000,,,,,,,0,3047,1550,,,1500,,
Chuffed BB,jobshop,jobshop/jobshop_gini.mzn,jobshop/dzn/ta72_10a_alloc1.dzn:jobshop/generated_bounds/MinDis/ta72_10a_alloc1_MinDis.dzn,SATISFIED,1201.2096673250198,47,8091,MinDis,0.375,1198.112,minimize,1.90044,1593375,522.621,47,1615,18210,1615,0.0,2.11,2100,6100,8000,68593,68593,1758084,555976403,2019,10100,0,8090,4100,620246710,1077913,4000,0.0,1086006
Chuffed BB,jobshop,jobshop/jobshop_gini.mzn,jobshop/dzn/ta55_3a_alloc1.dzn:jobshop/generated_bounds/MinDis/ta55_3a_alloc1_MinDis.dzn,SATISFIED,1200.6513505186886,1,3047,MinDis,0.14,1199.233,minimize,0.764356,3219936,0.281,1,835,6861,835,0.0,0.94,800,2300,3000,1121548,1121548,4342907,301936039,756,3807,0,3046,1550,-1348785378,175799,1500,0.0,178848
Chuffed BBval,jobshop,jobshop/jobshop_gini.mzn,jobshop/dzn/ta80_5a_alloc1.dzn:jobshop/generated_bounds/MinDis/ta80_5a_alloc1_MinDis.dzn,SATISFIED,1201.1759363878518,24,8089,MinDis,0.376,1198.142,minimize,1.85879,3165236,163.063,24,963,18207,963,0.0,2.11,2100,6100,8000,146965,146965,3361869,852968712,2016,10094,0,8087,4100,-1577017631,790942,4000,0.0,799033
Chuffed Prop,jobshop,jobshop/jobshop_gini.mzn,jobshop/dzn/ta60_3a_alloc1.dzn:jobshop/generated_bounds/MinDis/ta60_3a_alloc1_MinDis.dzn,SATISFIED,1200.4532262198627,,,MinDis,,,minimize,0.775215,,,9,,6865,743,,,800,2300,3000,,,,,,,0,3050,1550,,,1500,,
Chuffed Prop,jobshop,jobshop/jobshop_gini.mzn,jobshop/dzn/ta79_9a_alloc1.dzn:jobshop/generated_bounds/MinDis/ta79_9a_alloc1_MinDis.dzn,OPTIMAL_SOLUTION,633.6409989520907,93,8089,MinDis,0.382,630.14,minimize,1.89016,4186299,196.912,93,112,18208,112,0.0,2.11,2100,6100,8000,108404,108404,4484623,241728220,2020,10096,0,8088,4100,1772014609,1485717,4000,0.0,1493808
Chuffed Prop,jobshop,jobshop/jobshop_gini.mzn,jobshop/dzn/ta72_7a_alloc1.dzn:jobshop/generated_bounds/MinDis/ta72_7a_alloc1_MinDis.dzn,SATISFIED,1200.670688983053,,,MinDis,,,minimize,1.89707,,,174,,18207,39,,,2100,6100,8000,,,,,,,0,8087,4100,,,4000,,
Chuffed BBval,jobshop,jobshop/jobshop_gini.mzn,jobshop/dzn/ta71_8a_alloc1.dzn:jobshop/generated_bounds/MinDis/ta71_8a_alloc1_MinDis.dzn,SATISFIED,1201.0886313710362,15,8093,MinDis,0.384,1198.115,minimize,1.88446,4008340,1027.491,15,740,18211,740,0.0,2.11,2100,6100,8000,188425,188425,4228353,987540513,2017,10102,0,8091,4100,936937121,628610,4000,0.0,636705
Chuffed BB,jobshop,jobshop/jobshop_gini.mzn,jobshop/dzn/ta53_5a_alloc1.dzn:jobshop/generated_bounds/MinDis/ta53_5a_alloc1_MinDis.dzn,SATISFIED,1200.5928915198892,7,3050,MinDis,0.143,1199.224,minimize,0.773914,3912357,1.119,7,967,6864,967,0.0,0.63,800,2300,3000,1389402,1389402,5307792,278211169,766,3813,0,3049,1550,-692567510,193779,1500,0.0,196831
Chuffed BB,jobshop,jobshop/jobshop_gini.mzn,jobshop/dzn/ta71_10a_alloc1.dzn:jobshop/generated_bounds/MinDis/ta71_10a_alloc1_MinDis.dzn,SATISFIED,1201.2084844168276,22,8094,MinDis,0.382,1198.109,minimize,1.89383,1955091,486.77,22,1142,18213,1142,0.0,2.11,2100,6100,8000,88334,88334,2089139,696494898,2018,10106,0,8093,4100,106340209,772513,4000,0.0,780609
Chuffed Prop,jobshop,jobshop/jobshop_gini.mzn,jobshop/dzn/ta78_10a_alloc1.dzn:jobshop/generated_bounds/MinDis/ta78_10a_alloc1_MinDis.dzn,SATISFIED,1200.6846564803272,,,MinDis,,,minimize,1.89636,,,19,,18210,944,,,2100,6100,8000,,,,,,,0,8090,4100,,,4000,,
Chuffed BB,jobshop,jobshop/jobshop_gini.mzn,jobshop/dzn/ta49_2a_alloc1.dzn:jobshop/generated_bounds/MinDis/ta49_2a_alloc1_MinDis.dzn,OPTIMAL_SOLUTION,236.4687236249447,5,2429,MinDis,0.115,235.285,minimize,0.65161,603042,235.214,5,0,5478,0,0.0,0.94,630,1830,2400,154875,154875,760889,112383021,611,3046,0,2428,1230,-1089484900,242744,1200,0.0,245175
Chuffed BB,jobshop,jobshop/jobshop_gini.mzn,jobshop/dzn/ta52_5a_alloc1.dzn:jobshop/generated_bounds/MinDis/ta52_5a_alloc1_MinDis.dzn,SATISFIED,1200.7066886480898,36,3049,MinDis,0.139,1199.216,minimize,0.780018,2927487,220.224,36,101,6863,101,0.0,0.94,800,2300,3000,860387,860387,3815889,282960426,764,3811,0,3048,1550,1633314466,321327,1500,0.0,324378
Chuffed BBval,jobshop,jobshop/jobshop_gini.mzn,jobshop/dzn/ta32_2a_alloc1.dzn:jobshop/generated_bounds/MinDis/ta32_2a_alloc1_MinDis.dzn,OPTIMAL_SOLUTION,1086.3615200258791,9,1832,MinDis,0.082,1085.373,minimize,0.519534,2129756,1085.276,9,0,4125,0,0.0,0.63,480,1380,1800,658460,658460,2792237,380533474,458,2295,0,1830,930,1763286923,225721,900,0.0,227555
Chuffed BBval,jobshop,jobshop/jobshop_gini.mzn,jobshop/dzn/ta78_8a_alloc1.dzn:jobshop/generated_bounds/MinDis/ta78_8a_alloc1_MinDis.dzn,SATISFIED,1201.2253603935242,52,8090,MinDis,0.377,1198.119,minimize,1.88971,2973402,754.336,52,1502,18208,1502,0.0,2.11,2100,6100,8000,128594,128594,3208305,629193455,2020,10096,0,8088,4100,-1022714736,1063905,4000,0.0,1071997
Chuffed BBval,jobshop,jobshop/jobshop_gini.mzn,jobshop/dzn/ta74_6a_alloc1.dzn:jobshop/generated_bounds/MinDis/ta74_6a_alloc1_MinDis.dzn,SATISFIED,1201.162701856345,36,8086,MinDis,0.375,1198.154,minimize,1.85604,2940806,986.451,36,771,18204,771,0.0,2.11,2100,6100,8000,129568,129568,3144293,800241412,2019,10088,0,8084,4100,1781917496,966616,4000,0.0,974704
Chuffed Prop,jobshop,jobshop/jobshop_gini.mzn,jobshop/dzn/ta69_3a_alloc1.dzn:jobshop/generated_bounds/MinDis/ta69_3a_alloc1_MinDis.dzn,OPTIMAL_SOLUTION,94.36264363862574,21,4048,MinDis,0.191,92.587,minimize,1.010259,616467,92.543,21,0,9117,0,0.0,0.94,1050,3050,4000,51426,51426,689059,53763340,1015,5064,0,4047,2050,1772011368,363489,2000,0.0,367539
Chuffed BBval,jobshop,jobshop/jobshop_gini.mzn,jobshop/dzn/ta61_3a_alloc1.dzn:jobshop/generated_bounds/MinDis/ta61_3a_alloc1_MinDis.dzn,SATISFIED,1200.7552260961384,32,4045,MinDis,0.186,1198.978,minimize,1.021749,7858379,629.168,32,162,9113,162,0.0,0.94,1050,3050,4000,400731,400731,8292100,719015056,1014,5056,0,4043,2050,-618689019,378475,2000,0.0,382522
Chuffed Prop,jobshop,jobshop/jobshop_gini.mzn,jobshop/dzn/ta62_4a_alloc1.dzn:jobshop/generated_bounds/MinDis/ta62_4a_alloc1_MinDis.dzn,SATISFIED,1200.4917977694422,,,MinDis,,,minimize,1.021679,,,5,,9118,1338,,,1050,3050,4000,,,,,,,0,4048,2050,,,2000,,
Chuffed BB,jobshop,jobshop/jobshop_gini.mzn,jobshop/dzn/ta80_5a_alloc1.dzn:jobshop/generated_bounds/MinDis/ta80_5a_alloc1_MinDis.dzn,SATISFIED,1201.3255090638995,63,8088,MinDis,0.375,1198.125,minimize,1.88823,2305755,270.322,63,200,18207,200,0.0,2.11,2100,6100,8000,109349,109349,2543447,500692674,2018,10094,0,8087,4100,381293600,1160876,4000,0.0,1168966
Chuffed BB,jobshop,jobshop/jobshop_gini.mzn,jobshop/dzn/ta75_7a_alloc1.dzn:jobshop/generated_bounds/MinDis/ta75_7a_alloc1_MinDis.dzn,SATISFIED,1201.218698253855,50,8085,MinDis,0.386,1198.111,minimize,1.89323,2466197,484.058,50,151,18204,151,0.0,2.11,2100,6100,8000,111794,111794,2680163,507607675,2019,10088,0,8084,4100,293369226,1041817,4000,0.0,1049904
Chuffed BB,jobshop,jobshop/jobshop_gini.mzn,jobshop/dzn/ta53_3a_alloc1.dzn:jobshop/generated_bounds/MinDis/ta53_3a_alloc1_MinDis.dzn,SATISFIED,1200.6119423154742,13,3048,MinDis,0.139,1199.231,minimize,0.766146,6053570,3.03,13,1,6862,1,0.0,0.63,800,2300,3000,1284699,1284699,7348873,214263067,766,3809,0,3047,1550,-887182664,229294,1500,0.0,232344
Chuffed BB,jobshop,jobshop/jobshop_gini.mzn,jobshop/dzn/ta40_3a_alloc1.dzn:jobshop/generated_bounds/MinDis/ta40_3a_alloc1_MinDis.dzn,UNKNOWN,1200.5887083355337,0,1829,MinDis,0.082,1199.485,minimize,0.513682,2173450,0.0,0,-1,4123,,0.0,0.94,480,1380,1800,992571,992571,3166339,444754124,454,2291,0,1828,930,1639288914,158314,900,0.0,160145
Chuffed Prop,jobshop,jobshop/jobshop_gini.mzn,jobshop/dzn/ta56_4a_alloc1.dzn:jobshop/generated_bounds/MinDis/ta56_4a_alloc1_MinDis.dzn,SATISFIED,1200.450386006385,,,MinDis,,,minimize,0.775073,,,47,,6861,1453,,,800,2300,3000,,,,,,,0,3046,1550,,,1500,,
Chuffed BBval,jobshop,jobshop/jobshop_gini.mzn,jobshop/dzn/ta77_10a_alloc1.dzn:jobshop/generated_bounds/MinDis/ta77_10a_alloc1_MinDis.dzn,SATISFIED,1201.164843359962,26,8099,MinDis,0.391,1198.091,minimize,1.91162,3405012,201.013,26,2548,18217,2548,0.0,2.11,2100,6100,8000,155699,155699,3614458,800338607,2018,10114,0,8097,4100,-614553532,747769,4000,0.0,755870
Chuffed Prop,jobshop,jobshop/jobshop_gini.mzn,jobshop/dzn/ta76_7a_alloc1.dzn:jobshop/generated_bounds/MinDis/ta76_7a_alloc1_MinDis.dzn,SATISFIED,1200.7318532019854,,,MinDis,,,minimize,1.92274,,,126,,18205,422,,,2100,6100,8000,,,,,,,0,8085,4100,,,4000,,
Chuffed Prop,jobshop,jobshop/jobshop_gini.mzn,jobshop/dzn/ta34_3a_alloc1.dzn:jobshop/generated_bounds/MinDis/ta34_3a_alloc1_MinDis.dzn,SATISFIED,1200.3977248333395,,,MinDis,,,minimize,0.517282,,,8,,4127,448,,,480,1380,1800,,,,,,,0,1832,930,,,900,,
Chuffed BBval,jobshop,jobshop/jobshop_gini.mzn,jobshop/dzn/ta34_3a_alloc1.dzn:jobshop/generated_bounds/MinDis/ta34_3a_alloc1_MinDis.dzn,SATISFIED,1200.5318512171507,8,1834,MinDis,0.084,1199.488,minimize,0.510495,2373971,619.384,8,448,4127,448,0.0,0.63,480,1380,1800,927084,927084,3305017,408186156,461,2299,0,1832,930,-633212473,219415,900,0.0,221251
Chuffed BBval,jobshop,jobshop/jobshop_gini.mzn,jobshop/dzn/ta41_3a_alloc1.dzn:jobshop/generated_bounds/MinDis/ta41_3a_alloc1_MinDis.dzn,SATISFIED,1200.5474696215242,9,2433,MinDis,0.113,1199.351,minimize,0.648454,5293230,621.836,9,2,5481,2,0.0,0.63,630,1830,2400,309970,309970,5608356,599903834,604,3052,0,2431,1230,-1057916397,294287,1200,0.0,296722
Chuffed BBval,jobshop,jobshop/jobshop_gini.mzn,jobshop/dzn/ta34_2a_alloc1.dzn:jobshop/generated_bounds/MinDis/ta34_2a_alloc1_MinDis.dzn,SATISFIED,1200.512314606458,4,1833,MinDis,0.085,1199.485,minimize,0.515248,1521412,161.576,4,31,4126,31,0.0,0.94,480,1380,1800,864552,864552,2388074,421996590,461,2297,0,1831,930,-627310840,194127,900,0.0,195962
Chuffed BBval,jobshop,jobshop/jobshop_gini.mzn,jobshop/dzn/ta49_3a_alloc1.dzn:jobshop/generated_bounds/MinDis/ta49_3a_alloc1_MinDis.dzn,SATISFIED,1200.5008630603552,3,2431,MinDis,0.109,1199.317,minimize,0.681624,2070150,100.181,3,518,5479,518,0.0,0.94,630,1830,2400,667923,667923,2740272,485640330,610,3048,0,2429,1230,173000034,213885,1200,0.0,216318
Chuffed Prop,jobshop,jobshop/jobshop_gini.mzn,jobshop/dzn/ta73_6a_alloc1.dzn:jobshop/generated_bounds/MinDis/ta73_6a_alloc1_MinDis.dzn,OPTIMAL_SOLUTION,124.81745912879705,40,8090,MinDis,0.389,121.632,minimize,1.91233,824981,67.801,40,142,18209,142,0.0,2.11,2100,6100,8000,15720,15720,922937,78328772,2019,10098,0,8089,4100,1772016558,890133,4000,0.0,898225
Chuffed BB,jobshop,jobshop/jobshop_gini.mzn,jobshop/dzn/ta71_8a_alloc1.dzn:jobshop/generated_bounds/MinDis/ta71_8a_alloc1_MinDis.dzn,SATISFIED,1201.2188259847462,21,8092,MinDis,0.392,1198.122,minimize,1.88504,2278080,913.156,21,700,18211,700,0.0,2.11,2100,6100,8000,102912,102912,2424702,685866030,2019,10102,0,8091,4100,1838347791,746337,4000,0.0,754431
Chuffed Prop,jobshop,jobshop/jobshop_gini.mzn,jobshop/dzn/ta70_5a_alloc1.dzn:jobshop/generated_bounds/MinDis/ta70_5a_alloc1_MinDis.dzn,SATISFIED,1200.496940921992,,,MinDis,,,minimize,1.009209,,,13,,9114,783,,,1050,3050,4000,,,,,,,0,4044,2050,,,2000,,
Chuffed BB,jobshop,jobshop/jobshop_gini.mzn,jobshop/dzn/ta52_3a_alloc1.dzn:jobshop/generated_bounds/MinDis/ta52_3a_alloc1_MinDis.dzn,UNKNOWN,1200.6018588561565,0,3047,MinDis,0.14,1199.234,minimize,0.770117,4722591,0.0,0,-1,6861,,0.0,0.94,800,2300,3000,990788,990788,5714039,230350897,754,3807,0,3046,1550,-112692064,180241,1500,0.0,183290
Chuffed BB,jobshop,jobshop/jobshop_gini.mzn,jobshop/dzn/ta76_7a_alloc1.dzn:jobshop/generated_bounds/MinDis/ta76_7a_alloc1_MinDis.dzn,SATISFIED,1201.134039344266,39,8086,MinDis,0.379,1198.119,minimize,1.87995,2755147,533.065,39,1361,18205,1361,0.0,2.11,2100,6100,8000,125794,125794,2961013,532097567,2021,10090,0,8085,4100,1195684440,856229,4000,0.0,864317
Chuffed Prop,jobshop,jobshop/jobshop_gini.mzn,jobshop/dzn/ta66_4a_alloc1.dzn:jobshop/generated_bounds/MinDis/ta66_4a_alloc1_MinDis.dzn,SATISFIED,1200.5475970003754,,,MinDis,,,minimize,1.02817,,,17,,9115,426,,,1050,3050,4000,,,,,,,0,4045,2050,,,2000,,
Chuffed BBval,jobshop,jobshop/jobshop_gini.mzn,jobshop/dzn/ta62_3a_alloc1.dzn:jobshop/generated_bounds/MinDis/ta62_3a_alloc1_MinDis.dzn,SATISFIED,1200.6498513501137,20,4049,MinDis,0.184,1199.008,minimize,0.990069,12285725,475.902,20,9,9117,9,0.0,0.94,1050,3050,4000,572880,572880,12879511,1081649786,1014,5064,0,4047,2050,-520378129,249979,2000,0.0,254030
Chuffed BBval,jobshop,jobshop/jobshop_gini.mzn,jobshop/dzn/ta79_7a_alloc1.dzn:jobshop/generated_bounds/MinDis/ta79_7a_alloc1_MinDis.dzn,SATISFIED,1201.19170967862,19,8088,MinDis,0.385,1198.095,minimize,1.90551,3582078,521.160999,19,476,18206,476,0.0,2.11,2100,6100,8000,161023,161023,3782764,874971061,2020,10092,0,8086,4100,-122465464,731251,4000,0.0,739341
Chuffed BB,jobshop,jobshop/jobshop_gini.mzn,jobshop/dzn/ta72_8a_alloc1.dzn:jobshop/generated_bounds/MinDis/ta72_8a_alloc1_MinDis.dzn,SATISFIED,1201.2153329532593,29,8089,MinDis,0.374,1198.103,minimize,1.90032,2114443,368.795,29,974,18208,974,0.0,2.11,2100,6100,8000,92484,92484,2266730,633333752,2019,10096,0,8088,4100,249906205,917167,4000,0.0,925258
Chuffed Prop,jobshop,jobshop/jobshop_gini.mzn,jobshop/dzn/ta77_9a_alloc1.dzn:jobshop/generated_bounds/MinDis/ta77_9a_alloc1_MinDis.dzn,SATISFIED,1200.6323734000325,,,MinDis,,,minimize,1.95827,,,59,,18216,381,,,2100,6100,8000,,,,,,,0,8096,4100,,,4000,,
Chuffed BBval,jobshop,jobshop/jobshop_gini.mzn,jobshop/dzn/ta36_2a_alloc1.dzn:jobshop/generated_bounds/MinDis/ta36_2a_alloc1_MinDis.dzn,SATISFIED,1200.5092497095466,3,1833,MinDis,0.082,1199.489,minimize,0.508964,2112101,1112.684,3,116,4126,116,0.0,0.63,480,1380,1800,930414,930414,3044215,374051593,460,2297,0,1831,930,-1604486576,193992,900,0.0,195827
Chuffed BB,jobshop,jobshop/jobshop_gini.mzn,jobshop/dzn/ta50_2a_alloc1.dzn:jobshop/generated_bounds/MinDis/ta50_2a_alloc1_MinDis.dzn,OPTIMAL_SOLUTION,600.3817943744361,14,2432,MinDis,0.112,599.203,minimize,0.664247,1805980,264.478999,14,39,5481,39,0.0,0.63,630,1830,2400,135695,135695,1948487,314064336,604,3052,0,2431,1230,1632927988,274983,1200,0.0,277417
Chuffed BB,jobshop,jobshop/jobshop_gini.mzn,jobshop/dzn/ta50_3a_alloc1.dzn:jobshop/generated_bounds/MinDis/ta50_3a_alloc1_MinDis.dzn,OPTIMAL_SOLUTION,236.32184003293514,23,2433,MinDis,0.114,235.205,minimize,0.612128,798202,191.289,23,9,5482,9,0.0,0.63,630,1830,2400,78281,78281,887091,120749613,604,3054,0,2432,1230,-377019522,271253,1200,0.0,273688
Chuffed BB,jobshop,jobshop/jobshop_gini.mzn,jobshop/dzn/ta79_8a_alloc1.dzn:jobshop/generated_bounds/MinDis/ta79_8a_alloc1_MinDis.dzn,SATISFIED,1201.2276183068752,40,8088,MinDis,0.383,1198.125,minimize,1.8761,2140910,750.783,40,466,18207,466,0.0,3.16,2100,6100,8000,91471,91471,2314469,612090210,2021,10094,0,8087,4100,2040852920,987572,4000,0.0,995662
Chuffed BB,jobshop,jobshop/jobshop_gini.mzn,jobshop/dzn/ta51_5a_alloc1.dzn:jobshop/generated_bounds/MinDis/ta51_5a_alloc1_MinDis.dzn,SATISFIED,1200.6589810792357,39,3052,MinDis,0.142,1199.219,minimize,0.778455,5886549,126.734,39,5,6866,5,0.0,0.63,800,2300,3000,1309719,1309719,7226449,264927833,764,3817,0,3051,1550,892651916,267614,1500,0.0,270668
Chuffed BB,jobshop,jobshop/jobshop_gini.mzn,jobshop/dzn/ta39_2a_alloc1.dzn:jobshop/generated_bounds/MinDis/ta39_2a_alloc1_MinDis.dzn,SATISFIED,1200.5040290243924,2,1828,MinDis,0.081,1199.485,minimize,0.5147,1586503,90.386,2,1270,4122,1270,0.0,0.63,480,1380,1800,794050,794050,2381774,422711985,458,2289,0,1827,930,-1688232027,185423,900,0.0,187253
Chuffed BB,jobshop,jobshop/jobshop_gini.mzn,jobshop/dzn/ta75_5a_alloc1.dzn:jobshop/generated_bounds/MinDis/ta75_5a_alloc1_MinDis.dzn,SATISFIED,1201.2872316818684,44,8083,MinDis,0.378,1198.108,minimize,1.90132,2975180,836.747,44,149,18202,149,0.0,2.11,2100,6100,8000,137973,137973,3203185,577786961,2019,10084,0,8082,4100,181105523,1029388,4000,0.0,1037473
Chuffed Prop,jobshop,jobshop/jobshop_gini.mzn,jobshop/dzn/ta61_3a_alloc1.dzn:jobshop/generated_bounds/MinDis/ta61_3a_alloc1_MinDis.dzn,OPTIMAL_SOLUTION,184.04447618313134,41,4044,MinDis,0.191,182.261,minimize,1.008459,741419,182.153,41,0,9113,0,0.0,0.94,1050,3050,4000,92087,92087,874480,78528231,1014,5056,0,4043,2050,1772020294,405529,2000,0.0,409575
Chuffed BBval,jobshop,jobshop/jobshop_gini.mzn,jobshop/dzn/ta80_8a_alloc1.dzn:jobshop/generated_bounds/MinDis/ta80_8a_alloc1_MinDis.dzn,SATISFIED,1201.1039336826652,19,8092,MinDis,0.387,1198.075,minimize,1.9235,3738489,958.674,19,488,18210,488,0.0,2.11,2100,6100,8000,175006,175006,3953085,990509612,2016,10100,0,8090,4100,1169607896,738828,4000,0.0,746922
Chuffed BBval,jobshop,jobshop/jobshop_gini.mzn,jobshop/dzn/ta69_5a_alloc1.dzn:jobshop/generated_bounds/MinDis/ta69_5a_alloc1_MinDis.dzn,SATISFIED,1200.6995881199837,27,4051,MinDis,0.189,1198.977,minimize,1.02291,8671791,901.018,27,368,9119,368,0.0,0.94,1050,3050,4000,425580,425580,9125307,957716108,1015,5068,0,4049,2050,1814098567,341737,2000,0.0,345790
Chuffed Prop,jobshop,jobshop/jobshop_gini.mzn,jobshop/dzn/ta64_3a_alloc1.dzn:jobshop/generated_bounds/MinDis/ta64_3a_alloc1_MinDis.dzn,SATISFIED,1200.5364391040057,,,MinDis,,,minimize,1.01462,,,15,,9106,229,,,1050,3050,4000,,,,,,,0,4036,2050,,,2000,,
Chuffed Prop,jobshop,jobshop/jobshop_gini.mzn,jobshop/dzn/ta53_3a_alloc1.dzn:jobshop/generated_bounds/MinDis/ta53_3a_alloc1_MinDis.dzn,SATISFIED,1200.4579230360687,,,MinDis,,,minimize,0.769545,,,13,,6862,1,,,800,2300,3000,,,,,,,0,3047,1550,,,1500,,
Chuffed BB,jobshop,jobshop/jobshop_gini.mzn,jobshop/dzn/ta41_3a_alloc1.dzn:jobshop/generated_bounds/MinDis/ta41_3a_alloc1_MinDis.dzn,SATISFIED,1200.577973941341,9,2432,MinDis,0.115,1199.396,minimize,0.607566,3252526,104.716,9,2,5481,2,0.0,0.63,630,1830,2400,218099,218099,3475332,557145389,604,3052,0,2431,1230,-954123513,367906,1200,0.0,370340
Chuffed Prop,jobshop,jobshop/jobshop_gini.mzn,jobshop/dzn/ta51_5a_alloc1.dzn:jobshop/generated_bounds/MinDis/ta51_5a_alloc1_MinDis.dzn,SATISFIED,1200.4740939382464,,,MinDis,,,minimize,0.77197,,,37,,6866,5,,,800,2300,3000,,,,,,,0,3051,1550,,,1500,,
Chuffed BBval,jobshop,jobshop/jobshop_gini.mzn,jobshop/dzn/ta80_6a_alloc1.dzn:jobshop/generated_bounds/MinDis/ta80_6a_alloc1_MinDis.dzn,SATISFIED,1201.2536703385413,21,8090,MinDis,0.386,1198.023,minimize,1.97566,3383444,604.891,21,1121,18208,1121,0.0,2.11,2100,6100,8000,158960,158960,3586020,896445746,2016,10096,0,8088,4100,2102378971,742637,4000,0.0,750729
Chuffed BBval,jobshop,jobshop/jobshop_gini.mzn,jobshop/dzn/ta76_8a_alloc1.dzn:jobshop/generated_bounds/MinDis/ta76_8a_alloc1_MinDis.dzn,SATISFIED,1201.1875212658197,22,8088,MinDis,0.38,1198.114,minimize,1.89545,3922431,199.812,22,649,18206,649,0.0,2.11,2100,6100,8000,176850,176850,4145070,920225409,2020,10092,0,8086,4100,1752935417,688155,4000,0.0,696245
Chuffed BB,jobshop,jobshop/jobshop_gini.mzn,jobshop/dzn/ta80_10a_alloc1.dzn:jobshop/generated_bounds/MinDis/ta80_10a_alloc1_MinDis.dzn,SATISFIED,1201.2443547900766,24,8093,MinDis,0.384,1198.089,minimize,1.9082,1863168,879.027,24,717,18212,717,0.0,2.11,2100,6100,8000,86609,86609,1999451,607871683,2017,10104,0,8092,4100,597486722,833884,4000,0.0,841979
Chuffed BB,jobshop,jobshop/jobshop_gini.mzn,jobshop/dzn/ta74_6a_alloc1.dzn:jobshop/generated_bounds/MinDis/ta74_6a_alloc1_MinDis.dzn,SATISFIED,1201.3780963998288,125,8085,MinDis,0.383,1198.118,minimize,1.88796,2106703,1023.678,125,285,18204,285,0.0,3.16,2100,6100,8000,93349,93349,2453583,375033301,2020,10088,0,8084,4100,369634274,1578140,4000,0.0,1586227
Chuffed Prop,jobshop,jobshop/jobshop_gini.mzn,jobshop/dzn/ta79_7a_alloc1.dzn:jobshop/generated_bounds/MinDis/ta79_7a_alloc1_MinDis.dzn,OPTIMAL_SOLUTION,982.9925905093551,71,8087,MinDis,0.394,979.504,minimize,1.8982,5627922,872.712,71,60,18206,60,0.0,2.11,2100,6100,8000,160198,160198,5944407,592773714,2020,10092,0,8086,4100,1772019311,1373122,4000,0.0,1381211
Chuffed Prop,jobshop,jobshop/jobshop_gini.mzn,jobshop/dzn/ta44_3a_alloc1.dzn:jobshop/generated_bounds/MinDis/ta44_3a_alloc1_MinDis.dzn,SATISFIED,1200.3771515712142,,,MinDis,,,minimize,0.665212,,,4,,5480,113,,,630,1830,2400,,,,,,,0,2430,1230,,,1200,,
Chuffed BBval,jobshop,jobshop/jobshop_gini.mzn,jobshop/dzn/ta78_7a_alloc1.dzn:jobshop/generated_bounds/MinDis/ta78_7a_alloc1_MinDis.dzn,SATISFIED,1201.1972403489053,18,8089,MinDis,0.38,1198.123,minimize,1.87599,4116618,647.853,18,853,18207,853,0.0,2.11,2100,6100,8000,182713,182713,4336985,852904452,2020,10094,0,8087,4100,239133197,711642,4000,0.0,719733
Chuffed BB,jobshop,jobshop/jobshop_gini.mzn,jobshop/dzn/ta72_6a_alloc1.dzn:jobshop/generated_bounds/MinDis/ta72_6a_alloc1_MinDis.dzn,SATISFIED,1201.1905821338296,37,8087,MinDis,0.384,1198.12,minimize,1.88328,2611175,1132.211,37,696,18206,696,0.0,2.11,2100,6100,8000,115682,115682,2802808,577871127,2019,10092,0,8086,4100,-1075628266,981165,4000,0.0,989254
Chuffed BBval,jobshop,jobshop/jobshop_gini.mzn,jobshop/dzn/ta52_3a_alloc1.dzn:jobshop/generated_bounds/MinDis/ta52_3a_alloc1_MinDis.dzn,UNKNOWN,1200.5912710223347,0,3048,MinDis,0.139,1199.227,minimize,0.771326,4640340,0.0,0,-1,6861,,0.0,0.94,800,2300,3000,968787,968787,5609803,225400648,754,3807,0,3046,1550,-817712800,180134,1500,0.0,183184
Chuffed BB,jobshop,jobshop/jobshop_gini.mzn,jobshop/dzn/ta32_3a_alloc1.dzn:jobshop/generated_bounds/MinDis/ta32_3a_alloc1_MinDis.dzn,SATISFIED,1200.5383889861405,19,1832,MinDis,0.084,1199.487,minimize,0.511417,2533091,277.587,19,25,4126,25,0.0,0.63,480,1380,1800,901712,901712,3443649,402054768,460,2297,0,1831,930,-1448958918,242344,900,0.0,244178
Chuffed BB,jobshop,jobshop/jobshop_gini.mzn,jobshop/dzn/ta56_3a_alloc1.dzn:jobshop/generated_bounds/MinDis/ta56_3a_alloc1_MinDis.dzn,OPTIMAL_SOLUTION,9.115248506888747,22,3046,MinDis,0.143,7.712,minimize,0.765139,58949,7.705,22,0,6860,0,0.0,0.63,800,2300,3000,2620,2620,78351,4886716,765,3805,0,3045,1550,-989394920,194436,1500,0.0,197484
Chuffed BB,jobshop,jobshop/jobshop_gini.mzn,jobshop/dzn/ta76_8a_alloc1.dzn:jobshop/generated_bounds/MinDis/ta76_8a_alloc1_MinDis.dzn,SATISFIED,1201.1762281376868,52,8087,MinDis,0.38,1198.112,minimize,1.89516,2918510,1018.411,52,265,18206,265,0.0,2.11,2100,6100,8000,130949,130949,3155819,389606012,2021,10092,0,8086,4100,1192554750,968339,4000,0.0,976428
Chuffed BBval,jobshop,jobshop/jobshop_gini.mzn,jobshop/dzn/ta60_4a_alloc1.dzn:jobshop/generated_bounds/MinDis/ta60_4a_alloc1_MinDis.dzn,SATISFIED,1200.62303429842,56,3053,MinDis,0.144,1199.223,minimize,0.777498,5188168,795.064,56,92,6866,92,0.0,0.94,800,2300,3000,517218,517218,5748483,536684499,765,3817,0,3051,1550,-1038234387,316679,1500,0.0,319734
Chuffed BBval,jobshop,jobshop/jobshop_gini.mzn,jobshop/dzn/ta73_9a_alloc1.dzn:jobshop/generated_bounds/MinDis/ta73_9a_alloc1_MinDis.dzn,SATISFIED,1201.2100302893668,27,8094,MinDis,0.386,1198.092,minimize,1.90626,3373281,270.124,27,1902,18212,1902,0.0,2.11,2100,6100,8000,147925,147925,3577048,832210403,2019,10104,0,8092,4100,-999604080,745248,4000,0.0,753344
Chuffed Prop,jobshop,jobshop/jobshop_gini.mzn,jobshop/dzn/ta71_7a_alloc1.dzn:jobshop/generated_bounds/MinDis/ta71_7a_alloc1_MinDis.dzn,SATISFIED,1200.6809244714677,,,MinDis,,,minimize,1.88855,,,137,,18210,442,,,2100,6100,8000,,,,,,,0,8090,4100,,,4000,,
Chuffed BBval,jobshop,jobshop/jobshop_gini.mzn,jobshop/dzn/ta50_3a_alloc1.dzn:jobshop/generated_bounds/MinDis/ta50_3a_alloc1_MinDis.dzn,SATISFIED,1200.612162515521,23,2434,MinDis,0.111,1199.357,minimize,0.650605,4457018,832.552,23,9,5482,9,0.0,0.63,630,1830,2400,282523,282523,4750728,665590651,604,3054,0,2432,1230,-1409965436,275327,1200,0.0,277763
Chuffed BBval,jobshop,jobshop/jobshop_gini.mzn,jobshop/dzn/ta41_2a_alloc1.dzn:jobshop/generated_bounds/MinDis/ta41_2a_alloc1_MinDis.dzn,OPTIMAL_SOLUTION,343.28623093292117,6,2432,MinDis,0.112,342.104,minimize,0.659426,1099277,342.029,6,0,5480,0,0.0,0.63,630,1830,2400,120019,120019,1222631,175986807,604,3050,0,2430,1230,-418397474,258595,1200,0.0,261029
Chuffed BBval,jobshop,jobshop/jobshop_gini.mzn,jobshop/dzn/ta54_4a_alloc1.dzn:jobshop/generated_bounds/MinDis/ta54_4a_alloc1_MinDis.dzn,SATISFIED,1200.6562046650797,3,3052,MinDis,0.139,1199.228,minimize,0.772454,2193363,56.475,3,1484,6865,1484,0.0,0.94,800,2300,3000,700875,700875,2897122,285260781,762,3815,0,3050,1550,-1067091904,255645,1500,0.0,258699
Chuffed BB,jobshop,jobshop/jobshop_gini.mzn,jobshop/dzn/ta48_3a_alloc1.dzn:jobshop/generated_bounds/MinDis/ta48_3a_alloc1_MinDis.dzn,SATISFIED,1200.570143500343,11,2431,MinDis,0.114,1199.388,minimize,0.61082,3262882,486.331,11,25,5480,25,0.0,0.94,630,1830,2400,265222,265222,3534142,537670406,604,3050,0,2430,1230,-1714370510,323701,1200,0.0,326134
Chuffed BB,jobshop,jobshop/jobshop_gini.mzn,jobshop/dzn/ta71_6a_alloc1.dzn:jobshop/generated_bounds/MinDis/ta71_6a_alloc1_MinDis.dzn,SATISFIED,1201.1457117125392,32,8090,MinDis,0.382,1198.127,minimize,1.87671,3091981,200.267,32,1479,18209,1479,0.0,2.11,2100,6100,8000,140347,140347,3298217,564169976,2018,10098,0,8089,4100,817203939,858330,4000,0.0,866422
Chuffed BB,jobshop,jobshop/jobshop_gini.mzn,jobshop/dzn/ta75_8a_alloc1.dzn:jobshop/generated_bounds/MinDis/ta75_8a_alloc1_MinDis.dzn,SATISFIED,1201.2995966374874,75,8086,MinDis,0.381,1198.104,minimize,1.89469,1879252,795.622,75,1293,18205,1293,0.0,2.11,2100,6100,8000,86969,86969,2118805,440743896,2019,10090,0,8085,4100,1040669647,1236146,4000,0.0,1244234
Chuffed BB,jobshop,jobshop/jobshop_gini.mzn,jobshop/dzn/ta33_3a_alloc1.dzn:jobshop/generated_bounds/MinDis/ta33_3a_alloc1_MinDis.dzn,SATISFIED,1200.4991951659322,1,1832,MinDis,0.087,1199.485,minimize,0.512792,2204628,3.353,1,2871,4126,2871,0.0,0.63,480,1380,1800,1023139,1023139,3228538,397910043,461,2297,0,1831,930,198394943,168912,900,0.0,170746
Chuffed BB,jobshop,jobshop/jobshop_gini.mzn,jobshop/dzn/ta75_9a_alloc1.dzn:jobshop/generated_bounds/MinDis/ta75_9a_alloc1_MinDis.dzn,SATISFIED,1201.295296818018,84,8087,MinDis,0.382,1198.117,minimize,1.89806,1591952,1197.742,84,949,18206,949,0.0,2.11,2100,6100,8000,71942,71942,1834699,480891868,2019,10092,0,8086,4100,1413525551,1283899,4000,0.0,1291988
Chuffed BBval,jobshop,jobshop/jobshop_gini.mzn,jobshop/dzn/ta64_3a_alloc1.dzn:jobshop/generated_bounds/MinDis/ta64_3a_alloc1_MinDis.dzn,SATISFIED,1200.7428243439645,15,4038,MinDis,0.181,1198.998,minimize,0.999605,3174056,848.234,15,229,9106,229,0.0,0.94,1050,3050,4000,883271,883271,4073351,311244431,1015,5042,0,4036,2050,-1769605395,351368,2000,0.0,355408
Chuffed Prop,jobshop,jobshop/jobshop_gini.mzn,jobshop/dzn/ta54_5a_alloc1.dzn:jobshop/generated_bounds/MinDis/ta54_5a_alloc1_MinDis.dzn,OPTIMAL_SOLUTION,348.0218114182353,106,3052,MinDis,0.141,346.546,minimize,0.771103,2075376,346.506,106,0,6866,0,0.0,0.63,800,2300,3000,112773,112773,2276444,196083864,762,3817,0,3051,1550,1772015524,388426,1500,0.0,391480
Chuffed Prop,jobshop,jobshop/jobshop_gini.mzn,jobshop/dzn/ta48_3a_alloc1.dzn:jobshop/generated_bounds/MinDis/ta48_3a_alloc1_MinDis.dzn,SATISFIED,1200.4586969334632,,,MinDis,,,minimize,0.652217,,,11,,5480,25,,,630,1830,2400,,,,,,,0,2430,1230,,,1200,,
Chuffed BB,jobshop,jobshop/jobshop_gini.mzn,jobshop/dzn/ta76_5a_alloc1.dzn:jobshop/generated_bounds/MinDis/ta76_5a_alloc1_MinDis.dzn,SATISFIED,1201.3172484003007,75,8084,MinDis,0.379,1198.103,minimize,1.91203,2985157,738.118,75,135,18203,135,0.0,2.11,2100,6100,8000,132268,132268,3270201,462308466,2021,10086,0,8083,4100,882124383,1124562,4000,0.0,1132648
Chuffed BBval,jobshop,jobshop/jobshop_gini.mzn,jobshop/dzn/ta74_7a_alloc1.dzn:jobshop/generated_bounds/MinDis/ta74_7a_alloc1_MinDis.dzn,SATISFIED,1201.168623270467,35,8087,MinDis,0.378,1198.111,minimize,1.89328,3061428,1086.906,35,795,18205,795,0.0,2.11,2100,6100,8000,135699,135699,3268972,836154646,2019,10090,0,8085,4100,-1245014944,976682,4000,0.0,984771
Chuffed BB,jobshop,jobshop/jobshop_gini.mzn,jobshop/dzn/ta78_7a_alloc1.dzn:jobshop/generated_bounds/MinDis/ta78_7a_alloc1_MinDis.dzn,SATISFIED,1201.1955843567848,47,8088,MinDis,0.375,1198.113,minimize,1.88481,2802599,851.039,47,448,18207,448,0.0,2.11,2100,6100,8000,127343,127343,3026187,443872971,2021,10094,0,8087,4100,-110710437,1034573,4000,0.0,1042663
Chuffed BB,jobshop,jobshop/jobshop_gini.mzn,jobshop/dzn/ta54_5a_alloc1.dzn:jobshop/generated_bounds/MinDis/ta54_5a_alloc1_MinDis.dzn,SATISFIED,1200.7550192717463,101,3052,MinDis,0.14,1199.218,minimize,0.779254,5222682,665.351,101,30,6866,30,0.0,0.63,800,2300,3000,336027,336027,5635808,472561274,763,3817,0,3051,1550,754169223,335868,1500,0.0,338922
Chuffed BB,jobshop,jobshop/jobshop_gini.mzn,jobshop/dzn/ta42_3a_alloc1.dzn:jobshop/generated_bounds/MinDis/ta42_3a_alloc1_MinDis.dzn,SATISFIED,1200.6184646394104,4,2432,MinDis,0.114,1199.398,minimize,0.610999,2663760,1179.696,4,559,5481,559,0.0,0.94,630,1830,2400,474466,474466,3140693,505311943,604,3052,0,2431,1230,-16584309,262295,1200,0.0,264729
Chuffed BB,jobshop,jobshop/jobshop_gini.mzn,jobshop/dzn/ta69_4a_alloc1.dzn:jobshop/generated_bounds/MinDis/ta69_4a_alloc1_MinDis.dzn,SATISFIED,1200.7743063885719,13,4049,MinDis,0.191,1198.968,minimize,1.02956,2533142,5.106,13,256,9118,256,0.0,0.94,1050,3050,4000,703614,703614,3250770,263944175,1016,5066,0,4048,2050,982160993,318091,2000,0.0,322142
Chuffed Prop,jobshop,jobshop/jobshop_gini.mzn,jobshop/dzn/ta74_9a_alloc1.dzn:jobshop/generated_bounds/MinDis/ta74_9a_alloc1_MinDis.dzn,SATISFIED,1200.7275373116136,,,MinDis,,,minimize,1.89749,,,47,,18207,459,,,2100,6100,8000,,,,,,,0,8087,4100,,,4000,,
Chuffed BBval,jobshop,jobshop/jobshop_gini.mzn,jobshop/dzn/ta52_5a_alloc1.dzn:jobshop/generated_bounds/MinDis/ta52_5a_alloc1_MinDis.dzn,SATISFIED,1200.5678693205118,24,3050,MinDis,0.138,1199.227,minimize,0.771405,8360843,897.696,24,653,6863,653,0.0,0.63,800,2300,3000,561947,561947,8941489,877644542,762,3811,0,3048,1550,1699695657,261749,1500,0.0,264801
Chuffed BBval,jobshop,jobshop/jobshop_gini.mzn,jobshop/dzn/ta32_3a_alloc1.dzn:jobshop/generated_bounds/MinDis/ta32_3a_alloc1_MinDis.dzn,SATISFIED,1200.5297148525715,19,1833,MinDis,0.084,1199.483,minimize,0.516271,4079458,246.268,19,25,4126,25,0.0,0.63,480,1380,1800,697798,697798,4786234,464481761,459,2297,0,1831,930,1286788482,249764,900,0.0,251599
Chuffed BB,jobshop,jobshop/jobshop_gini.mzn,jobshop/dzn/ta78_10a_alloc1.dzn:jobshop/generated_bounds/MinDis/ta78_10a_alloc1_MinDis.dzn,SATISFIED,1201.181499633938,33,8091,MinDis,0.383,1198.094,minimize,1.91115,1716723,1106.885,33,953,18210,953,0.0,2.11,2100,6100,8000,73066,73066,1857761,673991654,2021,10100,0,8090,4100,-1181605328,939949,4000,0.0,948042
Chuffed Prop,jobshop,jobshop/jobshop_gini.mzn,jobshop/dzn/ta43_3a_alloc1.dzn:jobshop/generated_bounds/MinDis/ta43_3a_alloc1_MinDis.dzn,OPTIMAL_SOLUTION,915.2451888918877,13,2426,MinDis,0.11,913.918,minimize,0.64889,2515552,875.708,13,72,5475,72,0.0,0.94,630,1830,2400,344593,344593,2866345,448014036,603,3040,0,2425,1230,1772012389,289480,1200,0.0,291908
Chuffed Prop,jobshop,jobshop/jobshop_gini.mzn,jobshop/dzn/ta63_5a_alloc1.dzn:jobshop/generated_bounds/MinDis/ta63_5a_alloc1_MinDis.dzn,SATISFIED,1200.4975752756,,,MinDis,,,minimize,1.00573,,,47,,9120,209,,,1050,3050,4000,,,,,,,0,4050,2050,,,2000,,
Chuffed BB,jobshop,jobshop/jobshop_gini.mzn,jobshop/dzn/ta56_5a_alloc1.dzn:jobshop/generated_bounds/MinDis/ta56_5a_alloc1_MinDis.dzn,SATISFIED,1200.6260419618338,28,3048,MinDis,0.144,1199.223,minimize,0.774554,4947295,7.499,28,54,6862,54,0.0,0.94,800,2300,3000,962799,962799,5932094,226811800,765,3809,0,3047,1550,769517231,291632,1500,0.0,294682
Chuffed Prop,jobshop,jobshop/jobshop_gini.mzn,jobshop/dzn/ta74_10a_alloc1.dzn:jobshop/generated_bounds/MinDis/ta74_10a_alloc1_MinDis.dzn,SATISFIED,1200.6488491147757,,,MinDis,,,minimize,1.91463,,,37,,18208,391,,,2100,6100,8000,,,,,,,0,8088,4100,,,4000,,
Chuffed BBval,jobshop,jobshop/jobshop_gini.mzn,jobshop/dzn/ta64_4a_alloc1.dzn:jobshop/generated_bounds/MinDis/ta64_4a_alloc1_MinDis.dzn,SATISFIED,1200.6938351392746,14,4039,MinDis,0.184,1198.974,minimize,1.02442,1691429,52.291,14,241,9107,241,0.0,0.94,1050,3050,4000,529543,529543,2235919,363081439,1016,5044,0,4037,2050,-1209389826,338803,2000,0.0,342844
Chuffed BB,jobshop,jobshop/jobshop_gini.mzn,jobshop/dzn/ta66_3a_alloc1.dzn:jobshop/generated_bounds/MinDis/ta66_3a_alloc1_MinDis.dzn,OPTIMAL_SOLUTION,457.3419016543776,20,4045,MinDis,0.19,455.608,minimize,1.01762,870370,455.486,20,0,9114,0,0.0,0.94,1050,3050,4000,352790,352790,1243359,147391330,1014,5058,0,4044,2050,-1537769429,335057,2000,0.0,339104
Chuffed BB,jobshop,jobshop/jobshop_gini.mzn,jobshop/dzn/ta74_5a_alloc1.dzn:jobshop/generated_bounds/MinDis/ta74_5a_alloc1_MinDis.dzn,SATISFIED,1201.401394167915,61,8084,MinDis,0.384,1198.103,minimize,1.9171,2460539,1017.503,61,281,18203,281,0.0,3.16,2100,6100,8000,106188,106188,2691142,524256539,2020,10086,0,8083,4100,-112851205,1286289,4000,0.0,1294375
Chuffed BB,jobshop,jobshop/jobshop_gini.mzn,jobshop/dzn/ta77_8a_alloc1.dzn:jobshop/generated_bounds/MinDis/ta77_8a_alloc1_MinDis.dzn,SATISFIED,1201.2044729627669,34,8096,MinDis,0.393,1198.122,minimize,1.90021,2001507,874.872,34,730,18215,730,0.0,2.11,2100,6100,8000,89429,89429,2160863,602312876,2020,10110,0,8095,4100,1155751122,905012,4000,0.0,913110
Chuffed BB,jobshop,jobshop/jobshop_gini.mzn,jobshop/dzn/ta59_3a_alloc1.dzn:jobshop/generated_bounds/MinDis/ta59_3a_alloc1_MinDis.dzn,SATISFIED,1200.5692409202456,3,3048,MinDis,0.138,1199.225,minimize,0.774935,4630063,0.786,3,856,6862,856,0.0,0.94,800,2300,3000,1525642,1525642,6158660,244100300,762,3809,0,3047,1550,1222287561,158819,1500,0.0,161869
Chuffed Prop,jobshop,jobshop/jobshop_gini.mzn,jobshop/dzn/ta80_6a_alloc1.dzn:jobshop/generated_bounds/MinDis/ta80_6a_alloc1_MinDis.dzn,OPTIMAL_SOLUTION,606.2679751198739,185,8089,MinDis,0.39,602.594,minimize,1.87553,2035158,564.943,185,2,18208,2,0.0,2.11,2100,6100,8000,67043,67043,2477804,272324411,2017,10096,0,8088,4100,1772014712,1735176,4000,0.0,1743267
Chuffed BB,jobshop,jobshop/jobshop_gini.mzn,jobshop/dzn/ta73_7a_alloc1.dzn:jobshop/generated_bounds/MinDis/ta73_7a_alloc1_MinDis.dzn,SATISFIED,1201.3380047343671,69,8091,MinDis,0.388,1198.129,minimize,1.88485,2216373,805.542,69,810,18210,810,0.0,2.11,2100,6100,8000,95508,95508,2452431,529877500,2020,10100,0,8090,4100,682872869,1125939,4000,0.0,1134032
Chuffed BBval,jobshop,jobshop/jobshop_gini.mzn,jobshop/dzn/ta75_10a_alloc1.dzn:jobshop/generated_bounds/MinDis/ta75_10a_alloc1_MinDis.dzn,SATISFIED,1201.148873647675,9,8089,MinDis,0.376,1198.084,minimize,1.92552,4452612,22.896,9,779,18207,779,0.0,2.11,2100,6100,8000,205198,205198,4677279,1058474870,2018,10094,0,8087,4100,1218509310,545928,4000,0.0,554019
Chuffed BBval,jobshop,jobshop/jobshop_gini.mzn,jobshop/dzn/ta77_9a_alloc1.dzn:jobshop/generated_bounds/MinDis/ta77_9a_alloc1_MinDis.dzn,SATISFIED,1201.0969903562218,19,8098,MinDis,0.385,1198.162,minimize,1.84159,3562609,795.931,19,769,18216,769,0.0,2.11,2100,6100,8000,160714,160714,3762972,904249005,2018,10112,0,8096,4100,1686330518,692525,4000,0.0,700625
Chuffed BB,jobshop,jobshop/jobshop_gini.mzn,jobshop/dzn/ta46_3a_alloc1.dzn:jobshop/generated_bounds/MinDis/ta46_3a_alloc1_MinDis.dzn,SATISFIED,1200.5529866553843,6,2432,MinDis,0.114,1199.388,minimize,0.60998,2084827,77.399,6,341,5481,341,0.0,0.94,630,1830,2400,659484,659484,2747862,469159810,604,3052,0,2431,1230,1003913894,263647,1200,0.0,266081
Chuffed BB,jobshop,jobshop/jobshop_gini.mzn,jobshop/dzn/ta68_3a_alloc1.dzn:jobshop/generated_bounds/MinDis/ta68_3a_alloc1_MinDis.dzn,SATISFIED,1200.743961315602,15,4044,MinDis,0.188,1198.993,minimize,1.00672,1929894,759.05,15,171,9113,171,0.0,0.94,1050,3050,4000,612603,612603,2558479,351258873,1014,5056,0,4043,2050,1122676525,340673,2000,0.0,344719
Chuffed Prop,jobshop,jobshop/jobshop_gini.mzn,jobshop/dzn/ta56_3a_alloc1.dzn:jobshop/generated_bounds/MinDis/ta56_3a_alloc1_MinDis.dzn,OPTIMAL_SOLUTION,4.457793608307838,22,3046,MinDis,0.14,3.104,minimize,0.770525,38249,3.097,22,0,6860,0,0.0,0.63,800,2300,3000,1138,1138,56070,2161514,765,3805,0,3045,1550,1772020905,188648,1500,0.0,191696
Chuffed BB,jobshop,jobshop/jobshop_gini.mzn,jobshop/dzn/ta35_3a_alloc1.dzn:jobshop/generated_bounds/MinDis/ta35_3a_alloc1_MinDis.dzn,UNKNOWN,1200.6031071655452,0,1830,MinDis,0.084,1199.489,minimize,0.510742,2053556,0.0,0,-1,4124,,0.0,0.94,480,1380,1800,902807,902807,2956688,396637189,454,2293,0,1829,930,1766418340,204169,900,0.0,206001
Chuffed BB,jobshop,jobshop/jobshop_gini.mzn,jobshop/dzn/ta73_8a_alloc1.dzn:jobshop/generated_bounds/MinDis/ta73_8a_alloc1_MinDis.dzn,SATISFIED,1201.3026785161346,97,8092,MinDis,0.386,1198.146,minimize,1.87578,2284391,545.708,97,1204,18211,1204,0.0,2.11,2100,6100,8000,101563,101563,2583126,326861511,2020,10102,0,8091,4100,990031453,1293862,4000,0.0,1301956
Chuffed BB,jobshop,jobshop/jobshop_gini.mzn,jobshop/dzn/ta37_2a_alloc1.dzn:jobshop/generated_bounds/MinDis/ta37_2a_alloc1_MinDis.dzn,SATISFIED,1200.5217824429274,3,1832,MinDis,0.085,1199.488,minimize,0.510627,2702789,257.377,3,299,4126,299,0.0,0.63,480,1380,1800,1058124,1058124,3762603,423726553,462,2297,0,1831,930,-618500628,164778,900,0.0,166612
Chuffed BBval,jobshop,jobshop/jobshop_gini.mzn,jobshop/dzn/ta70_3a_alloc1.dzn:jobshop/generated_bounds/MinDis/ta70_3a_alloc1_MinDis.dzn,SATISFIED,1200.798570772633,16,4044,MinDis,0.188,1198.979,minimize,1.0212,5709046,375.207,16,439,9112,439,0.0,0.94,1050,3050,4000,378524,378524,6104561,670946716,1014,5054,0,4042,2050,1994071799,400576,2000,0.0,404622
Chuffed BBval,jobshop,jobshop/jobshop_gini.mzn,jobshop/dzn/ta56_3a_alloc1.dzn:jobshop/generated_bounds/MinDis/ta56_3a_alloc1_MinDis.dzn,SATISFIED,1200.5605705231428,21,3047,MinDis,0.14,1199.227,minimize,0.771519,11487538,42.876,21,1,6860,1,0.0,0.63,800,2300,3000,758871,758871,12262903,998085101,764,3805,0,3045,1550,1512728634,197655,1500,0.0,200704
Chuffed Prop,jobshop,jobshop/jobshop_gini.mzn,jobshop/dzn/ta45_2a_alloc1.dzn:jobshop/generated_bounds/MinDis/ta45_2a_alloc1_MinDis.dzn,OPTIMAL_SOLUTION,56.78969128802419,10,2427,MinDis,0.114,55.58,minimize,0.65796,240934,55.527,10,0,5476,0,0.0,0.63,630,1830,2400,40310,40310,286935,30415776,611,3042,0,2426,1230,1772017270,245156,1200,0.0,247585
Chuffed BBval,jobshop,jobshop/jobshop_gini.mzn,jobshop/dzn/ta38_3a_alloc1.dzn:jobshop/generated_bounds/MinDis/ta38_3a_alloc1_MinDis.dzn,SATISFIED,1200.4598749037832,5,1833,MinDis,0.082,1199.465,minimize,0.533421,2059510,743.624,5,898,4126,898,0.0,0.63,480,1380,1800,933497,933497,2995492,472241612,454,2297,0,1831,930,2107588240,171517,900,0.0,173352
Chuffed BBval,jobshop,jobshop/jobshop_gini.mzn,jobshop/dzn/ta63_5a_alloc1.dzn:jobshop/generated_bounds/MinDis/ta63_5a_alloc1_MinDis.dzn,SATISFIED,1200.6904513910413,40,4052,MinDis,0.184,1198.993,minimize,1.00567,8841027,376.936,40,568,9120,568,0.0,0.94,1050,3050,4000,559585,559585,9441801,679201180,1014,5070,0,4050,2050,-1897297280,296765,2000,0.0,300819
Chuffed BB,jobshop,jobshop/jobshop_gini.mzn,jobshop/dzn/ta75_6a_alloc1.dzn:jobshop/generated_bounds/MinDis/ta75_6a_alloc1_MinDis.dzn,SATISFIED,1201.1832268442959,38,8084,MinDis,0.382,1198.114,minimize,1.88888,2350737,1182.605,38,472,18203,472,0.0,2.11,2100,6100,8000,109208,109208,2537929,650265008,2020,10086,0,8083,4100,-1324456191,997470,4000,0.0,1005556
Chuffed Prop,jobshop,jobshop/jobshop_gini.mzn,jobshop/dzn/ta64_4a_alloc1.dzn:jobshop/generated_bounds/MinDis/ta64_4a_alloc1_MinDis.dzn,SATISFIED,1200.4037652872503,,,MinDis,,,minimize,1.011679,,,15,,9107,223,,,1050,3050,4000,,,,,,,0,4037,2050,,,2000,,
Chuffed Prop,jobshop,jobshop/jobshop_gini.mzn,jobshop/dzn/ta34_2a_alloc1.dzn:jobshop/generated_bounds/MinDis/ta34_2a_alloc1_MinDis.dzn,SATISFIED,1200.447705740109,,,MinDis,,,minimize,0.541185,,,4,,4126,31,,,480,1380,1800,,,,,,,0,1831,930,,,900,,
Chuffed BB,jobshop,jobshop/jobshop_gini.mzn,jobshop/dzn/ta71_7a_alloc1.dzn:jobshop/generated_bounds/MinDis/ta71_7a_alloc1_MinDis.dzn,SATISFIED,1201.1966170165688,22,8091,MinDis,0.382,1198.135,minimize,1.86597,2652263,350.751,22,1236,18210,1236,0.0,2.11,2100,6100,8000,123985,123985,2821952,716374159,2018,10100,0,8090,4100,-1985363230,711089,4000,0.0,719182
Chuffed BBval,jobshop,jobshop/jobshop_gini.mzn,jobshop/dzn/ta71_7a_alloc1.dzn:jobshop/generated_bounds/MinDis/ta71_7a_alloc1_MinDis.dzn,SATISFIED,1201.1236823424697,17,8092,MinDis,0.384,1198.105,minimize,1.89311,3808344,200.923,17,1299,18210,1299,0.0,2.11,2100,6100,8000,176033,176033,4019992,930693021,2017,10100,0,8090,4100,1565048529,635839,4000,0.0,643933
Chuffed BBval,jobshop,jobshop/jobshop_gini.mzn,jobshop/dzn/ta78_9a_alloc1.dzn:jobshop/generated_bounds/MinDis/ta78_9a_alloc1_MinDis.dzn,SATISFIED,1201.1313702818006,31,8091,MinDis,0.384,1198.078,minimize,1.9202,3551331,1054.746,31,1330,18209,1330,0.0,2.11,2100,6100,8000,155425,155425,3770650,742789738,2020,10098,0,8089,4100,1129450475,877945,4000,0.0,886038
Chuffed Prop,jobshop,jobshop/jobshop_gini.mzn,jobshop/dzn/ta51_4a_alloc1.dzn:jobshop/generated_bounds/MinDis/ta51_4a_alloc1_MinDis.dzn,SATISFIED,1200.4464459884912,,,MinDis,,,minimize,0.770397,,,4,,6865,335,,,800,2300,3000,,,,,,,0,3050,1550,,,1500,,
Chuffed BBval,jobshop,jobshop/jobshop_gini.mzn,jobshop/dzn/ta73_5a_alloc1.dzn:jobshop/generated_bounds/MinDis/ta73_5a_alloc1_MinDis.dzn,SATISFIED,1201.2397882789373,20,8090,MinDis,0.385,1198.114,minimize,1.88665,3860546,106.497,20,692,18208,692,0.0,2.11,2100,6100,8000,170324,170324,4072580,973912474,2019,10096,0,8088,4100,-1973614078,627362,4000,0.0,635454
Chuffed Prop,jobshop,jobshop/jobshop_gini.mzn,jobshop/dzn/ta79_5a_alloc1.dzn:jobshop/generated_bounds/MinDis/ta79_5a_alloc1_MinDis.dzn,OPTIMAL_SOLUTION,1026.614161444828,77,8085,MinDis,0.391,1023.041,minimize,1.88478,3248033,1022.95,77,0,18204,0,0.0,2.11,2100,6100,8000,122356,122356,3530956,384479916,2020,10088,0,8084,4100,1772016445,1469117,4000,0.0,1477204
Chuffed BB,jobshop,jobshop/jobshop_gini.mzn,jobshop/dzn/ta55_4a_alloc1.dzn:jobshop/generated_bounds/MinDis/ta55_4a_alloc1_MinDis.dzn,SATISFIED,1200.6567814294249,26,3048,MinDis,0.182,1199.196,minimize,0.80383,5117194,185.498,26,81,6862,81,0.0,0.63,800,2300,3000,1480795,1480795,6618512,271129635,765,3809,0,3047,1550,-1176591218,224994,1500,0.0,228044
Chuffed BBval,jobshop,jobshop/jobshop_gini.mzn,jobshop/dzn/ta58_3a_alloc1.dzn:jobshop/generated_bounds/MinDis/ta58_3a_alloc1_MinDis.dzn,SATISFIED,1200.5424437187612,22,3054,MinDis,0.141,1199.241,minimize,0.758819,12135855,718.514,22,65,6867,65,0.0,0.63,800,2300,3000,821994,821994,12975076,962970186,763,3819,0,3052,1550,1888759721,192691,1500,0.0,195747
Chuffed BBval,jobshop,jobshop/jobshop_gini.mzn,jobshop/dzn/ta79_5a_alloc1.dzn:jobshop/generated_bounds/MinDis/ta79_5a_alloc1_MinDis.dzn,SATISFIED,1201.1989840772003,22,8086,MinDis,0.376,1198.098,minimize,1.90578,3756741,1051.663,22,544,18204,544,0.0,2.11,2100,6100,8000,167051,167051,3969508,909852868,2020,10088,0,8084,4100,573213736,793508,4000,0.0,801596
Chuffed BBval,jobshop,jobshop/jobshop_gini.mzn,jobshop/dzn/ta68_3a_alloc1.dzn:jobshop/generated_bounds/MinDis/ta68_3a_alloc1_MinDis.dzn,SATISFIED,1200.7770384065807,19,4045,MinDis,0.184,1198.92,minimize,1.0798,3524829,1073.96,19,62,9113,62,0.0,0.94,1050,3050,4000,546137,546137,4090848,504595421,1013,5056,0,4043,2050,-792754236,374543,2000,0.0,378590
Chuffed BB,jobshop,jobshop/jobshop_gini.mzn,jobshop/dzn/ta32_2a_alloc1.dzn:jobshop/generated_bounds/MinDis/ta32_2a_alloc1_MinDis.dzn,OPTIMAL_SOLUTION,715.4795500598848,9,1831,MinDis,0.087,714.464,minimize,0.512097,1657938,714.358,9,0,4125,0,0.0,0.63,480,1380,1800,525838,525838,2187732,272201817,459,2295,0,1830,930,-1699749234,224142,900,0.0,225975
Chuffed BBval,jobshop,jobshop/jobshop_gini.mzn,jobshop/dzn/ta65_5a_alloc1.dzn:jobshop/generated_bounds/MinDis/ta65_5a_alloc1_MinDis.dzn,SATISFIED,1200.7375120799989,2,4048,MinDis,0.189,1198.982,minimize,1.01665,1821543,427.618,2,822,9116,822,0.0,0.94,1050,3050,4000,786017,786017,2610464,286723757,1014,5062,0,4046,2050,2109503786,287159,2000,0.0,291209
Chuffed BB,jobshop,jobshop/jobshop_gini.mzn,jobshop/dzn/ta74_9a_alloc1.dzn:jobshop/generated_bounds/MinDis/ta74_9a_alloc1_MinDis.dzn,SATISFIED,1201.317385494709,24,8088,MinDis,0.386,1198.118,minimize,1.88879,1934622,623.05,24,781,18207,781,0.0,3.16,2100,6100,8000,85234,85234,2069573,679161518,2020,10094,0,8087,4100,-56341353,885560,4000,0.0,893650
Chuffed Prop,jobshop,jobshop/jobshop_gini.mzn,jobshop/dzn/ta32_2a_alloc1.dzn:jobshop/generated_bounds/MinDis/ta32_2a_alloc1_MinDis.dzn,SATISFIED,1200.3947423603386,,,MinDis,,,minimize,0.513706,,,7,,4125,12,,,480,1380,1800,,,,,,,0,1830,930,,,900,,
Chuffed BBval,jobshop,jobshop/jobshop_gini.mzn,jobshop/dzn/ta59_4a_alloc1.dzn:jobshop/generated_bounds/MinDis/ta59_4a_alloc1_MinDis.dzn,SATISFIED,1200.595918316394,14,3050,MinDis,0.146,1199.219,minimize,0.779246,5828018,186.194,14,1030,6863,1030,0.0,0.94,800,2300,3000,1664506,1664506,7503855,373242769,762,3811,0,3048,1550,1201662991,217946,1500,0.0,220998
Chuffed BBval,jobshop,jobshop/jobshop_gini.mzn,jobshop/dzn/ta66_3a_alloc1.dzn:jobshop/generated_bounds/MinDis/ta66_3a_alloc1_MinDis.dzn,OPTIMAL_SOLUTION,991.0006090458483,20,4046,MinDis,0.189,989.156,minimize,1.01017,5284127,989.102,20,0,9114,0,0.0,0.94,1050,3050,4000,434399,434399,5738707,543531892,1014,5058,0,4044,2050,211242993,348336,2000,0.0,352384
Chuffed BBval,jobshop,jobshop/jobshop_gini.mzn,jobshop/dzn/ta53_4a_alloc1.dzn:jobshop/generated_bounds/MinDis/ta53_4a_alloc1_MinDis.dzn,SATISFIED,1200.5777656566352,2,3050,MinDis,0.14,1199.213,minimize,0.786602,2611363,5.113,2,1538,6863,1538,0.0,0.94,800,2300,3000,1241351,1241351,3854903,297593972,765,3811,0,3048,1550,2143783267,177264,1500,0.0,180316
Chuffed Prop,jobshop,jobshop/jobshop_gini.mzn,jobshop/dzn/ta71_9a_alloc1.dzn:jobshop/generated_bounds/MinDis/ta71_9a_alloc1_MinDis.dzn,SATISFIED,1200.7120057735592,,,MinDis,,,minimize,1.90118,,,26,,18212,234,,,2100,6100,8000,,,,,,,0,8092,4100,,,4000,,
Chuffed Prop,jobshop,jobshop/jobshop_gini.mzn,jobshop/dzn/ta71_8a_alloc1.dzn:jobshop/generated_bounds/MinDis/ta71_8a_alloc1_MinDis.dzn,SATISFIED,1200.6017724610865,,,MinDis,,,minimize,1.88575,,,50,,18211,473,,,2100,6100,8000,,,,,,,0,8091,4100,,,4000,,
Chuffed BB,jobshop,jobshop/jobshop_gini.mzn,jobshop/dzn/ta72_5a_alloc1.dzn:jobshop/generated_bounds/MinDis/ta72_5a_alloc1_MinDis.dzn,SATISFIED,1201.3518299721181,87,8086,MinDis,0.376,1198.102,minimize,1.89916,2492510,752.568,87,55,18205,55,0.0,2.11,2100,6100,8000,113385,113385,2782682,402857323,2019,10090,0,8085,4100,-1726335997,1343147,4000,0.0,1351235
Chuffed Prop,jobshop,jobshop/jobshop_gini.mzn,jobshop/dzn/ta77_8a_alloc1.dzn:jobshop/generated_bounds/MinDis/ta77_8a_alloc1_MinDis.dzn,SATISFIED,1200.6586827933788,,,MinDis,,,minimize,1.89795,,,63,,18215,567,,,2100,6100,8000,,,,,,,0,8095,4100,,,4000,,
Chuffed BBval,jobshop,jobshop/jobshop_gini.mzn,jobshop/dzn/ta80_10a_alloc1.dzn:jobshop/generated_bounds/MinDis/ta80_10a_alloc1_MinDis.dzn,SATISFIED,1201.1441373694688,17,8094,MinDis,0.373,1198.155,minimize,1.84433,3665013,841.472,17,827,18212,827,0.0,2.11,2100,6100,8000,171216,171216,3871791,969972464,2016,10104,0,8092,4100,-438219155,705816,4000,0.0,713912
Chuffed Prop,jobshop,jobshop/jobshop_gini.mzn,jobshop/dzn/ta70_3a_alloc1.dzn:jobshop/generated_bounds/MinDis/ta70_3a_alloc1_MinDis.dzn,SATISFIED,1200.5028440002352,,,MinDis,,,minimize,1.01003,,,16,,9112,439,,,1050,3050,4000,,,,,,,0,4042,2050,,,2000,,
Chuffed Prop,jobshop,jobshop/jobshop_gini.mzn,jobshop/dzn/ta59_5a_alloc1.dzn:jobshop/generated_bounds/MinDis/ta59_5a_alloc1_MinDis.dzn,SATISFIED,1200.5050693769008,,,MinDis,,,minimize,0.789032,,,1,,6864,2550,,,800,2300,3000,,,,,,,0,3049,1550,,,1500,,
Chuffed BB,jobshop,jobshop/jobshop_gini.mzn,jobshop/dzn/ta77_9a_alloc1.dzn:jobshop/generated_bounds/MinDis/ta77_9a_alloc1_MinDis.dzn,SATISFIED,1201.2383142411709,53,8097,MinDis,0.392,1198.011,minimize,1.99918,1969652,958.598,53,484,18216,484,0.0,2.11,2100,6100,8000,89462,89462,2167398,569335211,2020,10112,0,8096,4100,1909468008,1040630,4000,0.0,1048729
Chuffed BB,jobshop,jobshop/jobshop_gini.mzn,jobshop/dzn/ta76_10a_alloc1.dzn:jobshop/generated_bounds/MinDis/ta76_10a_alloc1_MinDis.dzn,SATISFIED,1201.1883249692619,51,8089,MinDis,0.383,1198.106,minimize,1.89944,1709118,444.115,51,830,18208,830,0.0,2.11,2100,6100,8000,76586,76586,1890030,516101317,2021,10096,0,8088,4100,1808318821,961701,4000,0.0,969792
Chuffed Prop,jobshop,jobshop/jobshop_gini.mzn,jobshop/dzn/ta39_3a_alloc1.dzn:jobshop/generated_bounds/MinDis/ta39_3a_alloc1_MinDis.dzn,SATISFIED,1200.4076244421303,,,MinDis,,,minimize,0.515287,,,3,,4123,556,,,480,1380,1800,,,,,,,0,1828,930,,,900,,
Chuffed BB,jobshop,jobshop/jobshop_gini.mzn,jobshop/dzn/ta73_5a_alloc1.dzn:jobshop/generated_bounds/MinDis/ta73_5a_alloc1_MinDis.dzn,SATISFIED,1201.4384907763451,74,8089,MinDis,0.39,1198.104,minimize,1.89664,2954416,1128.607,74,371,18208,371,0.0,2.11,2100,6100,8000,131551,131551,3236648,563327346,2021,10096,0,8088,4100,-737760821,1167357,4000,0.0,1175448
Chuffed Prop,jobshop,jobshop/jobshop_gini.mzn,jobshop/dzn/ta78_5a_alloc1.dzn:jobshop/generated_bounds/MinDis/ta78_5a_alloc1_MinDis.dzn,SATISFIED,1200.691711831838,,,MinDis,,,minimize,1.9079,,,63,,18205,1,,,2100,6100,8000,,,,,,,0,8085,4100,,,4000,,
Chuffed BBval,jobshop,jobshop/jobshop_gini.mzn,jobshop/dzn/ta38_2a_alloc1.dzn:jobshop/generated_bounds/MinDis/ta38_2a_alloc1_MinDis.dzn,SATISFIED,1200.4493345748633,1,1832,MinDis,0.081,1199.468,minimize,0.53083,1712006,444.204,1,16,4125,16,0.0,0.94,480,1380,1800,963627,963627,2676373,486878642,454,2295,0,1830,930,-1772238399,169752,900,0.0,171586
Chuffed Prop,jobshop,jobshop/jobshop_gini.mzn,jobshop/dzn/ta56_5a_alloc1.dzn:jobshop/generated_bounds/MinDis/ta56_5a_alloc1_MinDis.dzn,SATISFIED,1200.4558513369411,,,MinDis,,,minimize,0.772566,,,27,,6862,54,,,800,2300,3000,,,,,,,0,3047,1550,,,1500,,
Chuffed Prop,jobshop,jobshop/jobshop_gini.mzn,jobshop/dzn/ta67_3a_alloc1.dzn:jobshop/generated_bounds/MinDis/ta67_3a_alloc1_MinDis.dzn,OPTIMAL_SOLUTION,10.968117931857705,34,4046,MinDis,0.188,9.25,minimize,1.01288,143978,9.234,34,0,9115,0,0.0,0.94,1050,3050,4000,6602,6602,184564,5650131,1010,5060,0,4045,2050,1772016325,279972,2000,0.0,284020
Chuffed BB,jobshop,jobshop/jobshop_gini.mzn,jobshop/dzn/ta64_5a_alloc1.dzn:jobshop/generated_bounds/MinDis/ta64_5a_alloc1_MinDis.dzn,SATISFIED,1200.7820795383304,29,4039,MinDis,0.186,1198.999,minimize,1.00271,2219853,719.52,29,933,9108,933,0.0,1.41,1050,3050,4000,872989,872989,3123044,309929087,1018,5046,0,4038,2050,197996627,372971,2000,0.0,377012
Chuffed BBval,jobshop,jobshop/jobshop_gini.mzn,jobshop/dzn/ta46_2a_alloc1.dzn:jobshop/generated_bounds/MinDis/ta46_2a_alloc1_MinDis.dzn,UNKNOWN,1200.634894354269,0,2432,MinDis,0.112,1199.347,minimize,0.652307,2278886,0.0,0,-1,5480,,0.0,0.94,630,1830,2400,674103,674103,2953326,474631505,604,3050,0,2430,1230,-1238294103,230483,1200,0.0,232917
Chuffed BBval,jobshop,jobshop/jobshop_gini.mzn,jobshop/dzn/ta39_2a_alloc1.dzn:jobshop/generated_bounds/MinDis/ta39_2a_alloc1_MinDis.dzn,SATISFIED,1200.519544372335,2,1829,MinDis,0.079,1199.437,minimize,0.561828,1611848,113.685,2,1270,4122,1270,0.0,0.63,480,1380,1800,814161,814161,2427237,423644782,457,2289,0,1827,930,372238035,185647,900,0.0,187478
Chuffed BBval,jobshop,jobshop/jobshop_gini.mzn,jobshop/dzn/ta79_9a_alloc1.dzn:jobshop/generated_bounds/MinDis/ta79_9a_alloc1_MinDis.dzn,SATISFIED,1201.20182271488,36,8090,MinDis,0.382,1198.069,minimize,1.93997,3394397,1144.328,36,763,18208,763,0.0,2.11,2100,6100,8000,151945,151945,3620290,836651945,2019,10096,0,8088,4100,-1513291815,942981,4000,0.0,951073
Chuffed BBval,jobshop,jobshop/jobshop_gini.mzn,jobshop/dzn/ta44_2a_alloc1.dzn:jobshop/generated_bounds/MinDis/ta44_2a_alloc1_MinDis.dzn,SATISFIED,1200.6372380964458,7,2431,MinDis,0.109,1199.333,minimize,0.667748,1902637,743.716,7,41,5479,41,0.0,0.94,630,1830,2400,603198,603198,2510426,435513624,611,3048,0,2429,1230,915089135,261807,1200,0.0,264240
Chuffed Prop,jobshop,jobshop/jobshop_gini.mzn,jobshop/dzn/ta33_3a_alloc1.dzn:jobshop/generated_bounds/MinDis/ta33_3a_alloc1_MinDis.dzn,SATISFIED,1200.4146400764585,,,MinDis,,,minimize,0.485788,,,1,,4126,2871,,,480,1380,1800,,,,,,,0,1831,930,,,900,,
Chuffed Prop,jobshop,jobshop/jobshop_gini.mzn,jobshop/dzn/ta42_3a_alloc1.dzn:jobshop/generated_bounds/MinDis/ta42_3a_alloc1_MinDis.dzn,SATISFIED,1200.3307936787605,,,MinDis,,,minimize,0.648747,,,7,,5481,500,,,630,1830,2400,,,,,,,0,2431,1230,,,1200,,
Chuffed BB,jobshop,jobshop/jobshop_gini.mzn,jobshop/dzn/ta70_4a_alloc1.dzn:jobshop/generated_bounds/MinDis/ta70_4a_alloc1_MinDis.dzn,SATISFIED,1200.8024500850588,21,4044,MinDis,0.19,1198.968,minimize,1.030799,1720158,194.999,21,211,9113,211,0.0,1.41,1050,3050,4000,396339,396339,2138442,305874012,1015,5056,0,4043,2050,217916665,419505,2000,0.0,423551
Chuffed BB,jobshop,jobshop/jobshop_gini.mzn,jobshop/dzn/ta79_5a_alloc1.dzn:jobshop/generated_bounds/MinDis/ta79_5a_alloc1_MinDis.dzn,SATISFIED,1201.3066426068544,44,8085,MinDis,0.376,1198.125,minimize,1.87931,2567642,1190.163,44,127,18204,127,0.0,2.11,2100,6100,8000,116183,116183,2773925,686421468,2021,10088,0,8084,4100,1553538596,1041298,4000,0.0,1049385
Chuffed BB,jobshop,jobshop/jobshop_gini.mzn,jobshop/dzn/ta62_4a_alloc1.dzn:jobshop/generated_bounds/MinDis/ta62_4a_alloc1_MinDis.dzn,SATISFIED,1200.7933236639947,8,4049,MinDis,0.193,1198.988,minimize,1.01332,2267383,748.886,8,1246,9118,1246,0.0,0.94,1050,3050,4000,695518,695518,2971817,322246586,1013,5066,0,4048,2050,370948056,365452,2000,0.0,369503
Chuffed BBval,jobshop,jobshop/jobshop_gini.mzn,jobshop/dzn/ta71_6a_alloc1.dzn:jobshop/generated_bounds/MinDis/ta71_6a_alloc1_MinDis.dzn,SATISFIED,1201.160542519763,21,8091,MinDis,0.382,1198.108,minimize,1.89216,3795631,673.656,21,1536,18209,1536,0.0,2.11,2100,6100,8000,177607,177607,4016924,943023228,2017,10098,0,8089,4100,-1272439454,699668,4000,0.0,707761
Chuffed BBval,jobshop,jobshop/jobshop_gini.mzn,jobshop/dzn/ta63_3a_alloc1.dzn:jobshop/generated_bounds/MinDis/ta63_3a_alloc1_MinDis.dzn,SATISFIED,1200.6937313321978,23,4050,MinDis,0.185,1198.916,minimize,1.0854,11781713,1190.568,23,12,9118,12,0.0,0.94,1050,3050,4000,547980,547980,12353719,865681938,1014,5066,0,4048,2050,-873419865,264364,2000,0.0,268416
Chuffed BB,jobshop,jobshop/jobshop_gini.mzn,jobshop/dzn/ta78_5a_alloc1.dzn:jobshop/generated_bounds/MinDis/ta78_5a_alloc1_MinDis.dzn,SATISFIED,1201.4590743687004,64,8086,MinDis,0.391,1198.119,minimize,1.90015,2695189,1041.608,64,2,18205,2,0.0,2.11,2100,6100,8000,119876,119876,2945471,515974884,2021,10090,0,8085,4100,84304909,1165893,4000,0.0,1173981
Chuffed Prop,jobshop,jobshop/jobshop_gini.mzn,jobshop/dzn/ta39_2a_alloc1.dzn:jobshop/generated_bounds/MinDis/ta39_2a_alloc1_MinDis.dzn,SATISFIED,1200.3906758781523,,,MinDis,,,minimize,0.517189,,,2,,4122,1270,,,480,1380,1800,,,,,,,0,1827,930,,,900,,
Chuffed BBval,jobshop,jobshop/jobshop_gini.mzn,jobshop/dzn/ta78_6a_alloc1.dzn:jobshop/generated_bounds/MinDis/ta78_6a_alloc1_MinDis.dzn,SATISFIED,1201.1995627880096,21,8088,MinDis,0.383,1198.083,minimize,1.91686,3952312,604.788,21,1274,18206,1274,0.0,2.11,2100,6100,8000,174457,174457,4170485,804273065,2020,10092,0,8086,4100,-561386429,758174,4000,0.0,766264
Chuffed BB,jobshop,jobshop/jobshop_gini.mzn,jobshop/dzn/ta35_2a_alloc1.dzn:jobshop/generated_bounds/MinDis/ta35_2a_alloc1_MinDis.dzn,OPTIMAL_SOLUTION,112.97630250826478,2,1829,MinDis,0.083,111.989,minimize,0.516165,394305,111.892,2,0,4123,0,0.0,0.63,480,1380,1800,130693,130693,525915,50063577,461,2291,0,1828,930,1682633673,183248,900,0.0,185079
Chuffed BBval,jobshop,jobshop/jobshop_gini.mzn,jobshop/dzn/ta60_3a_alloc1.dzn:jobshop/generated_bounds/MinDis/ta60_3a_alloc1_MinDis.dzn,SATISFIED,1200.5895166601986,9,3052,MinDis,0.138,1199.24,minimize,0.757759,5462877,379.159,9,743,6865,743,0.0,0.94,800,2300,3000,1114275,1114275,6584681,282158437,764,3815,0,3050,1550,-2077429217,232777,1500,0.0,235831
Chuffed BB,jobshop,jobshop/jobshop_gini.mzn,jobshop/dzn/ta73_6a_alloc1.dzn:jobshop/generated_bounds/MinDis/ta73_6a_alloc1_MinDis.dzn,SATISFIED,1201.214197859168,54,8090,MinDis,0.389,1198.105,minimize,1.89452,2856309,1009.26,54,123,18209,123,0.0,2.11,2100,6100,8000,133404,133404,3100055,495726833,2020,10098,0,8089,4100,-1739792096,1007554,4000,0.0,1015646
Chuffed BB,jobshop,jobshop/jobshop_gini.mzn,jobshop/dzn/ta67_3a_alloc1.dzn:jobshop/generated_bounds/MinDis/ta67_3a_alloc1_MinDis.dzn,OPTIMAL_SOLUTION,14.496278159320354,34,4046,MinDis,0.187,12.818,minimize,1.0143,142443,12.802,34,0,9115,0,0.0,0.94,1050,3050,4000,6809,6809,183505,7459039,1012,5060,0,4045,2050,1270489643,265196,2000,0.0,269244
Chuffed Prop,jobshop,jobshop/jobshop_gini.mzn,jobshop/dzn/ta36_3a_alloc1.dzn:jobshop/generated_bounds/MinDis/ta36_3a_alloc1_MinDis.dzn,UNKNOWN,1200.4068755563349,,,MinDis,,,minimize,0.519283,,,0,,4127,,,,480,1380,1800,,,,,,,0,1832,930,,,900,,
Chuffed BB,jobshop,jobshop/jobshop_gini.mzn,jobshop/dzn/ta48_2a_alloc1.dzn:jobshop/generated_bounds/MinDis/ta48_2a_alloc1_MinDis.dzn,OPTIMAL_SOLUTION,27.540126929059625,5,2430,MinDis,0.195,25.728,minimize,1.10323,119883,25.707,5,0,5479,0,0.0,0.63,630,1830,2400,13672,13672,136294,16120050,604,3048,0,2429,1230,329570347,218562,1200,0.0,220994
Chuffed BB,jobshop,jobshop/jobshop_gini.mzn,jobshop/dzn/ta74_7a_alloc1.dzn:jobshop/generated_bounds/MinDis/ta74_7a_alloc1_MinDis.dzn,SATISFIED,1201.2795012351125,66,8086,MinDis,0.387,1198.115,minimize,1.88474,2039374,904.166,66,542,18205,542,0.0,2.11,2100,6100,8000,88752,88752,2262513,526297860,2020,10090,0,8085,4100,-151646481,1273815,4000,0.0,1281903
Chuffed Prop,jobshop,jobshop/jobshop_gini.mzn,jobshop/dzn/ta41_3a_alloc1.dzn:jobshop/generated_bounds/MinDis/ta41_3a_alloc1_MinDis.dzn,OPTIMAL_SOLUTION,795.1420300230384,9,2432,MinDis,0.117,793.843,minimize,0.659745,2578894,77.985,9,2,5481,2,0.0,0.63,630,1830,2400,170575,170575,2756168,468248073,603,3052,0,2431,1230,1772020932,375879,1200,0.0,378313
Chuffed BB,jobshop,jobshop/jobshop_gini.mzn,jobshop/dzn/ta74_10a_alloc1.dzn:jobshop/generated_bounds/MinDis/ta74_10a_alloc1_MinDis.dzn,SATISFIED,1201.1986130122095,32,8089,MinDis,0.386,1198.108,minimize,1.89277,1890634,899.903,32,627,18208,627,0.0,2.11,2100,6100,8000,82018,82018,2038514,698769793,2020,10096,0,8088,4100,1227744513,1008332,4000,0.0,1016423
Chuffed BBval,jobshop,jobshop/jobshop_gini.mzn,jobshop/dzn/ta57_5a_alloc1.dzn:jobshop/generated_bounds/MinDis/ta57_5a_alloc1_MinDis.dzn,UNKNOWN,1200.6244608033448,0,3051,MinDis,0.142,1199.219,minimize,0.778216,4537470,0.0,0,-1,6864,,0.0,0.94,800,2300,3000,1506420,1506420,6044581,241886897,754,3813,0,3049,1550,-377194313,159944,1500,0.0,162997
Chuffed BB,jobshop,jobshop/jobshop_gini.mzn,jobshop/dzn/ta77_10a_alloc1.dzn:jobshop/generated_bounds/MinDis/ta77_10a_alloc1_MinDis.dzn,SATISFIED,1201.1586991921067,32,8098,MinDis,0.389,1198.118,minimize,1.88642,1903406,849.019,32,2510,18217,2510,0.0,2.11,2100,6100,8000,84796,84796,2054077,491436731,2019,10114,0,8097,4100,-1462324956,867273,4000,0.0,875373
Chuffed Prop,jobshop,jobshop/jobshop_gini.mzn,jobshop/dzn/ta47_3a_alloc1.dzn:jobshop/generated_bounds/MinDis/ta47_3a_alloc1_MinDis.dzn,OPTIMAL_SOLUTION,11.215699912980199,6,2431,MinDis,0.111,10.057,minimize,0.65326,89047,7.986,6,20,5480,20,0.0,0.63,630,1830,2400,7506,7506,98916,8135866,603,3050,0,2430,1230,1772011831,204941,1200,0.0,207374
Chuffed BBval,jobshop,jobshop/jobshop_gini.mzn,jobshop/dzn/ta74_5a_alloc1.dzn:jobshop/generated_bounds/MinDis/ta74_5a_alloc1_MinDis.dzn,SATISFIED,1201.2254353892058,22,8085,MinDis,0.377,1198.11,minimize,1.88791,3142212,357.06,22,528,18203,528,0.0,2.11,2100,6100,8000,138949,138949,3326830,853781472,2019,10086,0,8083,4100,-1677772939,816153,4000,0.0,824240
Chuffed BB,jobshop,jobshop/jobshop_gini.mzn,jobshop/dzn/ta36_2a_alloc1.dzn:jobshop/generated_bounds/MinDis/ta36_2a_alloc1_MinDis.dzn,SATISFIED,1200.5216267239302,3,1832,MinDis,0.086,1199.478,minimize,0.52076,2079730,1143.042,3,116,4126,116,0.0,0.63,480,1380,1800,913221,913221,2994647,368292679,461,2297,0,1831,930,725526512,194257,900,0.0,196091
Chuffed Prop,jobshop,jobshop/jobshop_gini.mzn,jobshop/dzn/ta57_4a_alloc1.dzn:jobshop/generated_bounds/MinDis/ta57_4a_alloc1_MinDis.dzn,SATISFIED,1200.44352379255,,,MinDis,,,minimize,0.772546,,,7,,6863,1302,,,800,2300,3000,,,,,,,0,3048,1550,,,1500,,
Chuffed BB,jobshop,jobshop/jobshop_gini.mzn,jobshop/dzn/ta34_3a_alloc1.dzn:jobshop/generated_bounds/MinDis/ta34_3a_alloc1_MinDis.dzn,SATISFIED,1200.5548968110234,8,1833,MinDis,0.085,1199.483,minimize,0.516426,2471966,505.852,8,448,4127,448,0.0,0.94,480,1380,1800,999837,999837,3475779,435974897,462,2299,0,1832,930,-155158954,218158,900,0.0,219993
Chuffed Prop,jobshop,jobshop/jobshop_gini.mzn,jobshop/dzn/ta67_4a_alloc1.dzn:jobshop/generated_bounds/MinDis/ta67_4a_alloc1_MinDis.dzn,SATISFIED,1200.5007166918367,,,MinDis,,,minimize,1.00318,,,11,,9116,63,,,1050,3050,4000,,,,,,,0,4046,2050,,,2000,,
Chuffed BBval,jobshop,jobshop/jobshop_gini.mzn,jobshop/dzn/ta76_6a_alloc1.dzn:jobshop/generated_bounds/MinDis/ta76_6a_alloc1_MinDis.dzn,SATISFIED,1201.1444987170398,14,8086,MinDis,0.379,1198.12,minimize,1.88234,4373930,131.303,14,495,18204,495,0.0,2.11,2100,6100,8000,196572,196572,4600127,1024157923,2020,10088,0,8084,4100,1698949937,600095,4000,0.0,608183
Chuffed Prop,jobshop,jobshop/jobshop_gini.mzn,jobshop/dzn/ta31_2a_alloc1.dzn:jobshop/generated_bounds/MinDis/ta31_2a_alloc1_MinDis.dzn,SATISFIED,1200.3898273501545,,,MinDis,,,minimize,0.515737,,,1,,4122,796,,,480,1380,1800,,,,,,,0,1827,930,,,900,,
Chuffed BBval,jobshop,jobshop/jobshop_gini.mzn,jobshop/dzn/ta45_2a_alloc1.dzn:jobshop/generated_bounds/MinDis/ta45_2a_alloc1_MinDis.dzn,OPTIMAL_SOLUTION,84.06298647262156,10,2428,MinDis,0.112,82.957,minimize,0.645194,341931,82.896,10,0,5476,0,0.0,0.63,630,1830,2400,49835,49835,397597,46229263,611,3042,0,2426,1230,-628573388,247936,1200,0.0,250366
Chuffed BBval,jobshop,jobshop/jobshop_gini.mzn,jobshop/dzn/ta35_3a_alloc1.dzn:jobshop/generated_bounds/MinDis/ta35_3a_alloc1_MinDis.dzn,UNKNOWN,1200.4987292233855,0,1831,MinDis,0.082,1199.499,minimize,0.502654,2088274,0.0,0,-1,4124,,0.0,0.94,480,1380,1800,921550,921550,3010140,403015647,454,2293,0,1829,930,-561342750,204174,900,0.0,206007
Chuffed BB,jobshop,jobshop/jobshop_gini.mzn,jobshop/dzn/ta36_3a_alloc1.dzn:jobshop/generated_bounds/MinDis/ta36_3a_alloc1_MinDis.dzn,UNKNOWN,1200.5048514399678,0,1833,MinDis,0.084,1199.493,minimize,0.511684,1885713,0.0,0,-1,4127,,0.0,0.63,480,1380,1800,901217,901217,2787242,415693757,454,2299,0,1832,930,306864431,192517,900,0.0,194352
Chuffed Prop,jobshop,jobshop/jobshop_gini.mzn,jobshop/dzn/ta73_5a_alloc1.dzn:jobshop/generated_bounds/MinDis/ta73_5a_alloc1_MinDis.dzn,OPTIMAL_SOLUTION,812.4803705587983,123,8089,MinDis,0.393,808.858,minimize,1.90116,2481277,808.762,123,0,18208,0,0.0,2.11,2100,6100,8000,102340,102340,2843050,414285690,2021,10096,0,8088,4100,1772012140,1521883,4000,0.0,1529974
Chuffed BBval,jobshop,jobshop/jobshop_gini.mzn,jobshop/dzn/ta68_4a_alloc1.dzn:jobshop/generated_bounds/MinDis/ta68_4a_alloc1_MinDis.dzn,SATISFIED,1200.790418587625,26,4046,MinDis,0.184,1198.983,minimize,1.016799,4074092,1154.004,26,1091,9114,1091,0.0,0.94,1050,3050,4000,446499,446499,4547633,555471235,1013,5058,0,4044,2050,-1014051787,414405,2000,0.0,418453
Chuffed Prop,jobshop,jobshop/jobshop_gini.mzn,jobshop/dzn/ta80_10a_alloc1.dzn:jobshop/generated_bounds/MinDis/ta80_10a_alloc1_MinDis.dzn,SATISFIED,1200.6513613536954,,,MinDis,,,minimize,1.88413,,,47,,18212,413,,,2100,6100,8000,,,,,,,0,8092,4100,,,4000,,
Chuffed Prop,jobshop,jobshop/jobshop_gini.mzn,jobshop/dzn/ta54_4a_alloc1.dzn:jobshop/generated_bounds/MinDis/ta54_4a_alloc1_MinDis.dzn,SATISFIED,1200.4485722463578,,,MinDis,,,minimize,0.778071,,,9,,6865,973,,,800,2300,3000,,,,,,,0,3050,1550,,,1500,,
Chuffed BB,jobshop,jobshop/jobshop_gini.mzn,jobshop/dzn/ta57_3a_alloc1.dzn:jobshop/generated_bounds/MinDis/ta57_3a_alloc1_MinDis.dzn,SATISFIED,1200.556932227686,1,3048,MinDis,0.141,1199.236,minimize,0.762808,6509999,0.262,1,1420,6862,1420,0.0,0.94,800,2300,3000,1441071,1441071,7952522,246892679,766,3809,0,3047,1550,237182892,163982,1500,0.0,167032
Chuffed BBval,jobshop,jobshop/jobshop_gini.mzn,jobshop/dzn/ta76_7a_alloc1.dzn:jobshop/generated_bounds/MinDis/ta76_7a_alloc1_MinDis.dzn,SATISFIED,1201.1873159483075,32,8087,MinDis,0.379,1198.106,minimize,1.89582,3532774,1054.291999,32,1373,18205,1373,0.0,2.11,2100,6100,8000,157246,157246,3755981,831257254,2020,10090,0,8085,4100,454963106,782330,4000,0.0,790419
Chuffed Prop,jobshop,jobshop/jobshop_gini.mzn,jobshop/dzn/ta65_5a_alloc1.dzn:jobshop/generated_bounds/MinDis/ta65_5a_alloc1_MinDis.dzn,SATISFIED,1200.494485238567,,,MinDis,,,minimize,1.013609,,,2,,9116,822,,,1050,3050,4000,,,,,,,0,4046,2050,,,2000,,
Chuffed BB,jobshop,jobshop/jobshop_gini.mzn,jobshop/dzn/ta73_9a_alloc1.dzn:jobshop/generated_bounds/MinDis/ta73_9a_alloc1_MinDis.dzn,SATISFIED,1201.1791403628886,43,8093,MinDis,0.386,1198.108,minimize,1.89969,2405548,287.605,43,1529,18212,1529,0.0,2.11,2100,6100,8000,107474,107474,2601176,350613611,2020,10104,0,8092,4100,-438330970,934851,4000,0.0,942946
Chuffed BBval,jobshop,jobshop/jobshop_gini.mzn,jobshop/dzn/ta63_4a_alloc1.dzn:jobshop/generated_bounds/MinDis/ta63_4a_alloc1_MinDis.dzn,SATISFIED,1200.723954256624,6,4051,MinDis,0.183,1199.008,minimize,0.989066,2786389,167.023,6,2762,9119,2762,0.0,0.94,1050,3050,4000,771091,771091,3564410,266778075,1015,5068,0,4049,2050,-225452583,297651,2000,0.0,301704
Chuffed BBval,jobshop,jobshop/jobshop_gini.mzn,jobshop/dzn/ta65_4a_alloc1.dzn:jobshop/generated_bounds/MinDis/ta65_4a_alloc1_MinDis.dzn,SATISFIED,1200.6917842123657,36,4047,MinDis,0.184,1198.996,minimize,1.00286,10503662,838.989,36,62,9115,62,0.0,0.94,1050,3050,4000,527647,527647,11068400,881841914,1013,5060,0,4045,2050,-1474242307,320578,2000,0.0,324627
Chuffed Prop,jobshop,jobshop/jobshop_gini.mzn,jobshop/dzn/ta66_5a_alloc1.dzn:jobshop/generated_bounds/MinDis/ta66_5a_alloc1_MinDis.dzn,SATISFIED,1200.502656655386,,,MinDis,,,minimize,1.01254,,,11,,9116,1093,,,1050,3050,4000,,,,,,,0,4046,2050,,,2000,,
Chuffed BB,jobshop,jobshop/jobshop_gini.mzn,jobshop/dzn/ta38_3a_alloc1.dzn:jobshop/generated_bounds/MinDis/ta38_3a_alloc1_MinDis.dzn,SATISFIED,1200.499885166064,8,1832,MinDis,0.084,1199.487,minimize,0.512835,2230476,971.655,8,385,4126,385,0.0,0.63,480,1380,1800,1012258,1012258,3246532,495069459,454,2297,0,1831,930,-1437561093,184796,900,0.0,186630
Chuffed Prop,jobshop,jobshop/jobshop_gini.mzn,jobshop/dzn/ta75_6a_alloc1.dzn:jobshop/generated_bounds/MinDis/ta75_6a_alloc1_MinDis.dzn,OPTIMAL_SOLUTION,1108.7695343904197,96,8084,MinDis,0.39,1105.2,minimize,1.90405,4183460,1047.784,96,10,18203,10,0.0,3.16,2100,6100,8000,104512,104512,4492034,427173535,2019,10086,0,8083,4100,1772020250,1541347,4000,0.0,1549433
Chuffed BBval,jobshop,jobshop/jobshop_gini.mzn,jobshop/dzn/ta57_3a_alloc1.dzn:jobshop/generated_bounds/MinDis/ta57_3a_alloc1_MinDis.dzn,SATISFIED,1200.5387899242342,1,3049,MinDis,0.138,1199.225,minimize,0.773301,6693121,0.134,1,1420,6862,1420,0.0,0.94,800,2300,3000,1474589,1474589,8169185,252425076,765,3809,0,3047,1550,-1990516211,164428,1500,0.0,167479
Chuffed Prop,jobshop,jobshop/jobshop_gini.mzn,jobshop/dzn/ta60_4a_alloc1.dzn:jobshop/generated_bounds/MinDis/ta60_4a_alloc1_MinDis.dzn,SATISFIED,1200.4763458315283,,,MinDis,,,minimize,0.794497,,,56,,6866,92,,,800,2300,3000,,,,,,,0,3051,1550,,,1500,,
Chuffed BB,jobshop,jobshop/jobshop_gini.mzn,jobshop/dzn/ta71_9a_alloc1.dzn:jobshop/generated_bounds/MinDis/ta71_9a_alloc1_MinDis.dzn,SATISFIED,1201.204029213637,24,8093,MinDis,0.384,1198.094,minimize,1.9048,2660211,1075.957,24,498,18212,498,0.0,2.11,2100,6100,8000,123431,123431,2833326,502653090,2019,10104,0,8092,4100,76238112,787884,4000,0.0,795979
Chuffed BBval,jobshop,jobshop/jobshop_gini.mzn,jobshop/dzn/ta72_10a_alloc1.dzn:jobshop/generated_bounds/MinDis/ta72_10a_alloc1_MinDis.dzn,SATISFIED,1201.1889209225774,41,8092,MinDis,0.379,1198.112,minimize,1.89389,3040747,780.432,41,1654,18210,1654,0.0,2.11,2100,6100,8000,130820,130820,3255541,815775245,2018,10100,0,8090,4100,372423205,1009993,4000,0.0,1018087
Chuffed BBval,jobshop,jobshop/jobshop_gini.mzn,jobshop/dzn/ta43_3a_alloc1.dzn:jobshop/generated_bounds/MinDis/ta43_3a_alloc1_MinDis.dzn,SATISFIED,1200.5294882450253,8,2427,MinDis,0.109,1199.314,minimize,0.68693,3289991,1119.723,8,450,5475,450,0.0,0.94,630,1830,2400,335782,335782,3630012,596317186,604,3040,0,2425,1230,-2107382258,281574,1200,0.0,284003
Chuffed BB,jobshop,jobshop/jobshop_gini.mzn,jobshop/dzn/ta63_3a_alloc1.dzn:jobshop/generated_bounds/MinDis/ta63_3a_alloc1_MinDis.dzn,OPTIMAL_SOLUTION,37.80400266125798,24,4049,MinDis,0.185,36.107,minimize,1.00789,376989,36.082,24,0,9118,0,0.0,0.63,1050,3050,4000,34783,34783,436102,19298538,1015,5066,0,4048,2050,-2061449534,293395,2000,0.0,297446
Chuffed Prop,jobshop,jobshop/jobshop_gini.mzn,jobshop/dzn/ta51_3a_alloc1.dzn:jobshop/generated_bounds/MinDis/ta51_3a_alloc1_MinDis.dzn,SATISFIED,1200.4570808056742,,,MinDis,,,minimize,0.771297,,,8,,6864,1425,,,800,2300,3000,,,,,,,0,3049,1550,,,1500,,
Chuffed Prop,jobshop,jobshop/jobshop_gini.mzn,jobshop/dzn/ta67_5a_alloc1.dzn:jobshop/generated_bounds/MinDis/ta67_5a_alloc1_MinDis.dzn,SATISFIED,1200.498499115929,,,MinDis,,,minimize,1.01676,,,3,,9117,1321,,,1050,3050,4000,,,,,,,0,4047,2050,,,2000,,
Chuffed BBval,jobshop,jobshop/jobshop_gini.mzn,jobshop/dzn/ta78_5a_alloc1.dzn:jobshop/generated_bounds/MinDis/ta78_5a_alloc1_MinDis.dzn,SATISFIED,1201.2533323056996,26,8087,MinDis,0.383,1198.098,minimize,1.90295,3748504,1196.931,26,395,18205,395,0.0,2.11,2100,6100,8000,162625,162625,3964939,766596149,2020,10090,0,8085,4100,880316960,807550,4000,0.0,815639
Chuffed Prop,jobshop,jobshop/jobshop_gini.mzn,jobshop/dzn/ta55_3a_alloc1.dzn:jobshop/generated_bounds/MinDis/ta55_3a_alloc1_MinDis.dzn,SATISFIED,1200.463903291151,,,MinDis,,,minimize,0.7704,,,1,,6861,835,,,800,2300,3000,,,,,,,0,3046,1550,,,1500,,
Chuffed Prop,jobshop,jobshop/jobshop_gini.mzn,jobshop/dzn/ta73_9a_alloc1.dzn:jobshop/generated_bounds/MinDis/ta73_9a_alloc1_MinDis.dzn,SATISFIED,1200.6850687321275,,,MinDis,,,minimize,1.89418,,,67,,18212,999,,,2100,6100,8000,,,,,,,0,8092,4100,,,4000,,
Chuffed BBval,jobshop,jobshop/jobshop_gini.mzn,jobshop/dzn/ta71_5a_alloc1.dzn:jobshop/generated_bounds/MinDis/ta71_5a_alloc1_MinDis.dzn,SATISFIED,1201.158097544685,14,8090,MinDis,0.387,1198.05,minimize,1.9504,4005750,208.996,14,1025,18208,1025,0.0,2.11,2100,6100,8000,187832,187832,4223150,988907521,2017,10096,0,8088,4100,-1778464857,601095,4000,0.0,609187
Chuffed BBval,jobshop,jobshop/jobshop_gini.mzn,jobshop/dzn/ta72_9a_alloc1.dzn:jobshop/generated_bounds/MinDis/ta72_9a_alloc1_MinDis.dzn,SATISFIED,1201.1370944157243,17,8091,MinDis,0.384,1197.993,minimize,2.00734,3450815,291.838,17,1109,18209,1109,0.0,2.11,2100,6100,8000,150890,150890,3637286,935192957,2018,10098,0,8089,4100,-777284184,737760,4000,0.0,745853
Chuffed BB,jobshop,jobshop/jobshop_gini.mzn,jobshop/dzn/ta70_3a_alloc1.dzn:jobshop/generated_bounds/MinDis/ta70_3a_alloc1_MinDis.dzn,SATISFIED,1200.8113285303116,16,4043,MinDis,0.191,1198.984,minimize,1.014799,1701813,117.08,16,439,9112,439,0.0,0.94,1050,3050,4000,667382,667382,2386191,305241035,1015,5054,0,4042,2050,-327729559,393466,2000,0.0,397511
Chuffed BBval,jobshop,jobshop/jobshop_gini.mzn,jobshop/dzn/ta33_2a_alloc1.dzn:jobshop/generated_bounds/MinDis/ta33_2a_alloc1_MinDis.dzn,OPTIMAL_SOLUTION,8.739073242992163,4,1832,MinDis,0.085,7.812,minimize,0.510908,66871,7.798,4,0,4125,0,0.0,0.42,480,1380,1800,9391,9391,78088,6366173,460,2295,0,1830,930,-1842519813,153093,900,0.0,154927
Chuffed BBval,jobshop,jobshop/jobshop_gini.mzn,jobshop/dzn/ta51_4a_alloc1.dzn:jobshop/generated_bounds/MinDis/ta51_4a_alloc1_MinDis.dzn,SATISFIED,1200.5724841989577,4,3052,MinDis,0.143,1199.215,minimize,0.784098,7905904,2.691,4,335,6865,335,0.0,0.63,800,2300,3000,1699807,1699807,9609462,246099262,764,3815,0,3050,1550,213130792,186113,1500,0.0,189167
Chuffed BB,jobshop,jobshop/jobshop_gini.mzn,jobshop/dzn/ta70_5a_alloc1.dzn:jobshop/generated_bounds/MinDis/ta70_5a_alloc1_MinDis.dzn,SATISFIED,1200.800004094839,13,4045,MinDis,0.189,1198.992,minimize,1.00718,4257184,20.605,13,783,9114,783,0.0,0.94,1050,3050,4000,748311,748311,5019548,260928627,1014,5058,0,4044,2050,-1452011747,350509,2000,0.0,354556
Chuffed Prop,jobshop,jobshop/jobshop_gini.mzn,jobshop/dzn/ta75_7a_alloc1.dzn:jobshop/generated_bounds/MinDis/ta75_7a_alloc1_MinDis.dzn,SATISFIED,1200.5903602093458,,,MinDis,,,minimize,1.8817,,,93,,18204,19,,,2100,6100,8000,,,,,,,0,8084,4100,,,4000,,
Chuffed BB,jobshop,jobshop/jobshop_gini.mzn,jobshop/dzn/ta33_2a_alloc1.dzn:jobshop/generated_bounds/MinDis/ta33_2a_alloc1_MinDis.dzn,OPTIMAL_SOLUTION,6.548587499186397,4,1831,MinDis,0.087,5.615,minimize,0.512077,49294,5.609,4,0,4125,0,0.0,0.42,480,1380,1800,7711,7711,58818,4168588,461,2295,0,1830,930,-907800795,150016,900,0.0,151849
Chuffed Prop,jobshop,jobshop/jobshop_gini.mzn,jobshop/dzn/ta69_4a_alloc1.dzn:jobshop/generated_bounds/MinDis/ta69_4a_alloc1_MinDis.dzn,SATISFIED,1200.5041151046753,,,MinDis,,,minimize,1.00746,,,13,,9118,256,,,1050,3050,4000,,,,,,,0,4048,2050,,,2000,,
Chuffed BBval,jobshop,jobshop/jobshop_gini.mzn,jobshop/dzn/ta77_5a_alloc1.dzn:jobshop/generated_bounds/MinDis/ta77_5a_alloc1_MinDis.dzn,SATISFIED,1201.1282538566738,12,8094,MinDis,0.38,1198.134,minimize,1.86717,3840956,11.235,12,1524,18212,1524,0.0,2.11,2100,6100,8000,174703,174703,4041203,974989201,2018,10104,0,8092,4100,1064645422,591011,4000,0.0,599107
Chuffed BB,jobshop,jobshop/jobshop_gini.mzn,jobshop/dzn/ta51_3a_alloc1.dzn:jobshop/generated_bounds/MinDis/ta51_3a_alloc1_MinDis.dzn,SATISFIED,1200.6438288129866,8,3050,MinDis,0.142,1199.22,minimize,0.77801,4756965,1.252,8,1425,6864,1425,0.0,0.94,800,2300,3000,1316094,1316094,6079836,224917970,764,3813,0,3049,1550,978502265,205067,1500,0.0,208119
Chuffed BB,jobshop,jobshop/jobshop_gini.mzn,jobshop/dzn/ta46_2a_alloc1.dzn:jobshop/generated_bounds/MinDis/ta46_2a_alloc1_MinDis.dzn,UNKNOWN,1200.6063741911203,0,2431,MinDis,0.115,1199.349,minimize,0.650988,2303871,0.0,0,-1,5480,,0.0,0.94,630,1830,2400,682866,682866,2987075,479997049,604,3050,0,2430,1230,1563137851,230448,1200,0.0,232881
Chuffed BB,jobshop,jobshop/jobshop_gini.mzn,jobshop/dzn/ta73_10a_alloc1.dzn:jobshop/generated_bounds/MinDis/ta73_10a_alloc1_MinDis.dzn,SATISFIED,1201.1347983833402,31,8094,MinDis,0.386,1198.092,minimize,1.90886,2261698,55.255,31,1356,18213,1356,0.0,2.11,2100,6100,8000,103588,103588,2429193,503357372,2020,10106,0,8093,4100,-1986250155,764671,4000,0.0,772767
Chuffed BBval,jobshop,jobshop/jobshop_gini.mzn,jobshop/dzn/ta62_4a_alloc1.dzn:jobshop/generated_bounds/MinDis/ta62_4a_alloc1_MinDis.dzn,SATISFIED,1200.7512013260275,7,4050,MinDis,0.19,1198.955,minimize,1.043909,2344370,986.366,7,1337,9118,1337,0.0,0.94,1050,3050,4000,528519,528519,2880613,426574754,1012,5066,0,4048,2050,-1700542949,354714,2000,0.0,358766
Chuffed Prop,jobshop,jobshop/jobshop_gini.mzn,jobshop/dzn/ta61_5a_alloc1.dzn:jobshop/generated_bounds/MinDis/ta61_5a_alloc1_MinDis.dzn,SATISFIED,1200.5004165973514,,,MinDis,,,minimize,1.01021,,,49,,9115,1,,,1050,3050,4000,,,,,,,0,4045,2050,,,2000,,
Chuffed BB,jobshop,jobshop/jobshop_gini.mzn,jobshop/dzn/ta54_4a_alloc1.dzn:jobshop/generated_bounds/MinDis/ta54_4a_alloc1_MinDis.dzn,SATISFIED,1200.6184476371855,9,3051,MinDis,0.139,1199.225,minimize,0.77405,2612857,61.274,9,973,6865,973,0.0,0.94,800,2300,3000,682140,682140,3302437,233220752,763,3815,0,3050,1550,-569497290,286387,1500,0.0,289440
Chuffed BBval,jobshop,jobshop/jobshop_gini.mzn,jobshop/dzn/ta73_10a_alloc1.dzn:jobshop/generated_bounds/MinDis/ta73_10a_alloc1_MinDis.dzn,SATISFIED,1201.0878876410425,31,8095,MinDis,0.386,1198.075,minimize,1.92872,3393804,429.808,31,1356,18213,1356,0.0,2.11,2100,6100,8000,148631,148631,3606317,827134720,2019,10106,0,8093,4100,389097455,756219,4000,0.0,764316
Chuffed BB,jobshop,jobshop/jobshop_gini.mzn,jobshop/dzn/ta74_8a_alloc1.dzn:jobshop/generated_bounds/MinDis/ta74_8a_alloc1_MinDis.dzn,SATISFIED,1201.295468846336,18,8087,MinDis,0.385,1198.104,minimize,1.89894,2447000,575.678,18,1054,18206,1054,0.0,2.11,2100,6100,8000,111187,111187,2595784,662143544,2020,10092,0,8086,4100,-737026819,786068,4000,0.0,794157
Chuffed BBval,jobshop,jobshop/jobshop_gini.mzn,jobshop/dzn/ta40_2a_alloc1.dzn:jobshop/generated_bounds/MinDis/ta40_2a_alloc1_MinDis.dzn,UNKNOWN,1200.5282305330038,0,1829,MinDis,0.082,1199.47,minimize,0.52732,2315774,0.0,0,-1,4122,,0.0,0.63,480,1380,1800,1015771,1015771,3331862,436792409,454,2289,0,1827,930,180038430,183841,900,0.0,185672
Chuffed BB,jobshop,jobshop/jobshop_gini.mzn,jobshop/dzn/ta40_2a_alloc1.dzn:jobshop/generated_bounds/MinDis/ta40_2a_alloc1_MinDis.dzn,UNKNOWN,1200.5329669322819,0,1828,MinDis,0.084,1199.473,minimize,0.5258,2360931,0.0,0,-1,4122,,0.0,0.63,480,1380,1800,1035543,1035543,3396757,445777553,454,2289,0,1827,930,905559617,184004,900,0.0,185834
Chuffed BBval,jobshop,jobshop/jobshop_gini.mzn,jobshop/dzn/ta58_5a_alloc1.dzn:jobshop/generated_bounds/MinDis/ta58_5a_alloc1_MinDis.dzn,SATISFIED,1200.6289831735194,16,3056,MinDis,0.141,1199.195,minimize,0.802849,8037006,245.534,16,442,6869,442,0.0,0.63,800,2300,3000,935422,935422,8985303,417234354,763,3823,0,3054,1550,-1473226104,251203,1500,0.0,254261
Chuffed BBval,jobshop,jobshop/jobshop_gini.mzn,jobshop/dzn/ta35_2a_alloc1.dzn:jobshop/generated_bounds/MinDis/ta35_2a_alloc1_MinDis.dzn,OPTIMAL_SOLUTION,117.55758156813681,2,1830,MinDis,0.082,116.584,minimize,0.521151,394305,116.484,2,0,4123,0,0.0,0.63,480,1380,1800,130693,130693,525913,50063499,460,2291,0,1828,930,-133515480,183252,900,0.0,185084
Chuffed BB,jobshop,jobshop/jobshop_gini.mzn,jobshop/dzn/ta59_4a_alloc1.dzn:jobshop/generated_bounds/MinDis/ta59_4a_alloc1_MinDis.dzn,SATISFIED,1200.5851961988956,14,3049,MinDis,0.138,1199.223,minimize,0.774569,4590054,22.387,14,1030,6863,1030,0.0,0.94,800,2300,3000,1742397,1742397,6343788,236296811,763,3811,0,3048,1550,744443438,214141,1500,0.0,217192
Chuffed Prop,jobshop,jobshop/jobshop_gini.mzn,jobshop/dzn/ta73_8a_alloc1.dzn:jobshop/generated_bounds/MinDis/ta73_8a_alloc1_MinDis.dzn,SATISFIED,1200.6668872870505,,,MinDis,,,minimize,1.88398,,,225,,18211,498,,,2100,6100,8000,,,,,,,0,8091,4100,,,4000,,
Chuffed Prop,jobshop,jobshop/jobshop_gini.mzn,jobshop/dzn/ta62_5a_alloc1.dzn:jobshop/generated_bounds/MinDis/ta62_5a_alloc1_MinDis.dzn,SATISFIED,1200.5159030277282,,,MinDis,,,minimize,1.01171,,,2,,9119,2499,,,1050,3050,4000,,,,,,,0,4049,2050,,,2000,,
Chuffed Prop,jobshop,jobshop/jobshop_gini.mzn,jobshop/dzn/ta65_3a_alloc1.dzn:jobshop/generated_bounds/MinDis/ta65_3a_alloc1_MinDis.dzn,SATISFIED,1200.4976590164006,,,MinDis,,,minimize,1.01403,,,2,,9114,653,,,1050,3050,4000,,,,,,,0,4044,2050,,,2000,,
Chuffed Prop,jobshop,jobshop/jobshop_gini.mzn,jobshop/dzn/ta74_5a_alloc1.dzn:jobshop/generated_bounds/MinDis/ta74_5a_alloc1_MinDis.dzn,OPTIMAL_SOLUTION,475.15910644084215,111,8084,MinDis,0.394,468.407,minimize,4.95479,1181923,468.308,111,0,18203,0,0.0,3.16,2100,6100,8000,43221,43221,1453312,239718106,2019,10086,0,8083,4100,1772012413,1714775,4000,0.0,1722861
Chuffed Prop,jobshop,jobshop/jobshop_gini.mzn,jobshop/dzn/ta43_2a_alloc1.dzn:jobshop/generated_bounds/MinDis/ta43_2a_alloc1_MinDis.dzn,OPTIMAL_SOLUTION,550.7476505339146,5,2425,MinDis,0.11,549.458,minimize,0.649807,2029187,549.392,5,0,5474,0,0.0,0.94,630,1830,2400,173865,173865,2205496,344151178,603,3038,0,2424,1230,1772019456,289330,1200,0.0,291757
Chuffed BBval,jobshop,jobshop/jobshop_gini.mzn,jobshop/dzn/ta67_4a_alloc1.dzn:jobshop/generated_bounds/MinDis/ta67_4a_alloc1_MinDis.dzn,SATISFIED,1200.6492726970464,12,4048,MinDis,0.185,1198.991,minimize,1.00794,12823588,917.291,12,62,9116,62,0.0,0.94,1050,3050,4000,647057,647057,13483435,1218014872,1011,5062,0,4046,2050,-321072122,214861,2000,0.0,218911
Chuffed Prop,jobshop,jobshop/jobshop_gini.mzn,jobshop/dzn/ta63_3a_alloc1.dzn:jobshop/generated_bounds/MinDis/ta63_3a_alloc1_MinDis.dzn,OPTIMAL_SOLUTION,11.3025016002357,24,4049,MinDis,0.188,9.585,minimize,1.01659,150739,9.574,24,0,9118,0,0.0,0.94,1050,3050,4000,9321,9321,184484,5956348,1014,5066,0,4048,2050,1772016858,245600,2000,0.0,249651
Chuffed BBval,jobshop,jobshop/jobshop_gini.mzn,jobshop/dzn/ta37_3a_alloc1.dzn:jobshop/generated_bounds/MinDis/ta37_3a_alloc1_MinDis.dzn,SATISFIED,1200.5172977577895,3,1834,MinDis,0.085,1199.489,minimize,0.513868,2519388,221.924,3,457,4127,457,0.0,0.63,480,1380,1800,988343,988343,3509415,403019679,461,2299,0,1832,930,-617455173,163290,900,0.0,165126
Chuffed BBval,jobshop,jobshop/jobshop_gini.mzn,jobshop/dzn/ta75_5a_alloc1.dzn:jobshop/generated_bounds/MinDis/ta75_5a_alloc1_MinDis.dzn,SATISFIED,1201.1925826631486,15,8084,MinDis,0.386,1198.012,minimize,1.99078,4167418,516.166,15,620,18202,620,0.0,2.11,2100,6100,8000,190678,190678,4389659,984677005,2018,10084,0,8082,4100,-16419147,636972,4000,0.0,645058
Chuffed Prop,jobshop,jobshop/jobshop_gini.mzn,jobshop/dzn/ta78_7a_alloc1.dzn:jobshop/generated_bounds/MinDis/ta78_7a_alloc1_MinDis.dzn,OPTIMAL_SOLUTION,977.1936278622597,95,8088,MinDis,0.384,973.694,minimize,1.87919,4563928,395.322,95,32,18207,32,0.0,2.11,2100,6100,8000,122797,122797,4879643,460580912,2021,10094,0,8087,4100,1772014718,1478918,4000,0.0,1487008
Chuffed Prop,jobshop,jobshop/jobshop_gini.mzn,jobshop/dzn/ta52_5a_alloc1.dzn:jobshop/generated_bounds/MinDis/ta52_5a_alloc1_MinDis.dzn,SATISFIED,1200.4577150717378,,,MinDis,,,minimize,0.776237,,,29,,6863,101,,,800,2300,3000,,,,,,,0,3048,1550,,,1500,,
Chuffed BBval,jobshop,jobshop/jobshop_gini.mzn,jobshop/dzn/ta43_2a_alloc1.dzn:jobshop/generated_bounds/MinDis/ta43_2a_alloc1_MinDis.dzn,SATISFIED,1200.5493327397853,4,2426,MinDis,0.11,1199.338,minimize,0.66118,4226074,521.515,4,1,5474,1,0.0,0.63,630,1830,2400,283435,283435,4511929,671478349,604,3038,0,2424,1230,1779196653,281936,1200,0.0,284364
Chuffed Prop,jobshop,jobshop/jobshop_gini.mzn,jobshop/dzn/ta52_4a_alloc1.dzn:jobshop/generated_bounds/MinDis/ta52_4a_alloc1_MinDis.dzn,UNKNOWN,1200.4494289569557,,,MinDis,,,minimize,0.777948,,,0,,6862,,,,800,2300,3000,,,,,,,0,3047,1550,,,1500,,
Chuffed Prop,jobshop,jobshop/jobshop_gini.mzn,jobshop/dzn/ta76_8a_alloc1.dzn:jobshop/generated_bounds/MinDis/ta76_8a_alloc1_MinDis.dzn,OPTIMAL_SOLUTION,522.5223985631019,72,8087,MinDis,0.381,519.224,minimize,1.86683,2735500,329.759,72,111,18206,111,0.0,2.11,2100,6100,8000,89027,89027,2969779,290168564,2020,10092,0,8086,4100,1772016345,1194310,4000,0.0,1202399
Chuffed BB,jobshop,jobshop/jobshop_gini.mzn,jobshop/dzn/ta51_4a_alloc1.dzn:jobshop/generated_bounds/MinDis/ta51_4a_alloc1_MinDis.dzn,SATISFIED,1200.561682190746,4,3051,MinDis,0.138,1199.229,minimize,0.768212,7476275,1.876,4,335,6865,335,0.0,0.63,800,2300,3000,1660358,1660358,9140381,212668224,765,3815,0,3050,1550,51488953,180120,1500,0.0,183173
Chuffed BBval,jobshop,jobshop/jobshop_gini.mzn,jobshop/dzn/ta52_4a_alloc1.dzn:jobshop/generated_bounds/MinDis/ta52_4a_alloc1_MinDis.dzn,UNKNOWN,1200.5920151174068,0,3049,MinDis,0.14,1199.214,minimize,0.785119,4320458,0.0,0,-1,6862,,0.0,0.94,800,2300,3000,916064,916064,5237186,225074481,754,3809,0,3047,1550,-978285324,179072,1500,0.0,182123
Chuffed Prop,jobshop,jobshop/jobshop_gini.mzn,jobshop/dzn/ta79_6a_alloc1.dzn:jobshop/generated_bounds/MinDis/ta79_6a_alloc1_MinDis.dzn,SATISFIED,1200.680400358513,,,MinDis,,,minimize,1.90122,,,164,,18205,135,,,2100,6100,8000,,,,,,,0,8085,4100,,,4000,,
Chuffed BB,jobshop,jobshop/jobshop_gini.mzn,jobshop/dzn/ta42_2a_alloc1.dzn:jobshop/generated_bounds/MinDis/ta42_2a_alloc1_MinDis.dzn,OPTIMAL_SOLUTION,868.6837996505201,12,2431,MinDis,0.112,867.465,minimize,0.654754,1981264,867.38,12,0,5480,0,0.0,0.94,630,1830,2400,366124,366124,2354203,405920336,604,3050,0,2430,1230,580294318,264675,1200,0.0,267108
Chuffed BBval,jobshop,jobshop/jobshop_gini.mzn,jobshop/dzn/ta77_8a_alloc1.dzn:jobshop/generated_bounds/MinDis/ta77_8a_alloc1_MinDis.dzn,SATISFIED,1201.1651000771672,32,8097,MinDis,0.383,1198.122,minimize,1.89221,3396550,768.237,32,732,18215,732,0.0,2.11,2100,6100,8000,154691,154691,3617107,870962633,2019,10110,0,8095,4100,84498143,847933,4000,0.0,856032
Chuffed BB,jobshop,jobshop/jobshop_gini.mzn,jobshop/dzn/ta43_2a_alloc1.dzn:jobshop/generated_bounds/MinDis/ta43_2a_alloc1_MinDis.dzn,OPTIMAL_SOLUTION,990.1436847634614,5,2425,MinDis,0.112,988.94,minimize,0.65414,2686439,988.87,5,0,5474,0,0.0,0.63,630,1830,2400,213624,213624,2902570,500268913,604,3038,0,2424,1230,162306281,291369,1200,0.0,293796
Chuffed Prop,jobshop,jobshop/jobshop_gini.mzn,jobshop/dzn/ta57_5a_alloc1.dzn:jobshop/generated_bounds/MinDis/ta57_5a_alloc1_MinDis.dzn,UNKNOWN,1200.4340169075876,,,MinDis,,,minimize,0.774042,,,0,,6864,,,,800,2300,3000,,,,,,,0,3049,1550,,,1500,,
Chuffed BBval,jobshop,jobshop/jobshop_gini.mzn,jobshop/dzn/ta62_5a_alloc1.dzn:jobshop/generated_bounds/MinDis/ta62_5a_alloc1_MinDis.dzn,SATISFIED,1200.7021594122052,2,4051,MinDis,0.187,1198.979,minimize,1.01922,1957951,391.4,2,2499,9119,2499,0.0,0.94,1050,3050,4000,716014,716014,2676854,297228665,1007,5068,0,4049,2050,248343791,307543,2000,0.0,311596
Chuffed BBval,jobshop,jobshop/jobshop_gini.mzn,jobshop/dzn/ta75_9a_alloc1.dzn:jobshop/generated_bounds/MinDis/ta75_9a_alloc1_MinDis.dzn,SATISFIED,1201.2482857629657,35,8088,MinDis,0.38,1198.099,minimize,1.89997,3091366,1129.837,35,1465,18206,1465,0.0,2.11,2100,6100,8000,142372,142372,3305631,732830788,2018,10092,0,8086,4100,-2053008875,874046,4000,0.0,882136
Chuffed Prop,jobshop,jobshop/jobshop_gini.mzn,jobshop/dzn/ta59_4a_alloc1.dzn:jobshop/generated_bounds/MinDis/ta59_4a_alloc1_MinDis.dzn,SATISFIED,1200.4517585635185,,,MinDis,,,minimize,0.77225,,,10,,6863,1030,,,800,2300,3000,,,,,,,0,3048,1550,,,1500,,
Chuffed Prop,jobshop,jobshop/jobshop_gini.mzn,jobshop/dzn/ta36_2a_alloc1.dzn:jobshop/generated_bounds/MinDis/ta36_2a_alloc1_MinDis.dzn,SATISFIED,1200.3943239115179,,,MinDis,,,minimize,0.514224,,,2,,4126,198,,,480,1380,1800,,,,,,,0,1831,930,,,900,,
Chuffed BBval,jobshop,jobshop/jobshop_gini.mzn,jobshop/dzn/ta55_5a_alloc1.dzn:jobshop/generated_bounds/MinDis/ta55_5a_alloc1_MinDis.dzn,SATISFIED,1200.5862575471401,1,3050,MinDis,0.138,1199.227,minimize,0.772805,3397095,0.15,1,1418,6863,1418,0.0,0.94,800,2300,3000,1227287,1227287,4625792,312268127,763,3811,0,3048,1550,-1648362049,177123,1500,0.0,180175
Chuffed Prop,jobshop,jobshop/jobshop_gini.mzn,jobshop/dzn/ta50_3a_alloc1.dzn:jobshop/generated_bounds/MinDis/ta50_3a_alloc1_MinDis.dzn,OPTIMAL_SOLUTION,178.3923311997205,23,2433,MinDis,0.112,177.097,minimize,0.649343,717778,149.122,23,9,5482,9,0.0,0.63,630,1830,2400,71121,71121,799942,106486231,603,3054,0,2432,1230,1772012081,269641,1200,0.0,272076
Chuffed Prop,jobshop,jobshop/jobshop_gini.mzn,jobshop/dzn/ta46_2a_alloc1.dzn:jobshop/generated_bounds/MinDis/ta46_2a_alloc1_MinDis.dzn,UNKNOWN,1200.4243321437389,,,MinDis,,,minimize,0.654632,,,0,,5480,,,,630,1830,2400,,,,,,,0,2430,1230,,,1200,,
Chuffed BBval,jobshop,jobshop/jobshop_gini.mzn,jobshop/dzn/ta73_7a_alloc1.dzn:jobshop/generated_bounds/MinDis/ta73_7a_alloc1_MinDis.dzn,SATISFIED,1201.1624041777104,43,8092,MinDis,0.381,1198.113,minimize,1.89267,3105328,1041.21,43,1041,18210,1041,0.0,2.11,2100,6100,8000,135472,135472,3328870,795124733,2019,10100,0,8090,4100,1055431701,907754,4000,0.0,915848
Chuffed Prop,jobshop,jobshop/jobshop_gini.mzn,jobshop/dzn/ta78_6a_alloc1.dzn:jobshop/generated_bounds/MinDis/ta78_6a_alloc1_MinDis.dzn,SATISFIED,1200.675213251263,,,MinDis,,,minimize,1.89135,,,215,,18206,27,,,2100,6100,8000,,,,,,,0,8086,4100,,,4000,,
Chuffed Prop,jobshop,jobshop/jobshop_gini.mzn,jobshop/dzn/ta57_3a_alloc1.dzn:jobshop/generated_bounds/MinDis/ta57_3a_alloc1_MinDis.dzn,SATISFIED,1200.4480257369578,,,MinDis,,,minimize,0.771753,,,1,,6862,1420,,,800,2300,3000,,,,,,,0,3047,1550,,,1500,,
Chuffed BB,jobshop,jobshop/jobshop_gini.mzn,jobshop/dzn/ta79_7a_alloc1.dzn:jobshop/generated_bounds/MinDis/ta79_7a_alloc1_MinDis.dzn,SATISFIED,1201.218399817124,32,8087,MinDis,0.387,1198.105,minimize,1.89333,2874585,1051.148999,32,186,18206,186,0.0,2.11,2100,6100,8000,126758,126758,3067252,642561965,2021,10092,0,8086,4100,1225135029,897864,4000,0.0,905953
Chuffed Prop,jobshop,jobshop/jobshop_gini.mzn,jobshop/dzn/ta79_10a_alloc1.dzn:jobshop/generated_bounds/MinDis/ta79_10a_alloc1_MinDis.dzn,SATISFIED,1200.664302766323,,,MinDis,,,minimize,1.88126,,,37,,18209,1914,,,2100,6100,8000,,,,,,,0,8089,4100,,,4000,,
Chuffed Prop,jobshop,jobshop/jobshop_gini.mzn,jobshop/dzn/ta31_3a_alloc1.dzn:jobshop/generated_bounds/MinDis/ta31_3a_alloc1_MinDis.dzn,SATISFIED,1200.3947655335069,,,MinDis,,,minimize,0.515022,,,2,,4123,793,,,480,1380,1800,,,,,,,0,1828,930,,,900,,
Chuffed Prop,jobshop,jobshop/jobshop_gini.mzn,jobshop/dzn/ta78_8a_alloc1.dzn:jobshop/generated_bounds/MinDis/ta78_8a_alloc1_MinDis.dzn,SATISFIED,1200.6764814872295,,,MinDis,,,minimize,1.93184,,,157,,18208,832,,,2100,6100,8000,,,,,,,0,8088,4100,,,4000,,
Chuffed BBval,jobshop,jobshop/jobshop_gini.mzn,jobshop/dzn/ta73_8a_alloc1.dzn:jobshop/generated_bounds/MinDis/ta73_8a_alloc1_MinDis.dzn,SATISFIED,1201.1434021219611,43,8093,MinDis,0.378,1198.144,minimize,1.85598,2856199,701.643,43,1719,18211,1719,0.0,2.11,2100,6100,8000,122938,122938,3067258,727389843,2019,10102,0,8091,4100,2131266139,887217,4000,0.0,895312
Chuffed BB,jobshop,jobshop/jobshop_gini.mzn,jobshop/dzn/ta56_4a_alloc1.dzn:jobshop/generated_bounds/MinDis/ta56_4a_alloc1_MinDis.dzn,SATISFIED,1200.5926935058087,57,3047,MinDis,0.142,1199.225,minimize,0.772684,3657360,36.145,57,1429,6861,1429,0.0,0.94,800,2300,3000,884583,884583,4585985,225086261,765,3807,0,3046,1550,304267630,331394,1500,0.0,334443
Chuffed BB,jobshop,jobshop/jobshop_gini.mzn,jobshop/dzn/ta31_2a_alloc1.dzn:jobshop/generated_bounds/MinDis/ta31_2a_alloc1_MinDis.dzn,SATISFIED,1200.4899316690862,1,1828,MinDis,0.085,1199.486,minimize,0.511368,2279324,157.334,1,796,4122,796,0.0,0.63,480,1380,1800,978413,978413,3258482,465100797,454,2289,0,1827,930,-296547766,187210,900,0.0,189040
Chuffed BBval,jobshop,jobshop/jobshop_gini.mzn,jobshop/dzn/ta70_4a_alloc1.dzn:jobshop/generated_bounds/MinDis/ta70_4a_alloc1_MinDis.dzn,SATISFIED,1200.77194981277,21,4045,MinDis,0.188,1198.984,minimize,1.01506,5956430,768.282,21,211,9113,211,0.0,1.41,1050,3050,4000,461727,461727,6440092,684530897,1014,5056,0,4043,2050,-806388581,426286,2000,0.0,430333
Chuffed Prop,jobshop,jobshop/jobshop_gini.mzn,jobshop/dzn/ta74_7a_alloc1.dzn:jobshop/generated_bounds/MinDis/ta74_7a_alloc1_MinDis.dzn,SATISFIED,1200.6909818574786,,,MinDis,,,minimize,1.88798,,,143,,18205,126,,,2100,6100,8000,,,,,,,0,8085,4100,,,4000,,
Chuffed Prop,jobshop,jobshop/jobshop_gini.mzn,jobshop/dzn/ta40_3a_alloc1.dzn:jobshop/generated_bounds/MinDis/ta40_3a_alloc1_MinDis.dzn,UNKNOWN,1200.4082389511168,,,MinDis,,,minimize,0.520113,,,0,,4123,,,,480,1380,1800,,,,,,,0,1828,930,,,900,,
Chuffed BB,jobshop,jobshop/jobshop_gini.mzn,jobshop/dzn/ta43_3a_alloc1.dzn:jobshop/generated_bounds/MinDis/ta43_3a_alloc1_MinDis.dzn,SATISFIED,1200.5538472607732,13,2426,MinDis,0.11,1199.388,minimize,0.610012,2819192,1117.583,13,72,5475,72,0.0,0.94,630,1830,2400,366233,366233,3191762,523426081,604,3040,0,2425,1230,9877047,290128,1200,0.0,292556
Chuffed Prop,jobshop,jobshop/jobshop_gini.mzn,jobshop/dzn/ta80_5a_alloc1.dzn:jobshop/generated_bounds/MinDis/ta80_5a_alloc1_MinDis.dzn,OPTIMAL_SOLUTION,617.9109328966588,87,8088,MinDis,0.382,614.355,minimize,1.89436,1839598,614.253,87,0,18207,0,0.0,3.16,2100,6100,8000,64693,64693,2087152,337691075,2017,10094,0,8087,4100,1772013741,1420704,4000,0.0,1428794
Chuffed BBval,jobshop,jobshop/jobshop_gini.mzn,jobshop/dzn/ta72_5a_alloc1.dzn:jobshop/generated_bounds/MinDis/ta72_5a_alloc1_MinDis.dzn,SATISFIED,1201.2072327081114,35,8087,MinDis,0.376,1198.083,minimize,1.91913,2705995,356.503,35,327,18205,327,0.0,2.11,2100,6100,8000,117525,117525,2895412,731039796,2018,10090,0,8085,4100,-1559769202,940024,4000,0.0,948113
Chuffed BBval,jobshop,jobshop/jobshop_gini.mzn,jobshop/dzn/ta37_2a_alloc1.dzn:jobshop/generated_bounds/MinDis/ta37_2a_alloc1_MinDis.dzn,SATISFIED,1200.590106792748,3,1833,MinDis,0.086,1199.484,minimize,0.514383,2988285,260.36,3,299,4126,299,0.0,0.63,480,1380,1800,1062700,1062700,4052737,405909224,461,2297,0,1831,930,1505123073,163563,900,0.0,165398
Chuffed BB,jobshop,jobshop/jobshop_gini.mzn,jobshop/dzn/ta47_3a_alloc1.dzn:jobshop/generated_bounds/MinDis/ta47_3a_alloc1_MinDis.dzn,OPTIMAL_SOLUTION,15.404918860644102,6,2431,MinDis,0.113,14.296,minimize,0.610803,104476,11.306,6,20,5480,20,0.0,0.63,630,1830,2400,8320,8320,115178,9504039,604,3050,0,2430,1230,1817044707,207773,1200,0.0,210206
Chuffed BBval,jobshop,jobshop/jobshop_gini.mzn,jobshop/dzn/ta47_3a_alloc1.dzn:jobshop/generated_bounds/MinDis/ta47_3a_alloc1_MinDis.dzn,OPTIMAL_SOLUTION,113.73086359724402,6,2432,MinDis,0.111,112.549,minimize,0.653859,939045,46.176,6,20,5480,20,0.0,0.63,630,1830,2400,46686,46686,988107,84265731,604,3050,0,2430,1230,733187192,233383,1200,0.0,235817
Chuffed BB,jobshop,jobshop/jobshop_gini.mzn,jobshop/dzn/ta65_3a_alloc1.dzn:jobshop/generated_bounds/MinDis/ta65_3a_alloc1_MinDis.dzn,SATISFIED,1200.7099012434483,2,4045,MinDis,0.185,1198.993,minimize,1.00738,1772672,6.837,2,653,9114,653,0.0,1.41,1050,3050,4000,825580,825580,2601114,316437537,1014,5058,0,4044,2050,-593668122,284250,2000,0.0,288297
Chuffed BB,jobshop,jobshop/jobshop_gini.mzn,jobshop/dzn/ta37_3a_alloc1.dzn:jobshop/generated_bounds/MinDis/ta37_3a_alloc1_MinDis.dzn,SATISFIED,1200.5387474205345,3,1833,MinDis,0.086,1199.484,minimize,0.515748,2515231,222.39,3,457,4127,457,0.0,0.63,480,1380,1800,1018111,1018111,3535038,405722590,462,2299,0,1832,930,-454747723,163113,900,0.0,164948
Chuffed Prop,jobshop,jobshop/jobshop_gini.mzn,jobshop/dzn/ta75_10a_alloc1.dzn:jobshop/generated_bounds/MinDis/ta75_10a_alloc1_MinDis.dzn,SATISFIED,1200.6474339123815,,,MinDis,,,minimize,1.90093,,,9,,18207,779,,,2100,6100,8000,,,,,,,0,8087,4100,,,4000,,
Chuffed BBval,jobshop,jobshop/jobshop_gini.mzn,jobshop/dzn/ta70_5a_alloc1.dzn:jobshop/generated_bounds/MinDis/ta70_5a_alloc1_MinDis.dzn,SATISFIED,1200.6729608420283,13,4046,MinDis,0.19,1198.97,minimize,1.02766,4502327,23.132,13,783,9114,783,0.0,0.94,1050,3050,4000,726211,726211,5242568,271432634,1013,5058,0,4044,2050,690158351,352327,2000,0.0,356375
Chuffed BB,jobshop,jobshop/jobshop_gini.mzn,jobshop/dzn/ta63_4a_alloc1.dzn:jobshop/generated_bounds/MinDis/ta63_4a_alloc1_MinDis.dzn,SATISFIED,1200.7858670111746,6,4050,MinDis,0.189,1198.981,minimize,1.017239,2521252,170.024,6,2762,9119,2762,0.0,0.94,1050,3050,4000,758874,758874,3287062,269176649,1016,5068,0,4049,2050,1525124550,297730,2000,0.0,301782
Chuffed BB,jobshop,jobshop/jobshop_gini.mzn,jobshop/dzn/ta69_3a_alloc1.dzn:jobshop/generated_bounds/MinDis/ta69_3a_alloc1_MinDis.dzn,OPTIMAL_SOLUTION,285.7056711949408,21,4048,MinDis,0.189,283.985,minimize,1.023139,1689169,283.94,21,0,9117,0,0.0,0.94,1050,3050,4000,68793,68793,1779156,207052255,1016,5064,0,4047,2050,-288375037,317522,2000,0.0,321572
Chuffed BB,jobshop,jobshop/jobshop_gini.mzn,jobshop/dzn/ta61_3a_alloc1.dzn:jobshop/generated_bounds/MinDis/ta61_3a_alloc1_MinDis.dzn,OPTIMAL_SOLUTION,237.29033840447664,41,4044,MinDis,0.19,235.565,minimize,1.00885,804381,235.466,41,0,9113,0,0.0,0.94,1050,3050,4000,90376,90376,936133,96514082,1015,5056,0,4043,2050,718286236,398882,2000,0.0,402928
Chuffed BBval,jobshop,jobshop/jobshop_gini.mzn,jobshop/dzn/ta36_3a_alloc1.dzn:jobshop/generated_bounds/MinDis/ta36_3a_alloc1_MinDis.dzn,UNKNOWN,1200.5841150972992,0,1834,MinDis,0.083,1199.481,minimize,0.518413,1862009,0.0,0,-1,4127,,0.0,0.63,480,1380,1800,889664,889664,2751994,410203570,454,2299,0,1832,930,-2085440821,192511,900,0.0,194347
Chuffed BBval,jobshop,jobshop/jobshop_gini.mzn,jobshop/dzn/ta61_4a_alloc1.dzn:jobshop/generated_bounds/MinDis/ta61_4a_alloc1_MinDis.dzn,SATISFIED,1200.709344368428,29,4046,MinDis,0.187,1198.94,minimize,1.05786,9752220,498.033,29,589,9114,589,0.0,0.94,1050,3050,4000,465975,465975,10248151,808552832,1014,5058,0,4044,2050,-511876661,350097,2000,0.0,354145
Chuffed BBval,jobshop,jobshop/jobshop_gini.mzn,jobshop/dzn/ta69_4a_alloc1.dzn:jobshop/generated_bounds/MinDis/ta69_4a_alloc1_MinDis.dzn,SATISFIED,1200.7384310141206,13,4050,MinDis,0.183,1198.986,minimize,1.01224,2975443,44.773,13,256,9118,256,0.0,0.94,1050,3050,4000,724565,724565,3713991,305523992,1015,5066,0,4048,2050,355802667,327749,2000,0.0,331801
Chuffed BBval,jobshop,jobshop/jobshop_gini.mzn,jobshop/dzn/ta72_7a_alloc1.dzn:jobshop/generated_bounds/MinDis/ta72_7a_alloc1_MinDis.dzn,SATISFIED,1201.1988548375666,43,8089,MinDis,0.385,1198.068,minimize,1.92789,2709174,843.564,43,862,18207,862,0.0,2.11,2100,6100,8000,118870,118870,2916050,725921970,2018,10094,0,8087,4100,-2049420045,1003233,4000,0.0,1011324
Chuffed BBval,jobshop,jobshop/jobshop_gini.mzn,jobshop/dzn/ta42_2a_alloc1.dzn:jobshop/generated_bounds/MinDis/ta42_2a_alloc1_MinDis.dzn,SATISFIED,1200.5755101349205,11,2432,MinDis,0.11,1199.352,minimize,0.650036,3065707,914.314,11,3,5480,3,0.0,0.63,630,1830,2400,398387,398387,3470932,562788696,604,3050,0,2430,1230,-786995116,260576,1200,0.0,263010
Chuffed BBval,jobshop,jobshop/jobshop_gini.mzn,jobshop/dzn/ta48_2a_alloc1.dzn:jobshop/generated_bounds/MinDis/ta48_2a_alloc1_MinDis.dzn,OPTIMAL_SOLUTION,69.14282083697617,5,2431,MinDis,0.109,68.025,minimize,0.640869,395846,68.0,5,0,5479,0,0.0,0.63,630,1830,2400,22926,22926,421508,47719890,604,3048,0,2429,1230,1814285036,228080,1200,0.0,230513
Chuffed BB,jobshop,jobshop/jobshop_gini.mzn,jobshop/dzn/ta59_5a_alloc1.dzn:jobshop/generated_bounds/MinDis/ta59_5a_alloc1_MinDis.dzn,SATISFIED,1200.5712409242988,1,3050,MinDis,0.137,1199.226,minimize,0.771654,8109740,0.27,1,2550,6864,2550,0.0,0.94,800,2300,3000,1632827,1632827,9743998,246879336,761,3813,0,3049,1550,1457123543,161719,1500,0.0,164771
Chuffed Prop,jobshop,jobshop/jobshop_gini.mzn,jobshop/dzn/ta58_4a_alloc1.dzn:jobshop/generated_bounds/MinDis/ta58_4a_alloc1_MinDis.dzn,SATISFIED,1200.5174348521978,,,MinDis,,,minimize,0.770002,,,25,,6868,5,,,800,2300,3000,,,,,,,0,3053,1550,,,1500,,
Chuffed BBval,jobshop,jobshop/jobshop_gini.mzn,jobshop/dzn/ta73_6a_alloc1.dzn:jobshop/generated_bounds/MinDis/ta73_6a_alloc1_MinDis.dzn,SATISFIED,1201.2016116362065,24,8091,MinDis,0.385,1198.068,minimize,1.9384,3718440,1058.336,24,478,18209,478,0.0,2.11,2100,6100,8000,162579,162579,3930830,928183754,2019,10098,0,8089,4100,284775589,684009,4000,0.0,692102
Chuffed Prop,jobshop,jobshop/jobshop_gini.mzn,jobshop/dzn/ta58_3a_alloc1.dzn:jobshop/generated_bounds/MinDis/ta58_3a_alloc1_MinDis.dzn,SATISFIED,1200.4509424753487,,,MinDis,,,minimize,0.789347,,,23,,6867,60,,,800,2300,3000,,,,,,,0,3052,1550,,,1500,,
Chuffed BBval,jobshop,jobshop/jobshop_gini.mzn,jobshop/dzn/ta31_2a_alloc1.dzn:jobshop/generated_bounds/MinDis/ta31_2a_alloc1_MinDis.dzn,SATISFIED,1200.4924076665193,1,1829,MinDis,0.081,1199.494,minimize,0.503764,2211855,159.066,1,796,4122,796,0.0,0.63,480,1380,1800,888600,888600,3101231,456507205,454,2289,0,1827,930,-1090480320,187252,900,0.0,189083
Chuffed Prop,jobshop,jobshop/jobshop_gini.mzn,jobshop/dzn/ta33_2a_alloc1.dzn:jobshop/generated_bounds/MinDis/ta33_2a_alloc1_MinDis.dzn,OPTIMAL_SOLUTION,6.886054139584303,4,1831,MinDis,0.085,5.93,minimize,0.513599,57184,5.923,4,0,4125,0,0.0,0.42,480,1380,1800,8867,8867,67817,4636347,460,2295,0,1830,930,1772020376,152116,900,0.0,153949
Chuffed Prop,jobshop,jobshop/jobshop_gini.mzn,jobshop/dzn/ta55_5a_alloc1.dzn:jobshop/generated_bounds/MinDis/ta55_5a_alloc1_MinDis.dzn,SATISFIED,1200.4522970877588,,,MinDis,,,minimize,0.779103,,,1,,6863,1418,,,800,2300,3000,,,,,,,0,3048,1550,,,1500,,
Chuffed Prop,jobshop,jobshop/jobshop_gini.mzn,jobshop/dzn/ta76_6a_alloc1.dzn:jobshop/generated_bounds/MinDis/ta76_6a_alloc1_MinDis.dzn,OPTIMAL_SOLUTION,553.5885179992765,89,8085,MinDis,0.387,550.097,minimize,1.89166,2369768,485.113,89,20,18204,20,0.0,2.11,2100,6100,8000,71401,71401,2630975,280038932,2020,10088,0,8084,4100,1772017747,1482523,4000,0.0,1490610
Chuffed BBval,jobshop,jobshop/jobshop_gini.mzn,jobshop/dzn/ta58_4a_alloc1.dzn:jobshop/generated_bounds/MinDis/ta58_4a_alloc1_MinDis.dzn,SATISFIED,1200.576213767752,23,3055,MinDis,0.142,1199.174,minimize,0.826269,11985076,327.226,23,16,6868,16,0.0,0.63,800,2300,3000,811748,811748,12814789,939310115,762,3821,0,3053,1550,153488881,209046,1500,0.0,212103
Chuffed BB,jobshop,jobshop/jobshop_gini.mzn,jobshop/dzn/ta34_2a_alloc1.dzn:jobshop/generated_bounds/MinDis/ta34_2a_alloc1_MinDis.dzn,SATISFIED,1200.5140725951642,4,1832,MinDis,0.087,1199.487,minimize,0.510789,1558945,155.848,4,31,4126,31,0.0,0.94,480,1380,1800,882441,882441,2443508,444911717,462,2297,0,1831,930,-2052175203,193069,900,0.0,194903
Chuffed BBval,jobshop,jobshop/jobshop_gini.mzn,jobshop/dzn/ta75_7a_alloc1.dzn:jobshop/generated_bounds/MinDis/ta75_7a_alloc1_MinDis.dzn,SATISFIED,1201.1175747960806,33,8086,MinDis,0.387,1198.037,minimize,1.96816,3721571,1076.554,33,242,18204,242,0.0,2.11,2100,6100,8000,172549,172549,3961963,886816313,2018,10088,0,8084,4100,-296028249,857056,4000,0.0,865144
Chuffed BB,jobshop,jobshop/jobshop_gini.mzn,jobshop/dzn/ta58_4a_alloc1.dzn:jobshop/generated_bounds/MinDis/ta58_4a_alloc1_MinDis.dzn,SATISFIED,1200.6369244493544,28,3054,MinDis,0.144,1199.222,minimize,0.777495,2321266,160.046,28,5,6868,5,0.0,0.94,800,2300,3000,790261,790261,3133401,356979891,763,3821,0,3053,1550,1597508156,289292,1500,0.0,292348
Chuffed BB,jobshop,jobshop/jobshop_gini.mzn,jobshop/dzn/ta60_3a_alloc1.dzn:jobshop/generated_bounds/MinDis/ta60_3a_alloc1_MinDis.dzn,SATISFIED,1200.6567034665495,9,3051,MinDis,0.14,1199.23,minimize,0.769673,5426288,380.636,9,743,6865,743,0.0,0.94,800,2300,3000,1106341,1106341,6540153,285433185,765,3815,0,3050,1550,389451469,229560,1500,0.0,232613
Chuffed BBval,jobshop,jobshop/jobshop_gini.mzn,jobshop/dzn/ta68_5a_alloc1.dzn:jobshop/generated_bounds/MinDis/ta68_5a_alloc1_MinDis.dzn,SATISFIED,1200.7812164071947,7,4047,MinDis,0.188,1198.972,minimize,1.0254,1737269,856.474,7,1487,9115,1487,0.0,0.94,1050,3050,4000,605058,605058,2350156,356400487,1013,5060,0,4045,2050,1670378185,369318,2000,0.0,373367
Chuffed Prop,jobshop,jobshop/jobshop_gini.mzn,jobshop/dzn/ta42_2a_alloc1.dzn:jobshop/generated_bounds/MinDis/ta42_2a_alloc1_MinDis.dzn,OPTIMAL_SOLUTION,687.1354197524488,12,2431,MinDis,0.112,685.87,minimize,0.652059,1597458,685.773,12,0,5480,0,0.0,0.94,630,1830,2400,372338,372338,1976580,362664073,603,3050,0,2430,1230,1772014754,264014,1200,0.0,266447
Chuffed Prop,jobshop,jobshop/jobshop_gini.mzn,jobshop/dzn/ta74_6a_alloc1.dzn:jobshop/generated_bounds/MinDis/ta74_6a_alloc1_MinDis.dzn,SATISFIED,1200.7090547252446,,,MinDis,,,minimize,1.91313,,,168,,18204,192,,,2100,6100,8000,,,,,,,0,8084,4100,,,4000,,
Chuffed Prop,jobshop,jobshop/jobshop_gini.mzn,jobshop/dzn/ta38_3a_alloc1.dzn:jobshop/generated_bounds/MinDis/ta38_3a_alloc1_MinDis.dzn,SATISFIED,1200.3985241502523,,,MinDis,,,minimize,0.515043,,,5,,4126,898,,,480,1380,1800,,,,,,,0,1831,930,,,900,,
Chuffed BBval,jobshop,jobshop/jobshop_gini.mzn,jobshop/dzn/ta56_4a_alloc1.dzn:jobshop/generated_bounds/MinDis/ta56_4a_alloc1_MinDis.dzn,SATISFIED,1200.5646882615983,57,3048,MinDis,0.138,1199.236,minimize,0.761409,7344154,1183.219,57,1429,6861,1429,0.0,0.63,800,2300,3000,475313,475313,7863478,635662989,764,3807,0,3046,1550,-759061242,330100,1500,0.0,333150
Chuffed BB,jobshop,jobshop/jobshop_gini.mzn,jobshop/dzn/ta77_6a_alloc1.dzn:jobshop/generated_bounds/MinDis/ta77_6a_alloc1_MinDis.dzn,SATISFIED,1201.307734431699,108,8094,MinDis,0.386,1198.124,minimize,1.87769,2439491,1131.483,108,106,18213,106,0.0,2.11,2100,6100,8000,108115,108115,2766716,447957213,2020,10106,0,8093,4100,2039866198,1307810,4000,0.0,1315906
Chuffed BB,jobshop,jobshop/jobshop_gini.mzn,jobshop/dzn/ta61_5a_alloc1.dzn:jobshop/generated_bounds/MinDis/ta61_5a_alloc1_MinDis.dzn,SATISFIED,1200.8034475296736,52,4046,MinDis,0.188,1198.983,minimize,1.02096,6276189,858.797,52,1,9115,1,0.0,0.94,1050,3050,4000,292304,292304,6621133,638666449,1015,5060,0,4045,2050,341639377,353667,2000,0.0,357715
Chuffed Prop,jobshop,jobshop/jobshop_gini.mzn,jobshop/dzn/ta71_5a_alloc1.dzn:jobshop/generated_bounds/MinDis/ta71_5a_alloc1_MinDis.dzn,OPTIMAL_SOLUTION,708.989274520427,165,8089,MinDis,0.394,705.284,minimize,1.89946,2038032,705.188,165,0,18208,0,0.0,2.11,2100,6100,8000,67868,67868,2442216,238733249,2019,10096,0,8088,4100,1772021077,1561979,4000,0.0,1570070
Chuffed BB,jobshop,jobshop/jobshop_gini.mzn,jobshop/dzn/ta80_9a_alloc1.dzn:jobshop/generated_bounds/MinDis/ta80_9a_alloc1_MinDis.dzn,SATISFIED,1201.2625954002142,71,8092,MinDis,0.376,1198.122,minimize,1.87563,1969169,1176.014,71,733,18211,733,0.0,2.11,2100,6100,8000,92191,92191,2205734,410134600,2017,10102,0,8091,4100,-1213785302,1213625,4000,0.0,1221719
Chuffed Prop,jobshop,jobshop/jobshop_gini.mzn,jobshop/dzn/ta61_4a_alloc1.dzn:jobshop/generated_bounds/MinDis/ta61_4a_alloc1_MinDis.dzn,SATISFIED,1200.5018581040204,,,MinDis,,,minimize,1.00618,,,69,,9114,11,,,1050,3050,4000,,,,,,,0,4044,2050,,,2000,,
Chuffed Prop,jobshop,jobshop/jobshop_gini.mzn,jobshop/dzn/ta76_10a_alloc1.dzn:jobshop/generated_bounds/MinDis/ta76_10a_alloc1_MinDis.dzn,SATISFIED,1200.661600060761,,,MinDis,,,minimize,1.89104,,,49,,18208,846,,,2100,6100,8000,,,,,,,0,8088,4100,,,4000,,
Chuffed Prop,jobshop,jobshop/jobshop_gini.mzn,jobshop/dzn/ta63_4a_alloc1.dzn:jobshop/generated_bounds/MinDis/ta63_4a_alloc1_MinDis.dzn,SATISFIED,1200.5013669356704,,,MinDis,,,minimize,1.013849,,,6,,9119,2762,,,1050,3050,4000,,,,,,,0,4049,2050,,,2000,,
Chuffed BB,jobshop,jobshop/jobshop_gini.mzn,jobshop/dzn/ta62_5a_alloc1.dzn:jobshop/generated_bounds/MinDis/ta62_5a_alloc1_MinDis.dzn,SATISFIED,1200.80246585235,2,4050,MinDis,0.192,1198.99,minimize,1.0081,1904415,382.93,2,2499,9119,2499,0.0,0.94,1050,3050,4000,713746,713746,2621026,305576583,1008,5068,0,4049,2050,-452776352,313662,2000,0.0,317714
Chuffed Prop,jobshop,jobshop/jobshop_gini.mzn,jobshop/dzn/ta35_3a_alloc1.dzn:jobshop/generated_bounds/MinDis/ta35_3a_alloc1_MinDis.dzn,UNKNOWN,1200.4128713738173,,,MinDis,,,minimize,0.515467,,,0,,4124,,,,480,1380,1800,,,,,,,0,1829,930,,,900,,
Chuffed BB,jobshop,jobshop/jobshop_gini.mzn,jobshop/dzn/ta44_2a_alloc1.dzn:jobshop/generated_bounds/MinDis/ta44_2a_alloc1_MinDis.dzn,SATISFIED,1200.5817142501473,7,2430,MinDis,0.113,1199.343,minimize,0.655131,1824417,908.594,7,41,5479,41,0.0,0.94,630,1830,2400,603525,603525,2432572,420138784,612,3048,0,2429,1230,358463962,259442,1200,0.0,261874
Chuffed Prop,jobshop,jobshop/jobshop_gini.mzn,jobshop/dzn/ta73_10a_alloc1.dzn:jobshop/generated_bounds/MinDis/ta73_10a_alloc1_MinDis.dzn,SATISFIED,1200.672589108348,,,MinDis,,,minimize,1.87609,,,65,,18213,846,,,2100,6100,8000,,,,,,,0,8093,4100,,,4000,,
Chuffed BB,jobshop,jobshop/jobshop_gini.mzn,jobshop/dzn/ta78_8a_alloc1.dzn:jobshop/generated_bounds/MinDis/ta78_8a_alloc1_MinDis.dzn,SATISFIED,1201.234677925706,58,8089,MinDis,0.387,1198.12,minimize,1.87759,1985937,1063.124,58,1482,18208,1482,0.0,2.11,2100,6100,8000,87259,87259,2191673,496195346,2022,10096,0,8088,4100,-1303303396,1119525,4000,0.0,1127616
Chuffed BB,jobshop,jobshop/jobshop_gini.mzn,jobshop/dzn/ta58_5a_alloc1.dzn:jobshop/generated_bounds/MinDis/ta58_5a_alloc1_MinDis.dzn,SATISFIED,1200.628517722711,16,3055,MinDis,0.143,1199.225,minimize,0.772081,6470110,10.244,16,442,6869,442,0.0,0.94,800,2300,3000,978011,978011,7461009,213963598,764,3823,0,3054,1550,1133759058,244576,1500,0.0,247633
Chuffed BBval,jobshop,jobshop/jobshop_gini.mzn,jobshop/dzn/ta65_3a_alloc1.dzn:jobshop/generated_bounds/MinDis/ta65_3a_alloc1_MinDis.dzn,SATISFIED,1200.7902568019927,2,4046,MinDis,0.186,1198.985,minimize,1.01408,1924431,6.52,2,653,9114,653,0.0,1.41,1050,3050,4000,777988,777988,2705300,339163881,1013,5058,0,4044,2050,1042249046,288801,2000,0.0,292849
Chuffed BB,jobshop,jobshop/jobshop_gini.mzn,jobshop/dzn/ta58_3a_alloc1.dzn:jobshop/generated_bounds/MinDis/ta58_3a_alloc1_MinDis.dzn,SATISFIED,1200.5974972471595,23,3053,MinDis,0.143,1199.231,minimize,0.770811,2950269,17.582,23,60,6867,60,0.0,0.94,800,2300,3000,1109317,1109317,4077764,365616193,764,3819,0,3052,1550,-1027710239,256316,1500,0.0,259371
Chuffed BBval,jobshop,jobshop/jobshop_gini.mzn,jobshop/dzn/ta79_10a_alloc1.dzn:jobshop/generated_bounds/MinDis/ta79_10a_alloc1_MinDis.dzn,SATISFIED,1201.116886852309,9,8091,MinDis,0.384,1198.08,minimize,1.92283,4235412,837.415,9,2189,18209,2189,0.0,2.11,2100,6100,8000,190967,190967,4445846,1024469986,2020,10098,0,8089,4100,-878171227,613151,4000,0.0,621244
Chuffed BBval,jobshop,jobshop/jobshop_gini.mzn,jobshop/dzn/ta76_9a_alloc1.dzn:jobshop/generated_bounds/MinDis/ta76_9a_alloc1_MinDis.dzn,SATISFIED,1201.1459190696478,35,8089,MinDis,0.381,1198.133,minimize,1.88018,3376033,249.802,35,1656,18207,1656,0.0,2.11,2100,6100,8000,150898,150898,3598955,767592259,2020,10094,0,8087,4100,1166732395,831645,4000,0.0,839736
Chuffed Prop,jobshop,jobshop/jobshop_gini.mzn,jobshop/dzn/ta62_3a_alloc1.dzn:jobshop/generated_bounds/MinDis/ta62_3a_alloc1_MinDis.dzn,OPTIMAL_SOLUTION,298.6534612290561,25,4048,MinDis,0.194,296.897,minimize,1.01255,2291453,296.857,25,0,9117,0,0.0,0.94,1050,3050,4000,112562,112562,2429844,247231502,1013,5064,0,4047,2050,1772017964,324660,2000,0.0,328710
Chuffed Prop,jobshop,jobshop/jobshop_gini.mzn,jobshop/dzn/ta64_5a_alloc1.dzn:jobshop/generated_bounds/MinDis/ta64_5a_alloc1_MinDis.dzn,SATISFIED,1200.4980031158775,,,MinDis,,,minimize,1.005509,,,29,,9108,933,,,1050,3050,4000,,,,,,,0,4038,2050,,,2000,,
Chuffed BBval,jobshop,jobshop/jobshop_gini.mzn,jobshop/dzn/ta80_7a_alloc1.dzn:jobshop/generated_bounds/MinDis/ta80_7a_alloc1_MinDis.dzn,SATISFIED,1201.207962345332,19,8091,MinDis,0.382,1198.041,minimize,1.95924,3447115,450.462,19,1097,18209,1097,0.0,2.11,2100,6100,8000,161969,161969,3648681,913521550,2016,10098,0,8089,4100,205719842,716572,4000,0.0,724665
Chuffed Prop,jobshop,jobshop/jobshop_gini.mzn,jobshop/dzn/ta48_2a_alloc1.dzn:jobshop/generated_bounds/MinDis/ta48_2a_alloc1_MinDis.dzn,OPTIMAL_SOLUTION,20.71538789756596,5,2430,MinDis,0.111,19.547,minimize,0.651345,110846,19.529,5,0,5479,0,0.0,0.63,630,1830,2400,13129,13129,126671,13623523,603,3048,0,2429,1230,1772013490,209328,1200,0.0,211760
Chuffed BB,jobshop,jobshop/jobshop_gini.mzn,jobshop/dzn/ta57_4a_alloc1.dzn:jobshop/generated_bounds/MinDis/ta57_4a_alloc1_MinDis.dzn,SATISFIED,1200.5797025356442,7,3049,MinDis,0.141,1199.22,minimize,0.777407,5521874,2.623,7,1302,6863,1302,0.0,0.94,800,2300,3000,1537466,1537466,7065369,193302326,765,3811,0,3048,1550,-1879798773,218653,1500,0.0,221704
Chuffed Prop,jobshop,jobshop/jobshop_gini.mzn,jobshop/dzn/ta68_4a_alloc1.dzn:jobshop/generated_bounds/MinDis/ta68_4a_alloc1_MinDis.dzn,SATISFIED,1200.4989475384355,,,MinDis,,,minimize,1.016829,,,25,,9114,1091,,,1050,3050,4000,,,,,,,0,4044,2050,,,2000,,
Chuffed BBval,jobshop,jobshop/jobshop_gini.mzn,jobshop/dzn/ta57_4a_alloc1.dzn:jobshop/generated_bounds/MinDis/ta57_4a_alloc1_MinDis.dzn,SATISFIED,1200.6710976976901,7,3050,MinDis,0.142,1199.212,minimize,0.785789,5533582,4.934,7,1302,6863,1302,0.0,0.94,800,2300,3000,1538513,1538513,7078143,201481791,764,3811,0,3048,1550,-533851248,221624,1500,0.0,224676
Chuffed BB,jobshop,jobshop/jobshop_gini.mzn,jobshop/dzn/ta75_10a_alloc1.dzn:jobshop/generated_bounds/MinDis/ta75_10a_alloc1_MinDis.dzn,SATISFIED,1201.1526386328042,9,8088,MinDis,0.376,1198.108,minimize,1.89703,2151305,15.26,9,779,18207,779,0.0,2.11,2100,6100,8000,97143,97143,2267912,793839589,2019,10094,0,8087,4100,1052609289,568060,4000,0.0,576150
Chuffed BBval,jobshop,jobshop/jobshop_gini.mzn,jobshop/dzn/ta69_3a_alloc1.dzn:jobshop/generated_bounds/MinDis/ta69_3a_alloc1_MinDis.dzn,SATISFIED,1200.6628724131733,19,4049,MinDis,0.186,1199.009,minimize,0.988408,8876363,185.513,19,2,9117,2,0.0,0.94,1050,3050,4000,416617,416617,9312802,1005503359,1015,5064,0,4047,2050,-1127471637,310426,2000,0.0,314477
Chuffed BB,jobshop,jobshop/jobshop_gini.mzn,jobshop/dzn/ta79_6a_alloc1.dzn:jobshop/generated_bounds/MinDis/ta79_6a_alloc1_MinDis.dzn,SATISFIED,1201.3489285558462,134,8086,MinDis,0.382,1198.123,minimize,1.89001,2062926,894.172,134,241,18205,241,0.0,2.11,2100,6100,8000,94280,94280,2429163,364124803,2022,10090,0,8085,4100,1131820951,1491484,4000,0.0,1499572
Chuffed BB,jobshop,jobshop/jobshop_gini.mzn,jobshop/dzn/ta63_5a_alloc1.dzn:jobshop/generated_bounds/MinDis/ta63_5a_alloc1_MinDis.dzn,SATISFIED,1200.8773231320083,49,4051,MinDis,0.187,1198.979,minimize,1.01762,2932576,272.509,49,209,9120,209,0.0,0.94,1050,3050,4000,758482,758482,3741536,287426163,1015,5070,0,4050,2050,1212492210,344264,2000,0.0,348317
Chuffed Prop,jobshop,jobshop/jobshop_gini.mzn,jobshop/dzn/ta76_5a_alloc1.dzn:jobshop/generated_bounds/MinDis/ta76_5a_alloc1_MinDis.dzn,SATISFIED,1200.5789831336588,,,MinDis,,,minimize,1.89529,,,113,,18203,16,,,2100,6100,8000,,,,,,,0,8083,4100,,,4000,,
Chuffed Prop,jobshop,jobshop/jobshop_gini.mzn,jobshop/dzn/ta47_2a_alloc1.dzn:jobshop/generated_bounds/MinDis/ta47_2a_alloc1_MinDis.dzn,OPTIMAL_SOLUTION,62.05155621282756,10,2430,MinDis,0.113,60.878,minimize,0.648851,304217,59.744,10,98,5479,98,0.0,0.63,630,1830,2400,28865,28865,336990,41209146,603,3048,0,2429,1230,1772019989,236354,1200,0.0,238786
Chuffed BBval,jobshop,jobshop/jobshop_gini.mzn,jobshop/dzn/ta46_3a_alloc1.dzn:jobshop/generated_bounds/MinDis/ta46_3a_alloc1_MinDis.dzn,SATISFIED,1200.811464579776,6,2433,MinDis,0.109,1199.354,minimize,0.645629,2096434,154.318,6,341,5481,341,0.0,0.94,630,1830,2400,630346,630346,2730457,503773339,604,3052,0,2431,1230,623259294,268502,1200,0.0,270937
Chuffed Prop,jobshop,jobshop/jobshop_gini.mzn,jobshop/dzn/ta66_3a_alloc1.dzn:jobshop/generated_bounds/MinDis/ta66_3a_alloc1_MinDis.dzn,OPTIMAL_SOLUTION,468.8033100478351,20,4045,MinDis,0.191,467.006,minimize,1.01265,873582,466.873,20,0,9114,0,0.0,0.94,1050,3050,4000,363338,363338,1257101,131730492,1014,5058,0,4044,2050,1772018318,335173,2000,0.0,339220
Chuffed BB,jobshop,jobshop/jobshop_gini.mzn,jobshop/dzn/ta49_3a_alloc1.dzn:jobshop/generated_bounds/MinDis/ta49_3a_alloc1_MinDis.dzn,SATISFIED,1200.5908555742353,3,2430,MinDis,0.111,1199.386,minimize,0.611596,2049454,103.939,3,518,5479,518,0.0,0.94,630,1830,2400,674836,674836,2726506,480939860,611,3048,0,2429,1230,971246468,214713,1200,0.0,217145
Chuffed BBval,jobshop,jobshop/jobshop_gini.mzn,jobshop/dzn/ta51_5a_alloc1.dzn:jobshop/generated_bounds/MinDis/ta51_5a_alloc1_MinDis.dzn,SATISFIED,1200.5494194589555,29,3053,MinDis,0.138,1199.227,minimize,0.770816,15449680,454.069,29,77,6866,77,0.0,0.42,800,2300,3000,932229,932229,16404493,1016419413,763,3817,0,3051,1550,1842622008,190910,1500,0.0,193965
Chuffed BBval,jobshop,jobshop/jobshop_gini.mzn,jobshop/dzn/ta67_5a_alloc1.dzn:jobshop/generated_bounds/MinDis/ta67_5a_alloc1_MinDis.dzn,SATISFIED,1200.6777431126684,3,4049,MinDis,0.188,1198.961,minimize,1.03757,1850888,0.835,3,1321,9117,1321,0.0,0.94,1050,3050,4000,495457,495457,2350193,316086326,1010,5064,0,4047,2050,-864210931,292346,2000,0.0,296397
Chuffed BB,jobshop,jobshop/jobshop_gini.mzn,jobshop/dzn/ta66_4a_alloc1.dzn:jobshop/generated_bounds/MinDis/ta66_4a_alloc1_MinDis.dzn,SATISFIED,1200.7670763023198,10,4046,MinDis,0.19,1198.987,minimize,1.01518,1873974,123.003,10,516,9115,516,0.0,0.94,1050,3050,4000,582558,582558,2467479,312474732,1015,5060,0,4045,2050,2078724309,370127,2000,0.0,374175
Chuffed BBval,jobshop,jobshop/jobshop_gini.mzn,jobshop/dzn/ta53_3a_alloc1.dzn:jobshop/generated_bounds/MinDis/ta53_3a_alloc1_MinDis.dzn,SATISFIED,1200.618348358199,13,3049,MinDis,0.135,1199.222,minimize,0.77703,7614439,7.066,13,1,6862,1,0.0,0.63,800,2300,3000,1216132,1216132,8841192,443534211,765,3809,0,3047,1550,-1095573260,229671,1500,0.0,232722
Chuffed Prop,jobshop,jobshop/jobshop_gini.mzn,jobshop/dzn/ta68_3a_alloc1.dzn:jobshop/generated_bounds/MinDis/ta68_3a_alloc1_MinDis.dzn,SATISFIED,1200.500295136124,,,MinDis,,,minimize,1.01208,,,21,,9113,12,,,1050,3050,4000,,,,,,,0,4043,2050,,,2000,,
Chuffed BBval,jobshop,jobshop/jobshop_gini.mzn,jobshop/dzn/ta66_5a_alloc1.dzn:jobshop/generated_bounds/MinDis/ta66_5a_alloc1_MinDis.dzn,SATISFIED,1200.7162726595998,11,4048,MinDis,0.191,1198.907,minimize,1.08548,1724382,24.308,11,1093,9116,1093,0.0,0.94,1050,3050,4000,867586,867586,2603994,279082746,1013,5062,0,4046,2050,-379820869,283685,2000,0.0,287735
Chuffed Prop,jobshop,jobshop/jobshop_gini.mzn,jobshop/dzn/ta35_2a_alloc1.dzn:jobshop/generated_bounds/MinDis/ta35_2a_alloc1_MinDis.dzn,OPTIMAL_SOLUTION,125.68390960432589,2,1829,MinDis,0.083,124.635,minimize,0.512151,375085,124.535,2,0,4123,0,0.0,0.94,480,1380,1800,132626,132626,508626,56295237,460,2291,0,1828,930,1772016243,182600,900,0.0,184431
Chuffed BB,jobshop,jobshop/jobshop_gini.mzn,jobshop/dzn/ta57_5a_alloc1.dzn:jobshop/generated_bounds/MinDis/ta57_5a_alloc1_MinDis.dzn,UNKNOWN,1200.579239120707,0,3050,MinDis,0.142,1199.21,minimize,0.787956,4661098,0.0,0,-1,6864,,0.0,0.94,800,2300,3000,1556663,1556663,6218438,249846825,754,3813,0,3049,1550,1719167735,160068,1500,0.0,163120
Chuffed BBval,jobshop,jobshop/jobshop_gini.mzn,jobshop/dzn/ta54_3a_alloc1.dzn:jobshop/generated_bounds/MinDis/ta54_3a_alloc1_MinDis.dzn,SATISFIED,1200.5826948806643,17,3051,MinDis,0.137,1199.191,minimize,0.80717,7465043,1073.317,17,2,6864,2,0.0,0.63,800,2300,3000,501649,501649,7980020,832732398,763,3813,0,3049,1550,1608507828,277203,1500,0.0,280256
Chuffed BB,jobshop,jobshop/jobshop_gini.mzn,jobshop/dzn/ta79_9a_alloc1.dzn:jobshop/generated_bounds/MinDis/ta79_9a_alloc1_MinDis.dzn,SATISFIED,1201.2500347942114,59,8089,MinDis,0.381,1198.117,minimize,1.89756,2266868,1167.075,59,665,18208,665,0.0,2.11,2100,6100,8000,107544,107544,2494685,378062932,2020,10096,0,8088,4100,1839567351,1162646,4000,0.0,1170737
Chuffed Prop,jobshop,jobshop/jobshop_gini.mzn,jobshop/dzn/ta78_9a_alloc1.dzn:jobshop/generated_bounds/MinDis/ta78_9a_alloc1_MinDis.dzn,SATISFIED,1200.6649646162987,,,MinDis,,,minimize,1.90642,,,86,,18209,616,,,2100,6100,8000,,,,,,,0,8089,4100,,,4000,,
Chuffed BB,jobshop,jobshop/jobshop_gini.mzn,jobshop/dzn/ta41_2a_alloc1.dzn:jobshop/generated_bounds/MinDis/ta41_2a_alloc1_MinDis.dzn,OPTIMAL_SOLUTION,250.55730925314128,6,2431,MinDis,0.115,249.376,minimize,0.650059,799379,249.313,6,0,5480,0,0.0,0.63,630,1830,2400,106267,106267,908986,117714447,604,3050,0,2430,1230,75019219,256463,1200,0.0,258896
Chuffed BBval,jobshop,jobshop/jobshop_gini.mzn,jobshop/dzn/ta59_3a_alloc1.dzn:jobshop/generated_bounds/MinDis/ta59_3a_alloc1_MinDis.dzn,SATISFIED,1200.5580845344812,3,3049,MinDis,0.134,1199.225,minimize,0.774213,4403098,0.618,3,856,6862,856,0.0,0.94,800,2300,3000,1582625,1582625,5988683,253817127,761,3809,0,3047,1550,-1214269061,158921,1500,0.0,161972
Chuffed BB,jobshop,jobshop/jobshop_gini.mzn,jobshop/dzn/ta66_5a_alloc1.dzn:jobshop/generated_bounds/MinDis/ta66_5a_alloc1_MinDis.dzn,SATISFIED,1200.7598520442843,11,4047,MinDis,0.189,1198.984,minimize,1.01447,1569955,23.605,11,1093,9116,1093,0.0,0.94,1050,3050,4000,874680,874680,2456667,291536150,1014,5062,0,4046,2050,-554071866,281299,2000,0.0,285348
Chuffed BBval,jobshop,jobshop/jobshop_gini.mzn,jobshop/dzn/ta55_3a_alloc1.dzn:jobshop/generated_bounds/MinDis/ta55_3a_alloc1_MinDis.dzn,SATISFIED,1200.5963512957096,1,3048,MinDis,0.14,1199.189,minimize,0.809045,3222610,0.147,1,835,6861,835,0.0,0.94,800,2300,3000,1122320,1122320,4346340,302098295,755,3807,0,3046,1550,1478094160,175807,1500,0.0,178857
Chuffed BB,jobshop,jobshop/jobshop_gini.mzn,jobshop/dzn/ta68_5a_alloc1.dzn:jobshop/generated_bounds/MinDis/ta68_5a_alloc1_MinDis.dzn,SATISFIED,1200.7793227359653,7,4046,MinDis,0.186,1198.99,minimize,1.01086,1676048,824.259,7,1487,9115,1487,0.0,0.94,1050,3050,4000,612382,612382,2296239,361716533,1014,5060,0,4045,2050,558584226,367089,2000,0.0,371137
Chuffed BB,jobshop,jobshop/jobshop_gini.mzn,jobshop/dzn/ta45_2a_alloc1.dzn:jobshop/generated_bounds/MinDis/ta45_2a_alloc1_MinDis.dzn,OPTIMAL_SOLUTION,71.70801630802453,10,2427,MinDis,0.115,70.503,minimize,0.654871,260188,70.441,10,0,5476,0,0.0,0.63,630,1830,2400,48041,48041,313989,35310256,612,3042,0,2426,1230,-772016040,245610,1200,0.0,248039
Chuffed Prop,jobshop,jobshop/jobshop_gini.mzn,jobshop/dzn/ta53_5a_alloc1.dzn:jobshop/generated_bounds/MinDis/ta53_5a_alloc1_MinDis.dzn,SATISFIED,1200.4893651548773,,,MinDis,,,minimize,0.773201,,,7,,6864,967,,,800,2300,3000,,,,,,,0,3049,1550,,,1500,,
Chuffed BB,jobshop,jobshop/jobshop_gini.mzn,jobshop/dzn/ta67_5a_alloc1.dzn:jobshop/generated_bounds/MinDis/ta67_5a_alloc1_MinDis.dzn,SATISFIED,1200.7273882366717,3,4048,MinDis,0.189,1198.984,minimize,1.01503,1457938,1.074,3,1321,9117,1321,0.0,1.41,1050,3050,4000,488588,488588,1950389,331240582,1011,5064,0,4047,2050,-45227295,289236,2000,0.0,293286
Chuffed Prop,jobshop,jobshop/jobshop_gini.mzn,jobshop/dzn/ta75_8a_alloc1.dzn:jobshop/generated_bounds/MinDis/ta75_8a_alloc1_MinDis.dzn,SATISFIED,1200.6930662672967,,,MinDis,,,minimize,1.89699,,,178,,18205,700,,,2100,6100,8000,,,,,,,0,8085,4100,,,4000,,
Chuffed Prop,jobshop,jobshop/jobshop_gini.mzn,jobshop/dzn/ta65_4a_alloc1.dzn:jobshop/generated_bounds/MinDis/ta65_4a_alloc1_MinDis.dzn,OPTIMAL_SOLUTION,570.8157707955688,49,4046,MinDis,0.19,568.956,minimize,1.07263,2504568,568.852,49,0,9115,0,0.0,0.94,1050,3050,4000,201920,201920,2758165,311819115,1013,5060,0,4045,2050,1772014978,431164,2000,0.0,435212
Chuffed Prop,jobshop,jobshop/jobshop_gini.mzn,jobshop/dzn/ta68_5a_alloc1.dzn:jobshop/generated_bounds/MinDis/ta68_5a_alloc1_MinDis.dzn,SATISFIED,1200.4871152956039,,,MinDis,,,minimize,1.00454,,,7,,9115,1164,,,1050,3050,4000,,,,,,,0,4045,2050,,,2000,,
Chuffed BB,jobshop,jobshop/jobshop_gini.mzn,jobshop/dzn/ta62_3a_alloc1.dzn:jobshop/generated_bounds/MinDis/ta62_3a_alloc1_MinDis.dzn,OPTIMAL_SOLUTION,1178.6129944454879,25,4048,MinDis,0.189,1176.879,minimize,1.0197,6566938,1176.82,25,0,9117,0,0.0,0.94,1050,3050,4000,327506,327506,6919589,764302250,1016,5064,0,4047,2050,-984024434,325504,2000,0.0,329554
Chuffed BBval,jobshop,jobshop/jobshop_gini.mzn,jobshop/dzn/ta47_2a_alloc1.dzn:jobshop/generated_bounds/MinDis/ta47_2a_alloc1_MinDis.dzn,OPTIMAL_SOLUTION,173.0183049030602,10,2431,MinDis,0.113,171.864,minimize,0.65324,1040014,169.199,10,98,5479,98,0.0,0.63,630,1830,2400,60501,60501,1104458,114714142,604,3048,0,2429,1230,948653990,241323,1200,0.0,243756
Chuffed BBval,jobshop,jobshop/jobshop_gini.mzn,jobshop/dzn/ta31_3a_alloc1.dzn:jobshop/generated_bounds/MinDis/ta31_3a_alloc1_MinDis.dzn,SATISFIED,1200.5015578605235,2,1830,MinDis,0.083,1199.476,minimize,0.521881,2446923,798.049,2,793,4123,793,0.0,0.63,480,1380,1800,972753,972753,3420916,416243148,459,2291,0,1828,930,1883184815,187278,900,0.0,189110
Chuffed Prop,jobshop,jobshop/jobshop_gini.mzn,jobshop/dzn/ta32_3a_alloc1.dzn:jobshop/generated_bounds/MinDis/ta32_3a_alloc1_MinDis.dzn,SATISFIED,1200.397816322744,,,MinDis,,,minimize,0.514242,,,19,,4126,25,,,480,1380,1800,,,,,,,0,1831,930,,,900,,
Chuffed BB,jobshop,jobshop/jobshop_gini.mzn,jobshop/dzn/ta76_6a_alloc1.dzn:jobshop/generated_bounds/MinDis/ta76_6a_alloc1_MinDis.dzn,SATISFIED,1201.1648053210229,42,8085,MinDis,0.38,1198.102,minimize,1.89517,2757703,667.292,42,297,18204,297,0.0,2.11,2100,6100,8000,127743,127743,2971612,579830001,2021,10088,0,8084,4100,1557724260,943777,4000,0.0,951864
Chuffed BBval,jobshop,jobshop/jobshop_gini.mzn,jobshop/dzn/ta59_5a_alloc1.dzn:jobshop/generated_bounds/MinDis/ta59_5a_alloc1_MinDis.dzn,SATISFIED,1200.5923443567008,1,3051,MinDis,0.139,1199.211,minimize,0.786927,7752964,0.127,1,2550,6864,2550,0.0,0.94,800,2300,3000,1548620,1548620,9303014,234854970,760,3813,0,3049,1550,-964096599,160725,1500,0.0,163778
Chuffed BB,jobshop,jobshop/jobshop_gini.mzn,jobshop/dzn/ta55_5a_alloc1.dzn:jobshop/generated_bounds/MinDis/ta55_5a_alloc1_MinDis.dzn,SATISFIED,1200.5867362041026,1,3049,MinDis,0.137,1199.231,minimize,0.768288,3348436,0.298,1,1418,6863,1418,0.0,0.94,800,2300,3000,1209347,1209347,4559198,307675267,764,3811,0,3048,1550,-1729386649,177099,1500,0.0,180150
Chuffed BB,jobshop,jobshop/jobshop_gini.mzn,jobshop/dzn/ta72_9a_alloc1.dzn:jobshop/generated_bounds/MinDis/ta72_9a_alloc1_MinDis.dzn,SATISFIED,1201.2196716647595,21,8090,MinDis,0.379,1198.118,minimize,1.89016,2050049,1044.838,21,1075,18209,1075,0.0,2.11,2100,6100,8000,89681,89681,2183397,691630684,2019,10098,0,8089,4100,-1202602276,816948,4000,0.0,825040
Chuffed Prop,jobshop,jobshop/jobshop_gini.mzn,jobshop/dzn/ta53_4a_alloc1.dzn:jobshop/generated_bounds/MinDis/ta53_4a_alloc1_MinDis.dzn,SATISFIED,1200.4448088724166,,,MinDis,,,minimize,0.779027,,,2,,6863,1538,,,800,2300,3000,,,,,,,0,3048,1550,,,1500,,
Chuffed Prop,jobshop,jobshop/jobshop_gini.mzn,jobshop/dzn/ta76_9a_alloc1.dzn:jobshop/generated_bounds/MinDis/ta76_9a_alloc1_MinDis.dzn,SATISFIED,1200.6467558722943,,,MinDis,,,minimize,1.88387,,,65,,18207,667,,,2100,6100,8000,,,,,,,0,8087,4100,,,4000,,
Chuffed BBval,jobshop,jobshop/jobshop_gini.mzn,jobshop/dzn/ta61_5a_alloc1.dzn:jobshop/generated_bounds/MinDis/ta61_5a_alloc1_MinDis.dzn,SATISFIED,1200.6751863472164,46,4047,MinDis,0.185,1199.004,minimize,0.99607,11241462,367.777,46,168,9115,168,0.0,0.94,1050,3050,4000,509408,509408,11798014,844135966,1014,5060,0,4045,2050,1647789593,330735,2000,0.0,334784
Chuffed BBval,jobshop,jobshop/jobshop_gini.mzn,jobshop/dzn/ta75_8a_alloc1.dzn:jobshop/generated_bounds/MinDis/ta75_8a_alloc1_MinDis.dzn,SATISFIED,1201.161527864635,29,8087,MinDis,0.379,1198.114,minimize,1.88689,3326242,1175.414,29,1860,18205,1860,0.0,2.11,2100,6100,8000,154267,154267,3540309,789980609,2018,10090,0,8085,4100,1823070362,832023,4000,0.0,840112
Chuffed BBval,jobshop,jobshop/jobshop_gini.mzn,jobshop/dzn/ta79_8a_alloc1.dzn:jobshop/generated_bounds/MinDis/ta79_8a_alloc1_MinDis.dzn,SATISFIED,1201.1960302162915,33,8089,MinDis,0.381,1198.079,minimize,1.93137,3337571,872.571,33,487,18207,487,0.0,3.16,2100,6100,8000,147850,147850,3553344,814243389,2020,10094,0,8087,4100,-1794451134,902868,4000,0.0,910959
Chuffed BB,jobshop,jobshop/jobshop_gini.mzn,jobshop/dzn/ta79_10a_alloc1.dzn:jobshop/generated_bounds/MinDis/ta79_10a_alloc1_MinDis.dzn,SATISFIED,1201.1591126639396,9,8090,MinDis,0.383,1198.108,minimize,1.89282,2403223,138.082,9,2189,18209,2189,0.0,2.11,2100,6100,8000,109199,109199,2531876,570165493,2021,10098,0,8089,4100,1103894618,598428,4000,0.0,606520
Chuffed BBval,jobshop,jobshop/jobshop_gini.mzn,jobshop/dzn/ta77_7a_alloc1.dzn:jobshop/generated_bounds/MinDis/ta77_7a_alloc1_MinDis.dzn,SATISFIED,1201.1668106727302,25,8096,MinDis,0.378,1198.154,minimize,1.85002,3433066,941.221,25,789,18214,789,0.0,2.11,2100,6100,8000,154624,154624,3639462,869734127,2019,10108,0,8094,4100,-2011918350,742029,4000,0.0,750127
Chuffed Prop,jobshop,jobshop/jobshop_gini.mzn,jobshop/dzn/ta44_2a_alloc1.dzn:jobshop/generated_bounds/MinDis/ta44_2a_alloc1_MinDis.dzn,SATISFIED,1200.4748676493764,,,MinDis,,,minimize,0.648484,,,7,,5479,41,,,630,1830,2400,,,,,,,0,2429,1230,,,1200,,
Chuffed Prop,jobshop,jobshop/jobshop_gini.mzn,jobshop/dzn/ta40_2a_alloc1.dzn:jobshop/generated_bounds/MinDis/ta40_2a_alloc1_MinDis.dzn,UNKNOWN,1200.4083401300013,,,MinDis,,,minimize,0.513144,,,0,,4122,,,,480,1380,1800,,,,,,,0,1827,930,,,900,,
Chuffed Dcmp,jobshop,jobshop/jobshop_gini.mzn,jobshop/dzn/ta72_10a_alloc1.dzn:jobshop/generated_bounds/MinDis/ta72_10a_alloc1_MinDis.dzn,UNKNOWN,1201.314972249791,0,8184,MinDis_dcmp,0.377,1198.094,minimize,1.92774,1187927,0.0,0,-1,18302,,0.0,3.16,2100,6100,8000,51036,51036,1240235,299869981,2004,10238,0,8182,4100,-486522992,819973,4000,0.0,828159
Chuffed Dcmp,jobshop,jobshop/jobshop_gini.mzn,jobshop/dzn/ta63_5a_alloc1.dzn:jobshop/generated_bounds/MinDis/ta63_5a_alloc1_MinDis.dzn,SATISFIED,1200.8564783278853,49,4074,MinDis_dcmp,0.183,1198.983,minimize,1.01633,2956588,347.098,49,209,9142,209,0.0,1.41,1050,3050,4000,672493,672493,3679223,287269304,1014,5103,0,4072,2050,-172846246,522736,2000,0.0,526812
Chuffed Dcmp,jobshop,jobshop/jobshop_gini.mzn,jobshop/dzn/ta76_10a_alloc1.dzn:jobshop/generated_bounds/MinDis/ta76_10a_alloc1_MinDis.dzn,SATISFIED,1201.710416952148,24,8182,MinDis_dcmp,0.387,1198.107,minimize,1.90035,1320590,123.857,24,1013,18300,1013,0.0,7.12,2100,6100,8000,37932,37932,1408270,272664683,2020,10234,0,8180,4100,2084844440,1792340,4000,0.0,1800524
Chuffed Dcmp,jobshop,jobshop/jobshop_gini.mzn,jobshop/dzn/ta44_3a_alloc1.dzn:jobshop/generated_bounds/MinDis/ta44_3a_alloc1_MinDis.dzn,SATISFIED,1200.610889364034,1,2440,MinDis_dcmp,0.113,1199.33,minimize,0.620473,1732037,28.169,1,606,5488,606,0.0,0.94,630,1830,2400,728022,728022,2461079,478318211,611,3062,0,2438,1230,-1482414552,238759,1200,0.0,241201
Chuffed Dcmp,jobshop,jobshop/jobshop_gini.mzn,jobshop/dzn/ta33_2a_alloc1.dzn:jobshop/generated_bounds/MinDis/ta33_2a_alloc1_MinDis.dzn,OPTIMAL_SOLUTION,6.3882224801927805,4,1836,MinDis_dcmp,0.082,5.43,minimize,0.514101,43507,5.415,4,0,4129,0,0.0,0.42,480,1380,1800,7906,7906,53179,4008152,460,2301,0,1834,930,-100261043,147807,900,0.0,149645
Chuffed Dcmp,jobshop,jobshop/jobshop_gini.mzn,jobshop/dzn/ta79_9a_alloc1.dzn:jobshop/generated_bounds/MinDis/ta79_9a_alloc1_MinDis.dzn,SATISFIED,1201.5895687881857,43,8164,MinDis_dcmp,0.383,1198.122,minimize,1.91334,1002577,987.593,43,703,18282,703,0.0,3.16,2100,6100,8000,42575,42575,1133183,246967284,2019,10207,0,8162,4100,113933608,1535227,4000,0.0,1543393
Chuffed Dcmp,jobshop,jobshop/jobshop_gini.mzn,jobshop/dzn/ta67_5a_alloc1.dzn:jobshop/generated_bounds/MinDis/ta67_5a_alloc1_MinDis.dzn,SATISFIED,1200.7151851132512,3,4071,MinDis_dcmp,0.183,1198.983,minimize,1.0165,1366648,0.78,3,1321,9139,1321,0.0,1.41,1050,3050,4000,482998,482998,1853497,329933821,1010,5097,0,4069,2050,-1774558559,286952,2000,0.0,291025
Chuffed Dcmp,jobshop,jobshop/jobshop_gini.mzn,jobshop/dzn/ta58_4a_alloc1.dzn:jobshop/generated_bounds/MinDis/ta58_4a_alloc1_MinDis.dzn,SATISFIED,1200.6534580029547,28,3069,MinDis_dcmp,0.143,1199.212,minimize,0.785708,1529323,8.954,28,5,6882,5,0.0,0.94,800,2300,3000,871431,871431,2421959,284702226,762,3842,0,3067,1550,940207475,344581,1500,0.0,347652
Chuffed Dcmp,jobshop,jobshop/jobshop_gini.mzn,jobshop/dzn/ta42_3a_alloc1.dzn:jobshop/generated_bounds/MinDis/ta42_3a_alloc1_MinDis.dzn,SATISFIED,1200.6323631033301,2,2441,MinDis_dcmp,0.107,1199.388,minimize,0.610128,2270326,704.083,2,657,5489,657,0.0,0.94,630,1830,2400,391298,391298,2663126,437219937,604,3064,0,2439,1230,935924070,370233,1200,0.0,372676
Chuffed Dcmp,jobshop,jobshop/jobshop_gini.mzn,jobshop/dzn/ta70_4a_alloc1.dzn:jobshop/generated_bounds/MinDis/ta70_4a_alloc1_MinDis.dzn,SATISFIED,1200.799607925117,21,4059,MinDis_dcmp,0.184,1198.99,minimize,1.01001,1650687,129.035,21,211,9127,211,0.0,1.41,1050,3050,4000,420292,420292,2092800,279155122,1014,5077,0,4057,2050,210027087,489377,2000,0.0,493438
Chuffed Dcmp,jobshop,jobshop/jobshop_gini.mzn,jobshop/dzn/ta57_5a_alloc1.dzn:jobshop/generated_bounds/MinDis/ta57_5a_alloc1_MinDis.dzn,UNKNOWN,1200.5958423092961,0,3073,MinDis_dcmp,0.144,1199.219,minimize,0.780903,4464587,0.0,0,-1,6886,,0.0,0.94,800,2300,3000,1521929,1521929,5987206,254475437,754,3846,0,3071,1550,-1553308138,185207,1500,0.0,188282
Chuffed Dcmp,jobshop,jobshop/jobshop_gini.mzn,jobshop/dzn/ta65_5a_alloc1.dzn:jobshop/generated_bounds/MinDis/ta65_5a_alloc1_MinDis.dzn,SATISFIED,1200.758548926562,2,4070,MinDis_dcmp,0.182,1198.983,minimize,1.01554,1868592,584.871,2,822,9138,822,0.0,1.41,1050,3050,4000,838159,838159,2709661,306992716,1014,5095,0,4068,2050,1920334945,329030,2000,0.0,333102
Chuffed Dcmp,jobshop,jobshop/jobshop_gini.mzn,jobshop/dzn/ta68_5a_alloc1.dzn:jobshop/generated_bounds/MinDis/ta68_5a_alloc1_MinDis.dzn,SATISFIED,1200.8082516677678,7,4069,MinDis_dcmp,0.187,1198.982,minimize,1.01631,1497101,685.801,7,1487,9137,1487,0.0,1.41,1050,3050,4000,580030,580030,2084933,349241320,1013,5093,0,4067,2050,-1738703515,419372,2000,0.0,423443
Chuffed Dcmp,jobshop,jobshop/jobshop_gini.mzn,jobshop/dzn/ta32_3a_alloc1.dzn:jobshop/generated_bounds/MinDis/ta32_3a_alloc1_MinDis.dzn,SATISFIED,1200.581475386396,19,1841,MinDis_dcmp,0.083,1199.475,minimize,0.522472,2537207,276.252,19,25,4134,25,0.0,0.63,480,1380,1800,891743,891743,3437694,420184043,459,2309,0,1839,930,-1179375893,284603,900,0.0,286446
Chuffed Dcmp,jobshop,jobshop/jobshop_gini.mzn,jobshop/dzn/ta64_5a_alloc1.dzn:jobshop/generated_bounds/MinDis/ta64_5a_alloc1_MinDis.dzn,SATISFIED,1200.86261100322,29,4062,MinDis_dcmp,0.181,1198.983,minimize,1.01599,2333421,779.884,29,933,9130,933,0.0,1.41,1050,3050,4000,870535,870535,3234149,306643466,1017,5079,0,4060,2050,-1800817755,502080,2000,0.0,506144
Chuffed Dcmp,jobshop,jobshop/jobshop_gini.mzn,jobshop/dzn/ta70_5a_alloc1.dzn:jobshop/generated_bounds/MinDis/ta70_5a_alloc1_MinDis.dzn,SATISFIED,1200.731701379642,13,4068,MinDis_dcmp,0.187,1198.975,minimize,1.02365,4103132,18.162,13,783,9136,783,0.0,1.41,1050,3050,4000,726037,726037,4843191,236151543,1013,5091,0,4066,2050,274451863,379429,2000,0.0,383499
Chuffed Dcmp,jobshop,jobshop/jobshop_gini.mzn,jobshop/dzn/ta52_4a_alloc1.dzn:jobshop/generated_bounds/MinDis/ta52_4a_alloc1_MinDis.dzn,UNKNOWN,1200.6867092996836,0,3063,MinDis_dcmp,0.138,1199.198,minimize,0.803578,3511216,0.0,0,-1,6876,,0.0,2.11,800,2300,3000,752273,752273,4264133,182666803,754,3830,0,3061,1550,1503810753,436318,1500,0.0,439383
Chuffed Dcmp,jobshop,jobshop/jobshop_gini.mzn,jobshop/dzn/ta73_10a_alloc1.dzn:jobshop/generated_bounds/MinDis/ta73_10a_alloc1_MinDis.dzn,SATISFIED,1201.525122359395,7,8187,MinDis_dcmp,0.386,1198.015,minimize,1.98768,1167322,212.811,7,1356,18305,1356,0.0,7.12,2100,6100,8000,48228,48228,1231005,267914341,2019,10244,0,8185,4100,-1216579788,1009068,4000,0.0,1017257
Chuffed Dcmp,jobshop,jobshop/jobshop_gini.mzn,jobshop/dzn/ta79_7a_alloc1.dzn:jobshop/generated_bounds/MinDis/ta79_7a_alloc1_MinDis.dzn,SATISFIED,1201.3367928043008,20,8132,MinDis_dcmp,0.381,1198.082,minimize,1.9181,1586554,322.842,20,473,18250,473,0.0,2.11,2100,6100,8000,67719,67719,1695939,406332501,2020,10158,0,8130,4100,-177398198,952878,4000,0.0,961012
Chuffed Dcmp,jobshop,jobshop/jobshop_gini.mzn,jobshop/dzn/ta80_10a_alloc1.dzn:jobshop/generated_bounds/MinDis/ta80_10a_alloc1_MinDis.dzn,SATISFIED,1201.4478833917528,16,8186,MinDis_dcmp,0.377,1198.1,minimize,1.90226,1152071,1161.134,16,720,18304,720,0.0,4.75,2100,6100,8000,51239,51239,1236849,310923452,2016,10242,0,8184,4100,1327590158,1178027,4000,0.0,1186215
Chuffed Dcmp,jobshop,jobshop/jobshop_gini.mzn,jobshop/dzn/ta49_2a_alloc1.dzn:jobshop/generated_bounds/MinDis/ta49_2a_alloc1_MinDis.dzn,OPTIMAL_SOLUTION,199.18217542767525,5,2434,MinDis_dcmp,0.109,197.993,minimize,0.653683,466676,197.87,5,0,5482,0,0.0,0.94,630,1830,2400,138281,138281,607924,94488222,610,3052,0,2432,1230,2062280525,241430,1200,0.0,243866
Chuffed Dcmp,jobshop,jobshop/jobshop_gini.mzn,jobshop/dzn/ta56_4a_alloc1.dzn:jobshop/generated_bounds/MinDis/ta56_4a_alloc1_MinDis.dzn,SATISFIED,1200.6508208066225,57,3062,MinDis_dcmp,0.139,1199.212,minimize,0.785965,4006563,49.362,57,1429,6875,1429,0.0,0.94,800,2300,3000,927357,927357,4977857,209055407,764,3828,0,3060,1550,-297110450,449362,1500,0.0,452426
Chuffed Dcmp,jobshop,jobshop/jobshop_gini.mzn,jobshop/dzn/ta73_8a_alloc1.dzn:jobshop/generated_bounds/MinDis/ta73_8a_alloc1_MinDis.dzn,SATISFIED,1201.4030792601407,29,8151,MinDis_dcmp,0.385,1198.045,minimize,1.96622,1246526,1113.445,29,1466,18269,1466,0.0,3.16,2100,6100,8000,52433,52433,1358798,307942905,2019,10189,0,8149,4100,936089922,1260702,4000,0.0,1268855
Chuffed Dcmp,jobshop,jobshop/jobshop_gini.mzn,jobshop/dzn/ta65_3a_alloc1.dzn:jobshop/generated_bounds/MinDis/ta65_3a_alloc1_MinDis.dzn,SATISFIED,1200.7155962195247,2,4054,MinDis_dcmp,0.185,1198.979,minimize,1.01999,1919333,6.93,2,653,9122,653,0.0,1.41,1050,3050,4000,792918,792918,2715133,330518655,1013,5070,0,4052,2050,1013598513,285867,2000,0.0,289923
Chuffed Dcmp,jobshop,jobshop/jobshop_gini.mzn,jobshop/dzn/ta53_5a_alloc1.dzn:jobshop/generated_bounds/MinDis/ta53_5a_alloc1_MinDis.dzn,SATISFIED,1200.587711211294,7,3073,MinDis_dcmp,0.138,1199.185,minimize,0.813067,4059001,0.745,7,967,6886,967,0.0,0.94,800,2300,3000,1372511,1372511,5437532,285877822,765,3846,0,3071,1550,-1718275126,201448,1500,0.0,204523
Chuffed Dcmp,jobshop,jobshop/jobshop_gini.mzn,jobshop/dzn/ta47_3a_alloc1.dzn:jobshop/generated_bounds/MinDis/ta47_3a_alloc1_MinDis.dzn,OPTIMAL_SOLUTION,9.911355013027787,6,2440,MinDis_dcmp,0.109,8.842,minimize,0.611665,75676,8.086,6,20,5488,20,0.0,0.42,630,1830,2400,6646,6646,84638,6547482,604,3062,0,2438,1230,782052600,218309,1200,0.0,220751
Chuffed Dcmp,jobshop,jobshop/jobshop_gini.mzn,jobshop/dzn/ta71_8a_alloc1.dzn:jobshop/generated_bounds/MinDis/ta71_8a_alloc1_MinDis.dzn,SATISFIED,1201.4559300821275,20,8151,MinDis_dcmp,0.386,1198.087,minimize,1.91004,1405584,822.875,20,702,18269,702,0.0,3.16,2100,6100,8000,59492,59492,1506706,327722892,2017,10189,0,8149,4100,486198756,1101048,4000,0.0,1109201
Chuffed Dcmp,jobshop,jobshop/jobshop_gini.mzn,jobshop/dzn/ta43_3a_alloc1.dzn:jobshop/generated_bounds/MinDis/ta43_3a_alloc1_MinDis.dzn,SATISFIED,1200.6675270739943,11,2435,MinDis_dcmp,0.109,1199.38,minimize,0.617441,2248291,1174.677,11,345,5483,345,0.0,0.94,630,1830,2400,312868,312868,2566784,400874711,604,3052,0,2433,1230,-1474071596,447158,1200,0.0,449595
Chuffed Dcmp,jobshop,jobshop/jobshop_gini.mzn,jobshop/dzn/ta63_3a_alloc1.dzn:jobshop/generated_bounds/MinDis/ta63_3a_alloc1_MinDis.dzn,OPTIMAL_SOLUTION,9.94682663679123,24,4058,MinDis_dcmp,0.186,8.237,minimize,1.02319,145379,8.227,24,0,9126,0,0.0,0.94,1050,3050,4000,8645,8645,178091,4518615,1014,5078,0,4056,2050,511272978,263363,2000,0.0,267423
Chuffed Dcmp,jobshop,jobshop/jobshop_gini.mzn,jobshop/dzn/ta43_2a_alloc1.dzn:jobshop/generated_bounds/MinDis/ta43_2a_alloc1_MinDis.dzn,OPTIMAL_SOLUTION,651.7746814657003,5,2430,MinDis_dcmp,0.11,650.491,minimize,0.690405,2115215,650.423,5,0,5478,0,0.0,0.63,630,1830,2400,178499,178499,2296138,367549523,604,3044,0,2428,1230,-1653393478,329916,1200,0.0,332348
Chuffed Dcmp,jobshop,jobshop/jobshop_gini.mzn,jobshop/dzn/ta55_4a_alloc1.dzn:jobshop/generated_bounds/MinDis/ta55_4a_alloc1_MinDis.dzn,SATISFIED,1200.7052714042366,26,3063,MinDis_dcmp,0.135,1199.22,minimize,0.777998,4676137,38.794,26,81,6876,81,0.0,0.94,800,2300,3000,1546322,1546322,6242681,229419141,763,3830,0,3061,1550,517278616,288621,1500,0.0,291686
Chuffed Dcmp,jobshop,jobshop/jobshop_gini.mzn,jobshop/dzn/ta78_10a_alloc1.dzn:jobshop/generated_bounds/MinDis/ta78_10a_alloc1_MinDis.dzn,SATISFIED,1201.58210125193,12,8184,MinDis_dcmp,0.386,1198.099,minimize,1.92412,1038088,677.284,12,997,18302,997,0.0,7.12,2100,6100,8000,40839,40839,1104457,315059960,2020,10238,0,8182,4100,346261597,1262225,4000,0.0,1270411
Chuffed Dcmp,jobshop,jobshop/jobshop_gini.mzn,jobshop/dzn/ta46_2a_alloc1.dzn:jobshop/generated_bounds/MinDis/ta46_2a_alloc1_MinDis.dzn,UNKNOWN,1200.5506209619343,0,2436,MinDis_dcmp,0.111,1199.346,minimize,0.65273,2230481,0.0,0,-1,5484,,0.0,0.94,630,1830,2400,623893,623893,2854763,474680609,604,3056,0,2434,1230,-1158603882,236257,1200,0.0,238695
Chuffed Dcmp,jobshop,jobshop/jobshop_gini.mzn,jobshop/dzn/ta59_4a_alloc1.dzn:jobshop/generated_bounds/MinDis/ta59_4a_alloc1_MinDis.dzn,UNKNOWN,1200.638407099992,0,3064,MinDis_dcmp,0.137,1199.222,minimize,0.776972,46833,0.0,0,-1,6877,,0.0,3.16,800,2300,3000,80832,80832,128417,27418731,754,3832,0,3062,1550,-1132793738,457014,1500,0.0,460080
Chuffed Dcmp,jobshop,jobshop/jobshop_gini.mzn,jobshop/dzn/ta78_6a_alloc1.dzn:jobshop/generated_bounds/MinDis/ta78_6a_alloc1_MinDis.dzn,SATISFIED,1201.3753958251327,27,8120,MinDis_dcmp,0.376,1198.105,minimize,1.89924,1608866,781.542,27,1251,18238,1251,0.0,3.16,2100,6100,8000,69305,69305,1733917,358962976,2020,10140,0,8118,4100,-1963540104,1107851,4000,0.0,1115973
Chuffed Dcmp,jobshop,jobshop/jobshop_gini.mzn,jobshop/dzn/ta71_5a_alloc1.dzn:jobshop/generated_bounds/MinDis/ta71_5a_alloc1_MinDis.dzn,SATISFIED,1201.3026541415602,42,8112,MinDis_dcmp,0.38,1198.112,minimize,1.90389,1745565,1134.282,42,776,18230,776,0.0,2.11,2100,6100,8000,79907,79907,1911348,339544357,2017,10129,0,8110,4100,1387060162,1135196,4000,0.0,1143310
Chuffed Dcmp,jobshop,jobshop/jobshop_gini.mzn,jobshop/dzn/ta76_6a_alloc1.dzn:jobshop/generated_bounds/MinDis/ta76_6a_alloc1_MinDis.dzn,SATISFIED,1201.2899161670357,30,8118,MinDis_dcmp,0.381,1198.089,minimize,1.91553,1798800,692.148,30,400,18236,400,0.0,3.16,2100,6100,8000,80303,80303,1940997,338668726,2020,10136,0,8116,4100,-1237523046,1069638,4000,0.0,1077758
Chuffed Dcmp,jobshop,jobshop/jobshop_gini.mzn,jobshop/dzn/ta71_7a_alloc1.dzn:jobshop/generated_bounds/MinDis/ta71_7a_alloc1_MinDis.dzn,SATISFIED,1201.4391718003899,17,8136,MinDis_dcmp,0.39,1198.04,minimize,1.96005,1464437,118.266,17,1299,18254,1299,0.0,3.16,2100,6100,8000,64779,64779,1564811,377938487,2017,10166,0,8134,4100,1709586427,980807,4000,0.0,988945
Chuffed Dcmp,jobshop,jobshop/jobshop_gini.mzn,jobshop/dzn/ta66_3a_alloc1.dzn:jobshop/generated_bounds/MinDis/ta66_3a_alloc1_MinDis.dzn,OPTIMAL_SOLUTION,329.66233699582517,20,4054,MinDis_dcmp,0.188,327.849,minimize,1.02786,625407,327.831,20,0,9122,0,0.0,1.41,1050,3050,4000,257407,257407,902935,93630949,1013,5070,0,4052,2050,706598733,354807,2000,0.0,358863
Chuffed Dcmp,jobshop,jobshop/jobshop_gini.mzn,jobshop/dzn/ta35_3a_alloc1.dzn:jobshop/generated_bounds/MinDis/ta35_3a_alloc1_MinDis.dzn,UNKNOWN,1200.5812038239092,0,1839,MinDis_dcmp,0.081,1199.485,minimize,0.51439,2254101,0.0,0,-1,4132,,0.0,0.94,480,1380,1800,950255,950255,3204676,401471117,454,2305,0,1837,930,267028041,206876,900,0.0,208717
Chuffed Dcmp,jobshop,jobshop/jobshop_gini.mzn,jobshop/dzn/ta72_9a_alloc1.dzn:jobshop/generated_bounds/MinDis/ta72_9a_alloc1_MinDis.dzn,SATISFIED,1201.4842731952667,14,8165,MinDis_dcmp,0.377,1198.105,minimize,1.8977,1296581,191.901,14,1109,18283,1109,0.0,4.75,2100,6100,8000,55576,55576,1381678,317914561,2018,10209,0,8163,4100,-915431721,1182978,4000,0.0,1191145
Chuffed Dcmp,jobshop,jobshop/jobshop_gini.mzn,jobshop/dzn/ta35_2a_alloc1.dzn:jobshop/generated_bounds/MinDis/ta35_2a_alloc1_MinDis.dzn,OPTIMAL_SOLUTION,133.48147922754288,2,1834,MinDis_dcmp,0.081,132.499,minimize,0.517812,372554,132.396999,2,0,4127,0,0.0,0.94,480,1380,1800,131181,131181,504650,54964549,460,2297,0,1832,930,1011730292,182863,900,0.0,184699
Chuffed Dcmp,jobshop,jobshop/jobshop_gini.mzn,jobshop/dzn/ta66_5a_alloc1.dzn:jobshop/generated_bounds/MinDis/ta66_5a_alloc1_MinDis.dzn,SATISFIED,1200.7233336381614,11,4070,MinDis_dcmp,0.188,1198.986,minimize,1.01265,1358954,21.883,11,1093,9138,1093,0.0,0.94,1050,3050,4000,859199,859199,2230172,285989253,1013,5095,0,4068,2050,-855955480,310460,2000,0.0,314532
Chuffed Dcmp,jobshop,jobshop/jobshop_gini.mzn,jobshop/dzn/ta54_4a_alloc1.dzn:jobshop/generated_bounds/MinDis/ta54_4a_alloc1_MinDis.dzn,SATISFIED,1200.6263077240437,9,3066,MinDis_dcmp,0.139,1199.217,minimize,0.780571,2722801,52.17,9,973,6879,973,0.0,0.94,800,2300,3000,663967,663967,3394184,229874155,762,3836,0,3064,1550,-680787843,290669,1500,0.0,293737
Chuffed Dcmp,jobshop,jobshop/jobshop_gini.mzn,jobshop/dzn/ta75_6a_alloc1.dzn:jobshop/generated_bounds/MinDis/ta75_6a_alloc1_MinDis.dzn,SATISFIED,1201.3325615227222,29,8117,MinDis_dcmp,0.382,1198.069,minimize,1.93315,1386995,658.955,29,670,18235,670,0.0,3.16,2100,6100,8000,62074,62074,1508816,402178699,2018,10134,0,8115,4100,701743482,1150406,4000,0.0,1158525
Chuffed Dcmp,jobshop,jobshop/jobshop_gini.mzn,jobshop/dzn/ta68_3a_alloc1.dzn:jobshop/generated_bounds/MinDis/ta68_3a_alloc1_MinDis.dzn,SATISFIED,1200.8062066305429,15,4053,MinDis_dcmp,0.186,1198.975,minimize,1.02364,1784628,627.064,15,171,9121,171,0.0,0.94,1050,3050,4000,602690,602690,2403277,333676822,1013,5068,0,4051,2050,603522130,469522,2000,0.0,473577
Chuffed Dcmp,jobshop,jobshop/jobshop_gini.mzn,jobshop/dzn/ta42_2a_alloc1.dzn:jobshop/generated_bounds/MinDis/ta42_2a_alloc1_MinDis.dzn,OPTIMAL_SOLUTION,572.9122490752488,12,2436,MinDis_dcmp,0.111,571.657,minimize,0.660465,1287006,571.546,12,0,5484,0,0.0,0.94,630,1830,2400,246030,246030,1539760,268581618,604,3056,0,2434,1230,748659595,307907,1200,0.0,310345
Chuffed Dcmp,jobshop,jobshop/jobshop_gini.mzn,jobshop/dzn/ta80_7a_alloc1.dzn:jobshop/generated_bounds/MinDis/ta80_7a_alloc1_MinDis.dzn,SATISFIED,1201.3700163215399,39,8135,MinDis_dcmp,0.373,1198.105,minimize,1.91042,1383096,1158.635,39,689,18253,689,0.0,2.11,2100,6100,8000,61471,61471,1524324,399744589,2016,10164,0,8133,4100,1699622756,1247062,4000,0.0,1255199
Chuffed Dcmp,jobshop,jobshop/jobshop_gini.mzn,jobshop/dzn/ta71_6a_alloc1.dzn:jobshop/generated_bounds/MinDis/ta71_6a_alloc1_MinDis.dzn,SATISFIED,1201.3402555473149,28,8123,MinDis_dcmp,0.387,1198.118,minimize,1.89803,1387815,868.315,28,1482,18241,1482,0.0,2.11,2100,6100,8000,59323,59323,1504875,396887785,2017,10146,0,8121,4100,1133141776,1121626,4000,0.0,1129751
Chuffed Dcmp,jobshop,jobshop/jobshop_gini.mzn,jobshop/dzn/ta48_2a_alloc1.dzn:jobshop/generated_bounds/MinDis/ta48_2a_alloc1_MinDis.dzn,OPTIMAL_SOLUTION,20.4040913823992,5,2435,MinDis_dcmp,0.108,19.248,minimize,0.702714,124630,19.235,5,0,5483,0,0.0,0.63,630,1830,2400,11380,11380,138686,12791898,604,3054,0,2433,1230,990959769,214942,1200,0.0,217379
Chuffed Dcmp,jobshop,jobshop/jobshop_gini.mzn,jobshop/dzn/ta60_4a_alloc1.dzn:jobshop/generated_bounds/MinDis/ta60_4a_alloc1_MinDis.dzn,SATISFIED,1200.754201894626,56,3067,MinDis_dcmp,0.141,1199.226,minimize,0.771545,1597483,307.046,56,92,6880,92,0.0,0.94,800,2300,3000,616813,616813,2257319,302232847,765,3838,0,3065,1550,587232686,383375,1500,0.0,386444
Chuffed Dcmp,jobshop,jobshop/jobshop_gini.mzn,jobshop/dzn/ta72_5a_alloc1.dzn:jobshop/generated_bounds/MinDis/ta72_5a_alloc1_MinDis.dzn,SATISFIED,1201.5463684853166,96,8109,MinDis_dcmp,0.378,1198.09,minimize,1.90837,2052221,916.463,96,42,18227,42,0.0,4.75,2100,6100,8000,78873,78873,2325262,354315729,2018,10123,0,8107,4100,-722883867,1777792,4000,0.0,1785903
Chuffed Dcmp,jobshop,jobshop/jobshop_gini.mzn,jobshop/dzn/ta73_7a_alloc1.dzn:jobshop/generated_bounds/MinDis/ta73_7a_alloc1_MinDis.dzn,SATISFIED,1201.4572747331113,50,8136,MinDis_dcmp,0.382,1198.124,minimize,1.89834,1379206,975.594,50,1019,18254,1019,0.0,2.11,2100,6100,8000,54166,54166,1535425,321777235,2019,10166,0,8134,4100,1166821766,1380294,4000,0.0,1388432
Chuffed Dcmp,jobshop,jobshop/jobshop_gini.mzn,jobshop/dzn/ta55_3a_alloc1.dzn:jobshop/generated_bounds/MinDis/ta55_3a_alloc1_MinDis.dzn,SATISFIED,1200.5793211590499,1,3056,MinDis_dcmp,0.136,1199.231,minimize,0.766843,2974802,0.15,1,835,6869,835,0.0,0.94,800,2300,3000,1115305,1115305,4091501,306302676,755,3819,0,3054,1550,-607089174,177279,1500,0.0,180337
Chuffed Dcmp,jobshop,jobshop/jobshop_gini.mzn,jobshop/dzn/ta57_3a_alloc1.dzn:jobshop/generated_bounds/MinDis/ta57_3a_alloc1_MinDis.dzn,SATISFIED,1200.513077609241,1,3057,MinDis_dcmp,0.138,1199.228,minimize,0.76954,6556839,0.148,1,1420,6870,1420,0.0,0.94,800,2300,3000,1352361,1352361,7910648,224940371,765,3821,0,3055,1550,-1656114302,166814,1500,0.0,169873
Chuffed Dcmp,jobshop,jobshop/jobshop_gini.mzn,jobshop/dzn/ta75_5a_alloc1.dzn:jobshop/generated_bounds/MinDis/ta75_5a_alloc1_MinDis.dzn,SATISFIED,1201.3882575575262,49,8106,MinDis_dcmp,0.375,1198.098,minimize,1.90992,1887100,1063.734999,49,124,18224,124,0.0,2.11,2100,6100,8000,85539,85539,2072180,397131800,2018,10117,0,8104,4100,-230492787,1367756,4000,0.0,1375864
Chuffed Dcmp,jobshop,jobshop/jobshop_gini.mzn,jobshop/dzn/ta41_3a_alloc1.dzn:jobshop/generated_bounds/MinDis/ta41_3a_alloc1_MinDis.dzn,UNKNOWN,1200.6091112140566,0,2441,MinDis_dcmp,0.113,1199.387,minimize,0.61175,316775,0.0,0,-1,5489,,0.0,1.41,630,1830,2400,142917,142917,460294,8947920,604,3064,0,2439,1230,1815700361,485151,1200,0.0,487594
Chuffed Dcmp,jobshop,jobshop/jobshop_gini.mzn,jobshop/dzn/ta76_5a_alloc1.dzn:jobshop/generated_bounds/MinDis/ta76_5a_alloc1_MinDis.dzn,SATISFIED,1201.4058165755123,77,8107,MinDis_dcmp,0.381,1198.1,minimize,1.90918,1729039,1068.605,77,133,18225,133,0.0,2.11,2100,6100,8000,74272,74272,1959827,305887421,2020,10119,0,8105,4100,1785898471,1393449,4000,0.0,1401558
Chuffed Dcmp,jobshop,jobshop/jobshop_gini.mzn,jobshop/dzn/ta74_10a_alloc1.dzn:jobshop/generated_bounds/MinDis/ta74_10a_alloc1_MinDis.dzn,SATISFIED,1201.546549320221,8,8182,MinDis_dcmp,0.386,1198.082,minimize,1.92295,1108037,623.47,8,968,18300,968,0.0,10.68,2100,6100,8000,45703,45703,1171143,300440751,2019,10234,0,8180,4100,-1737715185,1155419,4000,0.0,1163603
Chuffed Dcmp,jobshop,jobshop/jobshop_gini.mzn,jobshop/dzn/ta75_9a_alloc1.dzn:jobshop/generated_bounds/MinDis/ta75_9a_alloc1_MinDis.dzn,SATISFIED,1201.4838076476008,46,8162,MinDis_dcmp,0.382,1198.098,minimize,1.90831,1081336,999.02,46,1160,18280,1160,0.0,3.16,2100,6100,8000,47027,47027,1222449,309716518,2018,10203,0,8160,4100,1636596725,1501990,4000,0.0,1510154
Chuffed Dcmp,jobshop,jobshop/jobshop_gini.mzn,jobshop/dzn/ta69_5a_alloc1.dzn:jobshop/generated_bounds/MinDis/ta69_5a_alloc1_MinDis.dzn,SATISFIED,1200.8834898527712,30,4073,MinDis_dcmp,0.185,1198.951,minimize,1.04987,2459461,617.515,30,254,9141,254,0.0,1.41,1050,3050,4000,510759,510759,3001344,288519882,1015,5101,0,4071,2050,-1465746439,619505,2000,0.0,623580
Chuffed Dcmp,jobshop,jobshop/jobshop_gini.mzn,jobshop/dzn/ta74_6a_alloc1.dzn:jobshop/generated_bounds/MinDis/ta74_6a_alloc1_MinDis.dzn,SATISFIED,1201.6451417021453,113,8118,MinDis_dcmp,0.379,1198.064,minimize,1.95739,1203380,467.618,113,305,18236,305,0.0,3.16,2100,6100,8000,46059,46059,1477543,211460393,2019,10136,0,8116,4100,-226757653,1980147,4000,0.0,1988267
Chuffed Dcmp,jobshop,jobshop/jobshop_gini.mzn,jobshop/dzn/ta79_10a_alloc1.dzn:jobshop/generated_bounds/MinDis/ta79_10a_alloc1_MinDis.dzn,UNKNOWN,1201.4994441140443,0,8183,MinDis_dcmp,0.382,1198.118,minimize,1.8929,879117,0.0,0,-1,18301,,0.0,7.12,2100,6100,8000,36747,36747,917135,186761674,2004,10236,0,8181,4100,1368752282,978912,4000,0.0,987097
Chuffed Dcmp,jobshop,jobshop/jobshop_gini.mzn,jobshop/dzn/ta75_10a_alloc1.dzn:jobshop/generated_bounds/MinDis/ta75_10a_alloc1_MinDis.dzn,SATISFIED,1201.507831601426,9,8181,MinDis_dcmp,0.39,1198.13,minimize,1.90597,990876,21.272,9,779,18299,779,0.0,7.12,2100,6100,8000,42523,42523,1052848,334295554,2018,10232,0,8179,4100,-1018641110,1040561,4000,0.0,1048744
Chuffed Dcmp,jobshop,jobshop/jobshop_gini.mzn,jobshop/dzn/ta64_3a_alloc1.dzn:jobshop/generated_bounds/MinDis/ta64_3a_alloc1_MinDis.dzn,SATISFIED,1200.7600851040334,15,4046,MinDis_dcmp,0.183,1198.985,minimize,1.013509,3017200,683.876,15,229,9114,229,0.0,0.94,1050,3050,4000,880460,880460,3913472,284551239,1015,5054,0,4044,2050,1320420776,348484,2000,0.0,352532
Chuffed Dcmp,jobshop,jobshop/jobshop_gini.mzn,jobshop/dzn/ta62_4a_alloc1.dzn:jobshop/generated_bounds/MinDis/ta62_4a_alloc1_MinDis.dzn,SATISFIED,1200.9052823316306,8,4064,MinDis_dcmp,0.189,1198.945,minimize,1.0529,1903929,929.119,8,1246,9132,1246,0.0,2.11,1050,3050,4000,607078,607078,2519934,330787973,1012,5087,0,4062,2050,68768124,500325,2000,0.0,504391
Chuffed Dcmp,jobshop,jobshop/jobshop_gini.mzn,jobshop/dzn/ta53_3a_alloc1.dzn:jobshop/generated_bounds/MinDis/ta53_3a_alloc1_MinDis.dzn,SATISFIED,1200.6899701878428,13,3057,MinDis_dcmp,0.139,1199.224,minimize,0.776178,5803043,1.371,13,1,6870,1,0.0,0.63,800,2300,3000,1270878,1270878,7084445,208793640,765,3821,0,3055,1550,1489686258,233462,1500,0.0,236521
Chuffed Dcmp,jobshop,jobshop/jobshop_gini.mzn,jobshop/dzn/ta36_3a_alloc1.dzn:jobshop/generated_bounds/MinDis/ta36_3a_alloc1_MinDis.dzn,UNKNOWN,1200.5212811175734,0,1842,MinDis_dcmp,0.083,1199.466,minimize,0.533583,1949289,0.0,0,-1,4135,,0.0,0.63,480,1380,1800,911397,911397,2860985,376688511,454,2311,0,1840,930,274274698,211233,900,0.0,213077
Chuffed Dcmp,jobshop,jobshop/jobshop_gini.mzn,jobshop/dzn/ta75_8a_alloc1.dzn:jobshop/generated_bounds/MinDis/ta75_8a_alloc1_MinDis.dzn,SATISFIED,1201.477824293077,12,8145,MinDis_dcmp,0.383,1198.1,minimize,1.9055,1236112,573.868,12,1570,18263,1570,0.0,3.16,2100,6100,8000,52667,52667,1314272,327380178,2017,10177,0,8143,4100,2004300340,1089993,4000,0.0,1098140
Chuffed Dcmp,jobshop,jobshop/jobshop_gini.mzn,jobshop/dzn/ta59_5a_alloc1.dzn:jobshop/generated_bounds/MinDis/ta59_5a_alloc1_MinDis.dzn,SATISFIED,1200.5893660448492,1,3073,MinDis_dcmp,0.138,1199.222,minimize,0.775214,7811207,1.449,1,2550,6886,2550,0.0,0.94,800,2300,3000,1507508,1507508,9320164,237384204,760,3846,0,3071,1550,-1701381361,222595,1500,0.0,225670
Chuffed Dcmp,jobshop,jobshop/jobshop_gini.mzn,jobshop/dzn/ta38_2a_alloc1.dzn:jobshop/generated_bounds/MinDis/ta38_2a_alloc1_MinDis.dzn,OPTIMAL_SOLUTION,553.8261560294777,2,1836,MinDis_dcmp,0.081,552.752,minimize,0.513748,1014507,552.656,2,0,4129,0,0.0,0.63,480,1380,1800,427467,427467,1442846,222120959,454,2301,0,1834,930,-1745091931,181265,900,0.0,183103
Chuffed Dcmp,jobshop,jobshop/jobshop_gini.mzn,jobshop/dzn/ta52_3a_alloc1.dzn:jobshop/generated_bounds/MinDis/ta52_3a_alloc1_MinDis.dzn,UNKNOWN,1200.5809816643596,0,3056,MinDis_dcmp,0.137,1199.213,minimize,0.784207,4288312,0.0,0,-1,6869,,0.0,0.94,800,2300,3000,955849,955849,5244800,232904787,754,3819,0,3054,1550,-1867617754,184889,1500,0.0,187947
Chuffed Dcmp,jobshop,jobshop/jobshop_gini.mzn,jobshop/dzn/ta52_5a_alloc1.dzn:jobshop/generated_bounds/MinDis/ta52_5a_alloc1_MinDis.dzn,SATISFIED,1200.7243217919022,36,3072,MinDis_dcmp,0.14,1199.182,minimize,0.816388,2257178,1168.168,36,101,6885,101,0.0,0.94,800,2300,3000,193231,193231,2478111,272623548,762,3844,0,3070,1550,-1847373824,484854,1500,0.0,487928
Chuffed Dcmp,jobshop,jobshop/jobshop_gini.mzn,jobshop/dzn/ta71_9a_alloc1.dzn:jobshop/generated_bounds/MinDis/ta71_9a_alloc1_MinDis.dzn,SATISFIED,1201.4549583438784,16,8168,MinDis_dcmp,0.391,1198.08,minimize,1.92983,1187689,440.306,16,522,18286,522,0.0,3.16,2100,6100,8000,52569,52569,1273804,297143516,2017,10215,0,8166,4100,-576100843,1077955,4000,0.0,1086125
Chuffed Dcmp,jobshop,jobshop/jobshop_gini.mzn,jobshop/dzn/ta65_4a_alloc1.dzn:jobshop/generated_bounds/MinDis/ta65_4a_alloc1_MinDis.dzn,OPTIMAL_SOLUTION,324.08922050334513,52,4061,MinDis_dcmp,0.185,322.298,minimize,1.01833,1007530,322.208,52,0,9129,0,0.0,0.94,1050,3050,4000,111032,111032,1169838,129476800,1013,5081,0,4059,2050,1336010235,553460,2000,0.0,557523
Chuffed Dcmp,jobshop,jobshop/jobshop_gini.mzn,jobshop/dzn/ta31_3a_alloc1.dzn:jobshop/generated_bounds/MinDis/ta31_3a_alloc1_MinDis.dzn,SATISFIED,1200.498187860474,2,1838,MinDis_dcmp,0.082,1199.482,minimize,0.515547,2282876,898.204,2,793,4131,793,0.0,0.63,480,1380,1800,932307,932307,3216381,408897471,458,2303,0,1836,930,1392252461,189818,900,0.0,191658
Chuffed Dcmp,jobshop,jobshop/jobshop_gini.mzn,jobshop/dzn/ta54_3a_alloc1.dzn:jobshop/generated_bounds/MinDis/ta54_3a_alloc1_MinDis.dzn,SATISFIED,1200.6896612346172,18,3059,MinDis_dcmp,0.139,1199.227,minimize,0.771517,2317410,22.028,18,1,6872,1,0.0,0.94,800,2300,3000,870234,870234,3201555,275649607,761,3825,0,3057,1550,339181923,330450,1500,0.0,333511
Chuffed Dcmp,jobshop,jobshop/jobshop_gini.mzn,jobshop/dzn/ta71_10a_alloc1.dzn:jobshop/generated_bounds/MinDis/ta71_10a_alloc1_MinDis.dzn,SATISFIED,1201.4580272678286,16,8187,MinDis_dcmp,0.39,1197.997,minimize,2.00081,1062470,1111.975,16,1157,18305,1157,0.0,4.75,2100,6100,8000,43338,43338,1139409,251358171,2017,10244,0,8185,4100,-790173812,1252827,4000,0.0,1261016
Chuffed Dcmp,jobshop,jobshop/jobshop_gini.mzn,jobshop/dzn/ta73_6a_alloc1.dzn:jobshop/generated_bounds/MinDis/ta73_6a_alloc1_MinDis.dzn,SATISFIED,1201.4060758426785,53,8123,MinDis_dcmp,0.38,1198.137,minimize,1.88268,1530627,1145.43,53,126,18241,126,0.0,2.11,2100,6100,8000,63691,63691,1702452,308073249,2019,10146,0,8121,4100,-222776709,1361378,4000,0.0,1369503
Chuffed Dcmp,jobshop,jobshop/jobshop_gini.mzn,jobshop/dzn/ta60_5a_alloc1.dzn:jobshop/generated_bounds/MinDis/ta60_5a_alloc1_MinDis.dzn,SATISFIED,1200.676319276914,27,3076,MinDis_dcmp,0.138,1199.209,minimize,0.78966,4932142,1070.915,27,1236,6889,1236,0.0,0.94,800,2300,3000,1059752,1059752,6012993,264407818,765,3852,0,3074,1550,-874006181,310665,1500,0.0,313743
Chuffed Dcmp,jobshop,jobshop/jobshop_gini.mzn,jobshop/dzn/ta32_2a_alloc1.dzn:jobshop/generated_bounds/MinDis/ta32_2a_alloc1_MinDis.dzn,SATISFIED,1200.5192323178053,7,1836,MinDis_dcmp,0.082,1199.477,minimize,0.521489,2120815,346.413,7,12,4129,12,0.0,0.63,480,1380,1800,775110,775110,2899253,407029373,458,2301,0,1834,930,1420598292,232648,900,0.0,234486
Chuffed Dcmp,jobshop,jobshop/jobshop_gini.mzn,jobshop/dzn/ta79_8a_alloc1.dzn:jobshop/generated_bounds/MinDis/ta79_8a_alloc1_MinDis.dzn,SATISFIED,1201.3690126016736,39,8147,MinDis_dcmp,0.38,1198.101,minimize,1.90144,1410503,1190.19,39,467,18265,467,0.0,3.16,2100,6100,8000,60059,60059,1550579,353457674,2020,10181,0,8145,4100,-1596411089,1297346,4000,0.0,1305495
Chuffed Dcmp,jobshop,jobshop/jobshop_gini.mzn,jobshop/dzn/ta55_5a_alloc1.dzn:jobshop/generated_bounds/MinDis/ta55_5a_alloc1_MinDis.dzn,SATISFIED,1200.579381590709,1,3072,MinDis_dcmp,0.138,1199.209,minimize,0.79084,3479156,0.179,1,1418,6885,1418,0.0,0.94,800,2300,3000,1155399,1155399,4635952,306446488,763,3844,0,3070,1550,19408258,181839,1500,0.0,184913
Chuffed Dcmp,jobshop,jobshop/jobshop_gini.mzn,jobshop/dzn/ta53_4a_alloc1.dzn:jobshop/generated_bounds/MinDis/ta53_4a_alloc1_MinDis.dzn,SATISFIED,1200.579203568399,2,3064,MinDis_dcmp,0.139,1199.215,minimize,0.782317,2777671,5.037,2,1538,6877,1538,0.0,0.94,800,2300,3000,1303354,1303354,4083237,295604734,765,3832,0,3062,1550,-2011939193,184962,1500,0.0,188028
Chuffed Dcmp,jobshop,jobshop/jobshop_gini.mzn,jobshop/dzn/ta59_3a_alloc1.dzn:jobshop/generated_bounds/MinDis/ta59_3a_alloc1_MinDis.dzn,SATISFIED,1200.5327931884676,3,3057,MinDis_dcmp,0.137,1199.225,minimize,0.775834,4553097,1.05,3,856,6870,856,0.0,0.94,800,2300,3000,1498049,1498049,6054105,239111328,761,3821,0,3055,1550,-1362077080,181509,1500,0.0,184568
Chuffed Dcmp,jobshop,jobshop/jobshop_gini.mzn,jobshop/dzn/ta72_8a_alloc1.dzn:jobshop/generated_bounds/MinDis/ta72_8a_alloc1_MinDis.dzn,SATISFIED,1201.438355507329,24,8148,MinDis_dcmp,0.377,1198.108,minimize,1.91608,1208477,461.045,24,1027,18266,1027,0.0,2.11,2100,6100,8000,53069,53069,1311230,353622182,2018,10183,0,8146,4100,1706351775,1168353,4000,0.0,1176503
Chuffed Dcmp,jobshop,jobshop/jobshop_gini.mzn,jobshop/dzn/ta38_3a_alloc1.dzn:jobshop/generated_bounds/MinDis/ta38_3a_alloc1_MinDis.dzn,SATISFIED,1200.5270470157266,5,1841,MinDis_dcmp,0.082,1199.479,minimize,0.519897,1981287,786.94,5,898,4134,898,0.0,0.63,480,1380,1800,998644,998644,2982402,477785303,454,2309,0,1839,930,-591884699,185114,900,0.0,186957
Chuffed Dcmp,jobshop,jobshop/jobshop_gini.mzn,jobshop/dzn/ta73_5a_alloc1.dzn:jobshop/generated_bounds/MinDis/ta73_5a_alloc1_MinDis.dzn,SATISFIED,1201.2885272167623,35,8112,MinDis_dcmp,0.381,1198.125,minimize,1.89455,1952323,991.393,35,616,18230,616,0.0,2.11,2100,6100,8000,81942,81942,2106041,423355824,2019,10129,0,8110,4100,-627433357,1073837,4000,0.0,1081951
Chuffed Dcmp,jobshop,jobshop/jobshop_gini.mzn,jobshop/dzn/ta77_6a_alloc1.dzn:jobshop/generated_bounds/MinDis/ta77_6a_alloc1_MinDis.dzn,SATISFIED,1201.5750031434,67,8127,MinDis_dcmp,0.388,1198.096,minimize,1.93094,1571368,1023.125,67,298,18245,298,0.0,4.75,2100,6100,8000,60051,60051,1767199,268833364,2019,10154,0,8125,4100,-502079470,1561989,4000,0.0,1570118
Chuffed Dcmp,jobshop,jobshop/jobshop_gini.mzn,jobshop/dzn/ta69_4a_alloc1.dzn:jobshop/generated_bounds/MinDis/ta69_4a_alloc1_MinDis.dzn,SATISFIED,1200.7435236014426,13,4064,MinDis_dcmp,0.189,1198.983,minimize,1.01533,2336398,3.079,13,256,9132,256,0.0,1.41,1050,3050,4000,680948,680948,3031337,264307387,1015,5087,0,4062,2050,2064933200,345958,2000,0.0,350024
Chuffed Dcmp,jobshop,jobshop/jobshop_gini.mzn,jobshop/dzn/ta51_3a_alloc1.dzn:jobshop/generated_bounds/MinDis/ta51_3a_alloc1_MinDis.dzn,SATISFIED,1200.5970993768424,8,3059,MinDis_dcmp,0.137,1199.228,minimize,0.772629,4744084,1.746,8,1425,6872,1425,0.0,0.94,800,2300,3000,1285431,1285431,6036276,227198036,763,3825,0,3057,1550,-1213587685,213654,1500,0.0,216715
Chuffed Dcmp,jobshop,jobshop/jobshop_gini.mzn,jobshop/dzn/ta58_5a_alloc1.dzn:jobshop/generated_bounds/MinDis/ta58_5a_alloc1_MinDis.dzn,SATISFIED,1200.66845824942,16,3078,MinDis_dcmp,0.139,1199.218,minimize,0.78085,6653288,49.684,16,442,6891,442,0.0,0.94,800,2300,3000,891600,891600,7557717,203390744,763,3856,0,3076,1550,1616730681,367003,1500,0.0,370083
Chuffed Dcmp,jobshop,jobshop/jobshop_gini.mzn,jobshop/dzn/ta54_5a_alloc1.dzn:jobshop/generated_bounds/MinDis/ta54_5a_alloc1_MinDis.dzn,SATISFIED,1200.6798083204776,47,3075,MinDis_dcmp,0.139,1199.182,minimize,0.818218,2190217,164.315,47,1040,6888,1040,0.0,1.41,800,2300,3000,137962,137962,2364108,233210804,761,3850,0,3073,1550,-2126176509,436302,1500,0.0,439379
Chuffed Dcmp,jobshop,jobshop/jobshop_gini.mzn,jobshop/dzn/ta45_2a_alloc1.dzn:jobshop/generated_bounds/MinDis/ta45_2a_alloc1_MinDis.dzn,OPTIMAL_SOLUTION,68.5897892601788,10,2432,MinDis_dcmp,0.11,67.367,minimize,0.652671,251412,67.307,10,0,5480,0,0.0,0.63,630,1830,2400,47173,47173,304356,35065894,611,3048,0,2430,1230,2022081608,248690,1200,0.0,251124
Chuffed Dcmp,jobshop,jobshop/jobshop_gini.mzn,jobshop/dzn/ta45_3a_alloc1.dzn:jobshop/generated_bounds/MinDis/ta45_3a_alloc1_MinDis.dzn,SATISFIED,1200.5832265168428,7,2437,MinDis_dcmp,0.111,1199.382,minimize,0.617945,2185931,859.387,7,338,5485,338,0.0,0.94,630,1830,2400,557943,557943,2748151,449953786,604,3056,0,2435,1230,1192181156,296162,1200,0.0,298601
Chuffed Dcmp,jobshop,jobshop/jobshop_gini.mzn,jobshop/dzn/ta34_3a_alloc1.dzn:jobshop/generated_bounds/MinDis/ta34_3a_alloc1_MinDis.dzn,SATISFIED,1200.550578435883,8,1842,MinDis_dcmp,0.084,1199.487,minimize,0.514803,2216372,834.378,8,448,4135,448,0.0,0.94,480,1380,1800,917348,917348,3137668,399667417,461,2311,0,1840,930,458372656,224505,900,0.0,226349
Chuffed Dcmp,jobshop,jobshop/jobshop_gini.mzn,jobshop/dzn/ta60_3a_alloc1.dzn:jobshop/generated_bounds/MinDis/ta60_3a_alloc1_MinDis.dzn,SATISFIED,1200.574843224138,9,3060,MinDis_dcmp,0.136,1199.187,minimize,0.811044,5532638,335.686,9,743,6873,743,0.0,0.94,800,2300,3000,1105274,1105274,6645451,271237118,764,3827,0,3058,1550,-1326948733,230486,1500,0.0,233548
Chuffed Dcmp,jobshop,jobshop/jobshop_gini.mzn,jobshop/dzn/ta78_9a_alloc1.dzn:jobshop/generated_bounds/MinDis/ta78_9a_alloc1_MinDis.dzn,SATISFIED,1201.5809111967683,16,8165,MinDis_dcmp,0.386,1198.119,minimize,1.90208,1093180,544.429,16,1330,18283,1330,0.0,4.75,2100,6100,8000,46384,46384,1173142,297263979,2020,10209,0,8163,4100,2101314061,1203571,4000,0.0,1211738
Chuffed Dcmp,jobshop,jobshop/jobshop_gini.mzn,jobshop/dzn/ta78_8a_alloc1.dzn:jobshop/generated_bounds/MinDis/ta78_8a_alloc1_MinDis.dzn,SATISFIED,1201.3963624183089,21,8148,MinDis_dcmp,0.385,1198.109,minimize,1.89348,1259923,218.098,21,1502,18266,1502,0.0,2.11,2100,6100,8000,52545,52545,1356164,335261675,2020,10183,0,8146,4100,-27920804,1151062,4000,0.0,1159212
Chuffed Dcmp,jobshop,jobshop/jobshop_gini.mzn,jobshop/dzn/ta37_3a_alloc1.dzn:jobshop/generated_bounds/MinDis/ta37_3a_alloc1_MinDis.dzn,SATISFIED,1200.5291833393276,3,1842,MinDis_dcmp,0.084,1199.485,minimize,0.514466,2507552,233.798,3,457,4135,457,0.0,0.63,480,1380,1800,998939,998939,3508182,395699135,461,2311,0,1840,930,1847203985,164787,900,0.0,166631
Chuffed Dcmp,jobshop,jobshop/jobshop_gini.mzn,jobshop/dzn/ta75_7a_alloc1.dzn:jobshop/generated_bounds/MinDis/ta75_7a_alloc1_MinDis.dzn,SATISFIED,1201.4367677755654,50,8130,MinDis_dcmp,0.377,1198.122,minimize,1.90473,1396927,738.129,50,151,18248,151,0.0,2.11,2100,6100,8000,59647,59647,1558562,336294555,2018,10154,0,8128,4100,-1583087584,1402899,4000,0.0,1411031
Chuffed Dcmp,jobshop,jobshop/jobshop_gini.mzn,jobshop/dzn/ta80_6a_alloc1.dzn:jobshop/generated_bounds/MinDis/ta80_6a_alloc1_MinDis.dzn,SATISFIED,1201.402430607006,41,8122,MinDis_dcmp,0.381,1198.088,minimize,1.92351,1634725,1053.137999,41,894,18240,894,0.0,2.11,2100,6100,8000,72643,72643,1791049,396397259,2017,10144,0,8120,4100,-1760968236,1268274,4000,0.0,1276398
Chuffed Dcmp,jobshop,jobshop/jobshop_gini.mzn,jobshop/dzn/ta69_3a_alloc1.dzn:jobshop/generated_bounds/MinDis/ta69_3a_alloc1_MinDis.dzn,OPTIMAL_SOLUTION,19.29570373147726,21,4057,MinDis_dcmp,0.187,17.576,minimize,1.02267,120005,17.558,21,0,9125,0,0.0,0.94,1050,3050,4000,6692,6692,147536,14295724,1015,5076,0,4055,2050,-1748271903,324223,2000,0.0,328282
Chuffed Dcmp,jobshop,jobshop/jobshop_gini.mzn,jobshop/dzn/ta50_3a_alloc1.dzn:jobshop/generated_bounds/MinDis/ta50_3a_alloc1_MinDis.dzn,OPTIMAL_SOLUTION,252.30629083700478,23,2442,MinDis_dcmp,0.113,251.122,minimize,0.60977,797669,239.457,23,9,5490,9,0.0,0.63,630,1830,2400,75287,75287,883427,99599726,604,3066,0,2440,1230,469332560,404181,1200,0.0,406625
Chuffed Dcmp,jobshop,jobshop/jobshop_gini.mzn,jobshop/dzn/ta56_5a_alloc1.dzn:jobshop/generated_bounds/MinDis/ta56_5a_alloc1_MinDis.dzn,SATISFIED,1200.595384184271,28,3071,MinDis_dcmp,0.139,1199.187,minimize,0.810017,4864984,4.536,28,54,6884,54,0.0,0.94,800,2300,3000,1012253,1012253,5899167,213515278,764,3842,0,3069,1550,-459563307,337277,1500,0.0,340350
Chuffed Dcmp,jobshop,jobshop/jobshop_gini.mzn,jobshop/dzn/ta77_8a_alloc1.dzn:jobshop/generated_bounds/MinDis/ta77_8a_alloc1_MinDis.dzn,SATISFIED,1201.3808417152613,32,8155,MinDis_dcmp,0.389,1198.132,minimize,1.89455,1350512,628.132,32,732,18273,732,0.0,2.11,2100,6100,8000,55736,55736,1472116,319885803,2019,10197,0,8153,4100,1906287434,1244852,4000,0.0,1253009
Chuffed Dcmp,jobshop,jobshop/jobshop_gini.mzn,jobshop/dzn/ta80_9a_alloc1.dzn:jobshop/generated_bounds/MinDis/ta80_9a_alloc1_MinDis.dzn,SATISFIED,1201.3868780136108,13,8167,MinDis_dcmp,0.371,1198.118,minimize,1.89405,1113521,638.175,13,1181,18285,1181,0.0,3.16,2100,6100,8000,49737,49737,1190734,327703608,2016,10213,0,8165,4100,-1952040691,1037979,4000,0.0,1046148
Chuffed Dcmp,jobshop,jobshop/jobshop_gini.mzn,jobshop/dzn/ta62_5a_alloc1.dzn:jobshop/generated_bounds/MinDis/ta62_5a_alloc1_MinDis.dzn,SATISFIED,1200.795158535242,2,4073,MinDis_dcmp,0.187,1198.982,minimize,1.016559,1964116,312.208,2,2499,9141,2499,0.0,0.94,1050,3050,4000,674761,674761,2641735,304810592,1007,5101,0,4071,2050,-426372551,433399,2000,0.0,437474
Chuffed Dcmp,jobshop,jobshop/jobshop_gini.mzn,jobshop/dzn/ta48_3a_alloc1.dzn:jobshop/generated_bounds/MinDis/ta48_3a_alloc1_MinDis.dzn,SATISFIED,1200.652127057314,11,2440,MinDis_dcmp,0.112,1199.37,minimize,0.628546,2529959,283.398,11,25,5488,25,0.0,0.94,630,1830,2400,282800,282800,2818669,443566288,604,3062,0,2438,1230,-971453628,449671,1200,0.0,452113
Chuffed Dcmp,jobshop,jobshop/jobshop_gini.mzn,jobshop/dzn/ta79_5a_alloc1.dzn:jobshop/generated_bounds/MinDis/ta79_5a_alloc1_MinDis.dzn,SATISFIED,1201.3537459801883,46,8108,MinDis_dcmp,0.376,1198.104,minimize,1.90137,1863415,1192.551,46,123,18226,123,0.0,2.11,2100,6100,8000,83126,83126,2040568,457304592,2020,10121,0,8106,4100,-1134046248,1297573,4000,0.0,1305683
Chuffed Dcmp,jobshop,jobshop/jobshop_gini.mzn,jobshop/dzn/ta78_5a_alloc1.dzn:jobshop/generated_bounds/MinDis/ta78_5a_alloc1_MinDis.dzn,OPTIMAL_SOLUTION,911.8421662226319,66,8109,MinDis_dcmp,0.382,908.516,minimize,1.89014,1890016,908.425,66,0,18227,0,0.0,2.11,2100,6100,8000,66937,66937,2089060,362539347,2020,10123,0,8107,4100,-940931593,1425202,4000,0.0,1433313
Chuffed Dcmp,jobshop,jobshop/jobshop_gini.mzn,jobshop/dzn/ta40_3a_alloc1.dzn:jobshop/generated_bounds/MinDis/ta40_3a_alloc1_MinDis.dzn,UNKNOWN,1200.4935351852328,0,1838,MinDis_dcmp,0.08,1199.483,minimize,0.515582,2254583,0.0,0,-1,4131,,0.0,0.94,480,1380,1800,1061798,1061798,3316708,467437347,454,2303,0,1836,930,-9101600,182373,900,0.0,184213
Chuffed Dcmp,jobshop,jobshop/jobshop_gini.mzn,jobshop/dzn/ta76_9a_alloc1.dzn:jobshop/generated_bounds/MinDis/ta76_9a_alloc1_MinDis.dzn,SATISFIED,1201.4181005731225,8,8163,MinDis_dcmp,0.39,1198.105,minimize,1.9015,1500769,1053.378999,8,1609,18281,1609,0.0,2.11,2100,6100,8000,66240,66240,1584496,336037568,2020,10205,0,8161,4100,32372110,952916,4000,0.0,961081
Chuffed Dcmp,jobshop,jobshop/jobshop_gini.mzn,jobshop/dzn/ta61_5a_alloc1.dzn:jobshop/generated_bounds/MinDis/ta61_5a_alloc1_MinDis.dzn,SATISFIED,1200.9614251423627,52,4069,MinDis_dcmp,0.189,1198.986,minimize,1.01308,1825475,212.644,52,1,9137,1,0.0,1.41,1050,3050,4000,339027,339027,2216810,396035640,1014,5093,0,4067,2050,412908384,855475,2000,0.0,859546
Chuffed Dcmp,jobshop,jobshop/jobshop_gini.mzn,jobshop/dzn/ta77_10a_alloc1.dzn:jobshop/generated_bounds/MinDis/ta77_10a_alloc1_MinDis.dzn,UNKNOWN,1201.7439236342907,0,8191,MinDis_dcmp,0.392,1198.04,minimize,1.96477,932899,0.0,0,-1,18309,,0.0,7.12,2100,6100,8000,36598,36598,970805,173183770,2004,10252,0,8189,4100,-967918728,1155318,4000,0.0,1163511
Chuffed Dcmp,jobshop,jobshop/jobshop_gini.mzn,jobshop/dzn/ta49_3a_alloc1.dzn:jobshop/generated_bounds/MinDis/ta49_3a_alloc1_MinDis.dzn,SATISFIED,1200.5583621412516,3,2439,MinDis_dcmp,0.109,1199.383,minimize,0.61456,2209300,96.534,3,518,5487,518,0.0,0.94,630,1830,2400,673690,673690,2885202,472109104,604,3060,0,2437,1230,-273234535,245139,1200,0.0,247580
Chuffed Dcmp,jobshop,jobshop/jobshop_gini.mzn,jobshop/dzn/ta40_2a_alloc1.dzn:jobshop/generated_bounds/MinDis/ta40_2a_alloc1_MinDis.dzn,UNKNOWN,1200.5186444185674,0,1833,MinDis_dcmp,0.082,1199.482,minimize,0.517854,2499063,0.0,0,-1,4126,,0.0,0.63,480,1380,1800,1095921,1095921,3595295,408137159,454,2295,0,1831,930,1527194512,173713,900,0.0,175548
Chuffed Dcmp,jobshop,jobshop/jobshop_gini.mzn,jobshop/dzn/ta77_5a_alloc1.dzn:jobshop/generated_bounds/MinDis/ta77_5a_alloc1_MinDis.dzn,SATISFIED,1201.379649553448,45,8116,MinDis_dcmp,0.388,1198.11,minimize,1.89524,1810276,750.739,45,970,18234,970,0.0,4.75,2100,6100,8000,74406,74406,1976702,385659234,2018,10137,0,8114,4100,-1027245500,1302974,4000,0.0,1311092
Chuffed Dcmp,jobshop,jobshop/jobshop_gini.mzn,jobshop/dzn/ta47_2a_alloc1.dzn:jobshop/generated_bounds/MinDis/ta47_2a_alloc1_MinDis.dzn,OPTIMAL_SOLUTION,70.02964371070266,10,2435,MinDis_dcmp,0.11,68.88,minimize,0.649156,278603,67.799,10,98,5483,98,0.0,0.63,630,1830,2400,28584,28584,311030,41042042,604,3054,0,2433,1230,1868209761,256911,1200,0.0,259348
Chuffed Dcmp,jobshop,jobshop/jobshop_gini.mzn,jobshop/dzn/ta61_3a_alloc1.dzn:jobshop/generated_bounds/MinDis/ta61_3a_alloc1_MinDis.dzn,OPTIMAL_SOLUTION,139.98309766873717,41,4053,MinDis_dcmp,0.188,138.24,minimize,1.01343,372924,138.143,41,0,9121,0,0.0,0.94,1050,3050,4000,74546,74546,488115,54036742,1014,5068,0,4051,2050,-1089990555,437012,2000,0.0,441067
Chuffed Dcmp,jobshop,jobshop/jobshop_gini.mzn,jobshop/dzn/ta41_2a_alloc1.dzn:jobshop/generated_bounds/MinDis/ta41_2a_alloc1_MinDis.dzn,OPTIMAL_SOLUTION,202.47600523382425,6,2436,MinDis_dcmp,0.113,201.28,minimize,0.656321,699504,201.219,6,0,5484,0,0.0,0.63,630,1830,2400,101057,101057,803816,96720570,604,3056,0,2434,1230,990299154,270640,1200,0.0,273078
Chuffed Dcmp,jobshop,jobshop/jobshop_gini.mzn,jobshop/dzn/ta64_4a_alloc1.dzn:jobshop/generated_bounds/MinDis/ta64_4a_alloc1_MinDis.dzn,SATISFIED,1200.8344801478088,14,4053,MinDis_dcmp,0.185,1198.972,minimize,1.02732,1720334,68.22,14,241,9121,241,0.0,0.94,1050,3050,4000,546046,546046,2281392,298399001,1016,5065,0,4051,2050,-523680872,435311,2000,0.0,439366
Chuffed Dcmp,jobshop,jobshop/jobshop_gini.mzn,jobshop/dzn/ta62_3a_alloc1.dzn:jobshop/generated_bounds/MinDis/ta62_3a_alloc1_MinDis.dzn,OPTIMAL_SOLUTION,62.082223581150174,25,4057,MinDis_dcmp,0.186,60.356,minimize,1.04735,388561,60.334,25,0,9125,0,0.0,0.94,1050,3050,4000,19251,19251,432555,42978427,1013,5076,0,4055,2050,-2047386914,366722,2000,0.0,370781
Chuffed Dcmp,jobshop,jobshop/jobshop_gini.mzn,jobshop/dzn/ta51_4a_alloc1.dzn:jobshop/generated_bounds/MinDis/ta51_4a_alloc1_MinDis.dzn,SATISFIED,1200.6091823652387,4,3066,MinDis_dcmp,0.136,1199.208,minimize,0.791013,7153728,1.072,4,335,6879,335,0.0,0.63,800,2300,3000,1622862,1622862,8780286,202723936,764,3836,0,3064,1550,956155047,226602,1500,0.0,229670
Chuffed Dcmp,jobshop,jobshop/jobshop_gini.mzn,jobshop/dzn/ta72_6a_alloc1.dzn:jobshop/generated_bounds/MinDis/ta72_6a_alloc1_MinDis.dzn,SATISFIED,1201.2896403167397,29,8120,MinDis_dcmp,0.382,1198.061,minimize,1.9406,1757550,251.372,29,726,18238,726,0.0,3.16,2100,6100,8000,77488,77488,1894800,410877071,2018,10140,0,8118,4100,596611779,1093425,4000,0.0,1101547
Chuffed Dcmp,jobshop,jobshop/jobshop_gini.mzn,jobshop/dzn/ta77_7a_alloc1.dzn:jobshop/generated_bounds/MinDis/ta77_7a_alloc1_MinDis.dzn,SATISFIED,1201.3699879460037,30,8140,MinDis_dcmp,0.388,1198.115,minimize,1.89303,1435167,413.818,30,520,18258,520,0.0,2.11,2100,6100,8000,62961,62961,1559975,301631726,2019,10174,0,8138,4100,1397743690,1200823,4000,0.0,1208965
Chuffed Dcmp,jobshop,jobshop/jobshop_gini.mzn,jobshop/dzn/ta51_5a_alloc1.dzn:jobshop/generated_bounds/MinDis/ta51_5a_alloc1_MinDis.dzn,SATISFIED,1200.7068653330207,39,3075,MinDis_dcmp,0.14,1199.222,minimize,0.776486,4925291,67.917,39,5,6888,5,0.0,0.94,800,2300,3000,1355675,1355675,6310119,227967486,762,3850,0,3073,1550,781262390,438454,1500,0.0,441531
Chuffed Dcmp,jobshop,jobshop/jobshop_gini.mzn,jobshop/dzn/ta31_2a_alloc1.dzn:jobshop/generated_bounds/MinDis/ta31_2a_alloc1_MinDis.dzn,SATISFIED,1200.4987404458225,1,1833,MinDis_dcmp,0.082,1199.481,minimize,0.518111,2283906,178.457,1,796,4126,796,0.0,0.63,480,1380,1800,895121,895121,3179783,445259890,454,2295,0,1831,930,-1161531706,187916,900,0.0,189751
Chuffed Dcmp,jobshop,jobshop/jobshop_gini.mzn,jobshop/dzn/ta46_3a_alloc1.dzn:jobshop/generated_bounds/MinDis/ta46_3a_alloc1_MinDis.dzn,SATISFIED,1200.567229995504,6,2441,MinDis_dcmp,0.113,1199.385,minimize,0.614158,1939621,82.591,6,341,5489,341,0.0,0.94,630,1830,2400,658489,658489,2601652,466207691,604,3064,0,2439,1230,695688855,295247,1200,0.0,297690
Chuffed Dcmp,jobshop,jobshop/jobshop_gini.mzn,jobshop/dzn/ta70_3a_alloc1.dzn:jobshop/generated_bounds/MinDis/ta70_3a_alloc1_MinDis.dzn,SATISFIED,1200.842759501189,16,4052,MinDis_dcmp,0.187,1198.967,minimize,1.03285,2028287,201.128,16,439,9120,439,0.0,1.41,1050,3050,4000,673635,673635,2718864,278238083,1013,5066,0,4050,2050,-1561380401,502308,2000,0.0,506362
Chuffed Dcmp,jobshop,jobshop/jobshop_gini.mzn,jobshop/dzn/ta33_3a_alloc1.dzn:jobshop/generated_bounds/MinDis/ta33_3a_alloc1_MinDis.dzn,SATISFIED,1200.523286897689,1,1841,MinDis_dcmp,0.086,1199.451,minimize,0.546424,2164853,5.933,1,2871,4134,2871,0.0,0.94,480,1380,1800,962246,962246,3127883,388954064,460,2309,0,1839,930,1231100680,202357,900,0.0,204200
Chuffed Dcmp,jobshop,jobshop/jobshop_gini.mzn,jobshop/dzn/ta72_7a_alloc1.dzn:jobshop/generated_bounds/MinDis/ta72_7a_alloc1_MinDis.dzn,SATISFIED,1201.5323899686337,65,8133,MinDis_dcmp,0.381,1198.084,minimize,1.93689,1302288,1095.573,65,734,18251,734,0.0,3.16,2100,6100,8000,56477,56477,1491034,267614170,2018,10160,0,8131,4100,2076356601,1595740,4000,0.0,1603875
Chuffed Dcmp,jobshop,jobshop/jobshop_gini.mzn,jobshop/dzn/ta76_8a_alloc1.dzn:jobshop/generated_bounds/MinDis/ta76_8a_alloc1_MinDis.dzn,SATISFIED,1201.3645153623074,32,8146,MinDis_dcmp,0.383,1198.09,minimize,1.91497,1307967,720.54,32,613,18264,613,0.0,7.12,2100,6100,8000,57486,57486,1431436,250081635,2020,10179,0,8144,4100,1231117963,1208833,4000,0.0,1216981
Chuffed Dcmp,jobshop,jobshop/jobshop_gini.mzn,jobshop/dzn/ta73_9a_alloc1.dzn:jobshop/generated_bounds/MinDis/ta73_9a_alloc1_MinDis.dzn,UNKNOWN,1201.365864014253,0,8168,MinDis_dcmp,0.376,1198.115,minimize,1.90969,1101207,0.0,0,-1,18286,,0.0,4.75,2100,6100,8000,47892,47892,1150411,264485729,2004,10215,0,8166,4100,2015042531,863353,4000,0.0,871523
Chuffed Dcmp,jobshop,jobshop/jobshop_gini.mzn,jobshop/dzn/ta80_5a_alloc1.dzn:jobshop/generated_bounds/MinDis/ta80_5a_alloc1_MinDis.dzn,SATISFIED,1201.4048303700984,63,8111,MinDis_dcmp,0.378,1198.103,minimize,1.90052,1567335,1154.096,63,200,18229,200,0.0,3.16,2100,6100,8000,72475,72475,1768014,427977309,2017,10127,0,8109,4100,1505936767,1411337,4000,0.0,1419450
Chuffed Dcmp,jobshop,jobshop/jobshop_gini.mzn,jobshop/dzn/ta74_9a_alloc1.dzn:jobshop/generated_bounds/MinDis/ta74_9a_alloc1_MinDis.dzn,SATISFIED,1201.5196340549737,21,8163,MinDis_dcmp,0.386,1198.075,minimize,1.93635,1294744,695.306,21,782,18281,782,0.0,4.75,2100,6100,8000,52752,52752,1391139,325849665,2019,10205,0,8161,4100,-1909190938,1315046,4000,0.0,1323211
Chuffed Dcmp,jobshop,jobshop/jobshop_gini.mzn,jobshop/dzn/ta61_4a_alloc1.dzn:jobshop/generated_bounds/MinDis/ta61_4a_alloc1_MinDis.dzn,SATISFIED,1200.9320726692677,69,4060,MinDis_dcmp,0.189,1198.974,minimize,1.024729,1967420,526.836,69,11,9128,11,0.0,1.41,1050,3050,4000,330426,330426,2366126,300579465,1014,5079,0,4058,2050,46805051,747467,2000,0.0,751529
Chuffed Dcmp,jobshop,jobshop/jobshop_gini.mzn,jobshop/dzn/ta68_4a_alloc1.dzn:jobshop/generated_bounds/MinDis/ta68_4a_alloc1_MinDis.dzn,UNKNOWN,1200.7548441980034,0,4060,MinDis_dcmp,0.188,1198.972,minimize,1.034729,152566,0.0,0,-1,9128,,0.0,4.75,1050,3050,4000,57343,57343,210911,37258665,1004,5079,0,4058,2050,1810013606,453624,2000,0.0,457686
Chuffed Dcmp,jobshop,jobshop/jobshop_gini.mzn,jobshop/dzn/ta63_4a_alloc1.dzn:jobshop/generated_bounds/MinDis/ta63_4a_alloc1_MinDis.dzn,SATISFIED,1200.7489432599396,6,4065,MinDis_dcmp,0.186,1198.981,minimize,1.01689,2977894,100.726,6,2762,9133,2762,0.0,0.94,1050,3050,4000,788117,788117,3772930,264660854,1015,5089,0,4063,2050,-275298013,335122,2000,0.0,339189
Chuffed Dcmp,jobshop,jobshop/jobshop_gini.mzn,jobshop/dzn/ta74_5a_alloc1.dzn:jobshop/generated_bounds/MinDis/ta74_5a_alloc1_MinDis.dzn,SATISFIED,1201.3639596998692,43,8107,MinDis_dcmp,0.384,1198.097,minimize,1.91654,1899825,1075.337,43,343,18225,343,0.0,3.16,2100,6100,8000,83450,83450,2071220,455640580,2019,10119,0,8105,4100,1218404882,1274189,4000,0.0,1282298
Chuffed Dcmp,jobshop,jobshop/jobshop_gini.mzn,jobshop/dzn/ta67_4a_alloc1.dzn:jobshop/generated_bounds/MinDis/ta67_4a_alloc1_MinDis.dzn,SATISFIED,1200.855982646346,25,4062,MinDis_dcmp,0.185,1198.985,minimize,1.01513,2763202,452.045,25,3,9130,3,0.0,1.41,1050,3050,4000,468172,468172,3256195,383948374,1011,5083,0,4060,2050,815544790,585290,2000,0.0,589354
Chuffed Dcmp,jobshop,jobshop/jobshop_gini.mzn,jobshop/dzn/ta66_4a_alloc1.dzn:jobshop/generated_bounds/MinDis/ta66_4a_alloc1_MinDis.dzn,SATISFIED,1200.8176261745393,10,4061,MinDis_dcmp,0.186,1198.937,minimize,1.05863,1864733,115.937,10,516,9129,516,0.0,0.94,1050,3050,4000,598289,598289,2473937,300187934,1014,5081,0,4059,2050,192785804,378721,2000,0.0,382784
Chuffed Dcmp,jobshop,jobshop/jobshop_gini.mzn,jobshop/dzn/ta50_2a_alloc1.dzn:jobshop/generated_bounds/MinDis/ta50_2a_alloc1_MinDis.dzn,OPTIMAL_SOLUTION,460.69419992901385,14,2437,MinDis_dcmp,0.112,459.481,minimize,0.648901,1221633,186.815,14,39,5485,39,0.0,0.63,630,1830,2400,101071,101071,1329360,226623088,604,3058,0,2435,1230,1131812513,331170,1200,0.0,333609
Chuffed Dcmp,jobshop,jobshop/jobshop_gini.mzn,jobshop/dzn/ta74_7a_alloc1.dzn:jobshop/generated_bounds/MinDis/ta74_7a_alloc1_MinDis.dzn,SATISFIED,1201.4424026664346,47,8131,MinDis_dcmp,0.384,1198.102,minimize,1.89921,1337670,1165.086,47,736,18249,736,0.0,3.16,2100,6100,8000,57405,57405,1491060,330187022,2019,10156,0,8129,4100,-1111262115,1465924,4000,0.0,1474057
Chuffed Dcmp,jobshop,jobshop/jobshop_gini.mzn,jobshop/dzn/ta39_3a_alloc1.dzn:jobshop/generated_bounds/MinDis/ta39_3a_alloc1_MinDis.dzn,SATISFIED,1200.5468907821923,3,1838,MinDis_dcmp,0.081,1199.454,minimize,0.544903,1068744,438.07,3,556,4131,556,0.0,0.94,480,1380,1800,741795,741795,1812177,474703287,457,2303,0,1836,930,-30036694,179552,900,0.0,181392
Chuffed Dcmp,jobshop,jobshop/jobshop_gini.mzn,jobshop/dzn/ta44_2a_alloc1.dzn:jobshop/generated_bounds/MinDis/ta44_2a_alloc1_MinDis.dzn,SATISFIED,1200.5949926190078,7,2435,MinDis_dcmp,0.111,1199.337,minimize,0.661551,1894525,707.333,7,41,5483,41,0.0,0.94,630,1830,2400,615145,615145,2514297,440203974,611,3054,0,2433,1230,1976373789,271888,1200,0.0,274325
Chuffed Dcmp,jobshop,jobshop/jobshop_gini.mzn,jobshop/dzn/ta79_6a_alloc1.dzn:jobshop/generated_bounds/MinDis/ta79_6a_alloc1_MinDis.dzn,SATISFIED,1201.5925885457546,134,8119,MinDis_dcmp,0.384,1198.097,minimize,1.908,1350165,976.633,134,241,18237,241,0.0,2.11,2100,6100,8000,58028,58028,1679895,289079516,2021,10138,0,8117,4100,-771813850,1895762,4000,0.0,1903883
Chuffed Dcmp,jobshop,jobshop/jobshop_gini.mzn,jobshop/dzn/ta56_3a_alloc1.dzn:jobshop/generated_bounds/MinDis/ta56_3a_alloc1_MinDis.dzn,OPTIMAL_SOLUTION,13.516735119745135,22,3055,MinDis_dcmp,0.14,12.176,minimize,0.769756,168526,12.161,22,0,6868,0,0.0,0.63,800,2300,3000,6850,6850,191947,5590599,765,3817,0,3053,1550,1681886290,250290,1500,0.0,253347
Chuffed Dcmp,jobshop,jobshop/jobshop_gini.mzn,jobshop/dzn/ta34_2a_alloc1.dzn:jobshop/generated_bounds/MinDis/ta34_2a_alloc1_MinDis.dzn,SATISFIED,1200.517876021564,4,1837,MinDis_dcmp,0.084,1199.483,minimize,0.51588,1630803,203.296,4,31,4130,31,0.0,0.94,480,1380,1800,897036,897036,2529952,425779426,461,2303,0,1835,930,2024533286,193630,900,0.0,195469
Chuffed Dcmp,jobshop,jobshop/jobshop_gini.mzn,jobshop/dzn/ta37_2a_alloc1.dzn:jobshop/generated_bounds/MinDis/ta37_2a_alloc1_MinDis.dzn,SATISFIED,1200.4795047771186,3,1837,MinDis_dcmp,0.084,1199.474,minimize,0.523561,2595347,259.702999,3,299,4130,299,0.0,0.63,480,1380,1800,1072005,1072005,3669079,411168441,461,2303,0,1835,930,932158620,164358,900,0.0,166197
Chuffed Dcmp,jobshop,jobshop/jobshop_gini.mzn,jobshop/dzn/ta36_2a_alloc1.dzn:jobshop/generated_bounds/MinDis/ta36_2a_alloc1_MinDis.dzn,SATISFIED,1200.497128020972,2,1837,MinDis_dcmp,0.082,1199.48,minimize,0.518663,2144513,801.313,2,198,4130,198,0.0,0.63,480,1380,1800,946272,946272,3091996,375260762,460,2303,0,1835,930,-1734434238,184627,900,0.0,186466
Chuffed Dcmp,jobshop,jobshop/jobshop_gini.mzn,jobshop/dzn/ta39_2a_alloc1.dzn:jobshop/generated_bounds/MinDis/ta39_2a_alloc1_MinDis.dzn,SATISFIED,1200.4974915869534,2,1833,MinDis_dcmp,0.079,1199.486,minimize,0.515099,1605825,74.689,2,1270,4126,1270,0.0,0.63,480,1380,1800,790880,790880,2397930,414653286,457,2295,0,1831,930,-1869052548,184795,900,0.0,186630
Chuffed Dcmp,jobshop,jobshop/jobshop_gini.mzn,jobshop/dzn/ta76_7a_alloc1.dzn:jobshop/generated_bounds/MinDis/ta76_7a_alloc1_MinDis.dzn,SATISFIED,1201.3506320677698,31,8131,MinDis_dcmp,0.383,1198.106,minimize,1.9106,1608425,335.439,31,1373,18249,1373,0.0,4.75,2100,6100,8000,67205,67205,1739562,329162898,2020,10156,0,8129,4100,2081804985,1110165,4000,0.0,1118298
Chuffed Dcmp,jobshop,jobshop/jobshop_gini.mzn,jobshop/dzn/ta57_4a_alloc1.dzn:jobshop/generated_bounds/MinDis/ta57_4a_alloc1_MinDis.dzn,SATISFIED,1200.6319663804024,7,3064,MinDis_dcmp,0.141,1199.227,minimize,0.770277,5772302,1.905,7,1302,6877,1302,0.0,0.94,800,2300,3000,1569875,1569875,7348198,196735537,764,3832,0,3062,1550,-1613035414,234698,1500,0.0,237764
Chuffed Dcmp,jobshop,jobshop/jobshop_gini.mzn,jobshop/dzn/ta80_8a_alloc1.dzn:jobshop/generated_bounds/MinDis/ta80_8a_alloc1_MinDis.dzn,SATISFIED,1201.3950420003384,20,8150,MinDis_dcmp,0.377,1198.084,minimize,1.92085,1437231,368.955,20,487,18268,487,0.0,2.11,2100,6100,8000,64649,64649,1543486,340677844,2016,10187,0,8148,4100,-203745435,1093201,4000,0.0,1101353
Chuffed Dcmp,jobshop,jobshop/jobshop_gini.mzn,jobshop/dzn/ta78_7a_alloc1.dzn:jobshop/generated_bounds/MinDis/ta78_7a_alloc1_MinDis.dzn,SATISFIED,1201.4025915432721,39,8133,MinDis_dcmp,0.383,1198.063,minimize,1.94286,1605725,822.366,39,480,18251,480,0.0,4.75,2100,6100,8000,66023,66023,1751722,343836116,2020,10160,0,8131,4100,-1609703712,1336043,4000,0.0,1344178
Chuffed Dcmp,jobshop,jobshop/jobshop_gini.mzn,jobshop/dzn/ta58_3a_alloc1.dzn:jobshop/generated_bounds/MinDis/ta58_3a_alloc1_MinDis.dzn,SATISFIED,1200.6301552597433,23,3062,MinDis_dcmp,0.139,1199.225,minimize,0.772126,2846837,20.558,23,60,6875,60,0.0,0.94,800,2300,3000,1129013,1129013,3993812,352866548,763,3831,0,3060,1550,-308195352,331746,1500,0.0,334810
Chuffed Dcmp,jobshop,jobshop/jobshop_gini.mzn,jobshop/dzn/ta67_3a_alloc1.dzn:jobshop/generated_bounds/MinDis/ta67_3a_alloc1_MinDis.dzn,OPTIMAL_SOLUTION,9.032391143962741,34,4055,MinDis_dcmp,0.185,7.306,minimize,1.04898,124721,7.298,34,0,9123,0,0.0,0.94,1050,3050,4000,5132,5132,163697,3829203,1010,5072,0,4053,2050,-447255395,281768,2000,0.0,285825
Chuffed Dcmp,jobshop,jobshop/jobshop_gini.mzn,jobshop/dzn/ta77_9a_alloc1.dzn:jobshop/generated_bounds/MinDis/ta77_9a_alloc1_MinDis.dzn,SATISFIED,1201.4390609357506,17,8172,MinDis_dcmp,0.388,1198.067,minimize,1.9385,1006062,352.221,17,769,18290,769,0.0,3.16,2100,6100,8000,42679,42679,1084355,261571955,2018,10223,0,8170,4100,2074303853,1102393,4000,0.0,1110567
Chuffed Dcmp,jobshop,jobshop/jobshop_gini.mzn,jobshop/dzn/ta74_8a_alloc1.dzn:jobshop/generated_bounds/MinDis/ta74_8a_alloc1_MinDis.dzn,SATISFIED,1201.4380108490586,15,8146,MinDis_dcmp,0.383,1198.106,minimize,1.89564,1332320,836.534,15,1062,18264,1062,0.0,4.75,2100,6100,8000,57656,57656,1421481,354477767,2019,10179,0,8144,4100,559066140,1142247,4000,0.0,1150395
